"DateEx","Location","Program","Observers","SongbirdNets","NonSongbirdNets","JTrap","OtherTrap","Heliogoland","VisibleMigration","CoverageCode"
5/16/2002 0:00:00,"MBO","PRE-F04",,,,,,0,,
5/1/2003 0:00:00,"MBO","PRE-F04",,,,,,0,,
5/6/2004 0:00:00,"MBO","PRE-F04",,9.00,0,0,0,,0,0.5
9/18/2004 0:00:00,"MBO","FMMP2004",7,0.00,0,0,0,0,0,2.5
9/19/2004 0:00:00,"MBO","FMMP2004",3.5,3.80,0,0,0,0,0,1.5
9/20/2004 0:00:00,"MBO","FMMP2004",0,0.00,0,0,0,0,0,1
9/21/2004 0:00:00,"MBO","FMMP2004",7.5,32.50,0,0,0,0,0,3.5
9/22/2004 0:00:00,"MBO","FMMP2004",12.5,60.40,0,0,0,0,0,4.5
9/23/2004 0:00:00,"MBO","FMMP2004",10,37.70,0,0,0,0,0,4
9/28/2004 0:00:00,"MBO","FMMP2004",0,0.00,0,0,0,0,0,1
9/28/2004 0:00:00,"MBO","OWLS2004",,15.00,,,,,,
9/29/2004 0:00:00,"MBO","FMMP2004",13.5,52.50,0,0,0,0,0,4.5
9/30/2004 0:00:00,"MBO","FMMP2004",14.5,63.00,0,0,0,0,0,4.5
10/1/2004 0:00:00,"MBO","FMMP2004",7.8,66.30,0,0,0,0,0,4
10/3/2004 0:00:00,"MBO","FMMP2004",5,66.50,0,0,0,0,0,2.5
10/3/2004 0:00:00,"MBO","OWLS2004",,10.00,,,,,,
10/4/2004 0:00:00,"MBO","FMMP2004",18,68.00,0,0,0,0,0,4.5
10/6/2004 0:00:00,"MBO","FMMP2004",8.5,41.30,0,0,0,0,0,3.5
10/6/2004 0:00:00,"MBO","OWLS2004",,20.00,,,,,,
10/7/2004 0:00:00,"MBO","FMMP2004",0,0.00,0,0,0,0,0,1
10/8/2004 0:00:00,"MBO","FMMP2004",11,51.50,0,0,0,0,0,3.5
10/9/2004 0:00:00,"MBO","FMMP2004",1,0.00,0,0,0,0,0,0.5
10/10/2004 0:00:00,"MBO","FMMP2004",2,65.70,0,0,0,0,0,2
10/10/2004 0:00:00,"MBO","OWLS2004",,15.00,,,,,,
10/11/2004 0:00:00,"MBO","FMMP2004",0,0.00,0,0,0,0,0,1
10/11/2004 0:00:00,"MBO","OWLS2004",,27.50,,,,,,
10/12/2004 0:00:00,"MBO","FMMP2004",15.8,43.00,0,0,0,0,0,4
10/12/2004 0:00:00,"MBO","OWLS2004",,22.50,,,,,,
10/13/2004 0:00:00,"MBO","FMMP2004",11,11.00,0,0,0,0,0,3.5
10/14/2004 0:00:00,"MBO","FMMP2004",8.3,31.50,0,0,0,0,0,3.5
10/15/2004 0:00:00,"MBO","FMMP2004",6.5,11.30,0,0,0,0,0,3
10/17/2004 0:00:00,"MBO","FMMP2004",0,0.00,0,0,0,0,0,1
10/18/2004 0:00:00,"MBO","FMMP2004",7,40.30,0,0,0,0,0,3.5
10/18/2004 0:00:00,"MBO","OWLS2004",,20.00,,,,,,
10/19/2004 0:00:00,"MBO","FMMP2004",3.5,0.00,0,0,0,0,0,2
10/19/2004 0:00:00,"MBO","OWLS2004",,20.00,,,,,,
10/20/2004 0:00:00,"MBO","FMMP2004",0,0.00,0,0,0,0,0,1
10/21/2004 0:00:00,"MBO","FMMP2004",0,0.00,0,0,0,0,0,1
10/22/2004 0:00:00,"MBO","FMMP2004",10,49.90,0,0,0,0,0,4
10/22/2004 0:00:00,"MBO","OWLS2004",,17.50,,,,,,
10/23/2004 0:00:00,"MBO","FMMP2004",11.8,50.70,0,0,0,0,0,4.5
10/24/2004 0:00:00,"MBO","OWLS2004",,18.80,,,,,,
10/25/2004 0:00:00,"MBO","FMMP2004",8,56.50,0,0,0,0,0,4
10/27/2004 0:00:00,"MBO","FMMP2004",0,0.00,0,0,0,0,0,1
10/27/2004 0:00:00,"MBO","OWLS2004",,22.50,,,,,,
10/29/2004 0:00:00,"MBO","FMMP2004",9.3,45.80,0,0,0,0,0,4
11/1/2004 0:00:00,"MBO","WINTER2004-05",0,7.50,0,0,0,,0,0
11/22/2004 0:00:00,"MBO","WINTER2004-05",0,16.00,0,0,0,,0,0
11/27/2004 0:00:00,"MBO","WINTER2004-05",0,12.00,0,0,0,,0,0
11/30/2004 0:00:00,"MBO","WINTER2004-05",0,12.00,0,0,0,,0,0
12/4/2004 0:00:00,"MBO","WINTER2004-05",0,12.00,0,0,0,,0,0
12/7/2004 0:00:00,"MBO","WINTER2004-05",0,0.00,0,0,0,,0,0
2/6/2005 0:00:00,"MBO","WINTER2004-05",0,7.00,0,0,0,,0,0
2/13/2005 0:00:00,"MBO","WINTER2004-05",0,1.00,0,0,0,,0,0
2/14/2005 0:00:00,"MBO","WINTER2004-05",0,5.00,0,0,0,,0,0
2/22/2005 0:00:00,"MBO","WINTER2004-05",,10.00,,,,0,,
3/5/2005 0:00:00,"MBO","WINTER2004-05",0,8.00,0,0,0,,0,0
3/15/2005 0:00:00,"MBO","WINTER2004-05",0,9.00,0,0,0,,0,0
3/20/2005 0:00:00,"MBO","WINTER2004-05",0,11.00,0,0,0,,0,0
3/25/2005 0:00:00,"MBO","WINTER2004-05",0,7.00,0,0,0,,0,0
4/5/2005 0:00:00,"MBO","SMMP2005",13.5,14.00,0,0,0,0,0,3.5
4/6/2005 0:00:00,"MBO","SMMP2005",0,0.00,0,0,0,0,0,1
4/7/2005 0:00:00,"MBO","SMMP2005",0,0.00,0,0,0,0,0,1
4/8/2005 0:00:00,"MBO","SMMP2005",0,0.00,0,0,0,0,0,1
4/9/2005 0:00:00,"MBO","SMMP2005",8.5,50.00,0,0,0,0,0,4
4/10/2005 0:00:00,"MBO","SMMP2005",7,51.30,0,0,0,0,0,4
4/11/2005 0:00:00,"MBO","SMMP2005",0,0.00,0,0,0,0,0,1
4/12/2005 0:00:00,"MBO","SMMP2005",11,61.30,0,0,0,0,0,4.5
4/13/2005 0:00:00,"MBO","SMMP2005",0,0.00,0,0,0,0,0,1
4/14/2005 0:00:00,"MBO","SMMP2005",0,0.00,0,0,0,0,0,1
4/15/2005 0:00:00,"MBO","SMMP2005",0,0.00,0,0,0,0,0,1
4/16/2005 0:00:00,"MBO","SMMP2005",0,0.00,0,0,0,0,0,1
4/17/2005 0:00:00,"MBO","SMMP2005",0,0.00,0,0,0,0,0,1
4/18/2005 0:00:00,"MBO","SMMP2005",11.5,66.00,0,0,0,0,0,4.5
4/19/2005 0:00:00,"MBO","SMMP2005",7.5,5.00,0,0,0,0,0,3
4/20/2005 0:00:00,"MBO","SMMP2005",13.5,26.00,0,0,0,0,0,4
4/21/2005 0:00:00,"MBO","SMMP2005",0,0.00,0,0,0,0,0,1
4/22/2005 0:00:00,"MBO","SMMP2005",0,0.00,0,0,0,0,0,1
4/24/2005 0:00:00,"MBO","SMMP2005",0,0.00,0,0,0,0,0,1
4/25/2005 0:00:00,"MBO","SMMP2005",0,0.00,0,0,0,0,0,1
4/26/2005 0:00:00,"MBO","SMMP2005",8.5,76.80,0,0,0,0,0,4.5
4/27/2005 0:00:00,"MBO","SMMP2005",0,0.00,0,0,0,0,0,1
4/28/2005 0:00:00,"MBO","SMMP2005",4,60.80,0,0,0,0,0,3.5
4/29/2005 0:00:00,"MBO","SMMP2005",0,0.00,0,0,0,0,0,1
4/30/2005 0:00:00,"MBO","SMMP2005",6.8,76.50,0,0,0,0,0,4.5
5/1/2005 0:00:00,"MBO","SMMP2005",0,0.00,0,0,0,0,0,1
5/2/2005 0:00:00,"MBO","SMMP2005",5.5,52.10,0,0,0,0,0,3.5
5/3/2005 0:00:00,"MBO","SMMP2005",0,0.00,0,0,0,0,0,1
5/4/2005 0:00:00,"MBO","SMMP2005",11.5,77.70,0,0,0,0,0,5
5/5/2005 0:00:00,"MBO","SMMP2005",0,0.00,0,0,0,0,0,1
5/6/2005 0:00:00,"MBO","SMMP2005",0,0.00,0,0,0,0,0,1
5/7/2005 0:00:00,"MBO","SMMP2005",7.8,81.00,0,0,0,0,0,4.5
5/8/2005 0:00:00,"MBO","SMMP2005",7.5,70.80,0,0,0,0,0,4
5/9/2005 0:00:00,"MBO","SMMP2005",0,0.00,0,0,0,0,0,1
5/10/2005 0:00:00,"MBO","SMMP2005",4,26.70,0,0,0,0,0,3
5/11/2005 0:00:00,"MBO","SMMP2005",3.5,14.50,0,0,0,0,0,2.5
5/12/2005 0:00:00,"MBO","SMMP2005",8.8,71.50,0,0,0,0,0,4
5/13/2005 0:00:00,"MBO","SMMP2005",0,0.00,0,0,0,0,0,1
5/14/2005 0:00:00,"MBO","SMMP2005",0,0.00,0,0,0,0,0,1
5/15/2005 0:00:00,"MBO","SMMP2005",0,0.00,0,0,0,0,0,1
5/16/2005 0:00:00,"MBO","SMMP2005",5,70.00,0,0,0,0,0,2.5
5/17/2005 0:00:00,"MBO","SMMP2005",13.5,70.50,0,0,0,0,0,4.5
5/18/2005 0:00:00,"MBO","SMMP2005",6,51.00,0,0,0,0,0,3
5/19/2005 0:00:00,"MBO","SMMP2005",0,0.00,0,0,0,0,0,1
5/20/2005 0:00:00,"MBO","SMMP2005",2,9.00,0,0,0,0,0,2
5/21/2005 0:00:00,"MBO","SMMP2005",5,74.20,0,0,0,0,0,3.5
5/22/2005 0:00:00,"MBO","SMMP2005",0,0.00,0,0,0,0,0,1
5/23/2005 0:00:00,"MBO","SMMP2005",0,0.00,0,0,0,0,0,1
5/24/2005 0:00:00,"MBO","SMMP2005",13,64.60,0,0,0,0,0,4.5
5/25/2005 0:00:00,"MBO","SMMP2005",11.5,82.30,0,0,0,0,0,5
5/26/2005 0:00:00,"MBO","SMMP2005",9,71.00,0,0,0,0,0,4.5
5/27/2005 0:00:00,"MBO","SMMP2005",15.5,63.80,0,0,0,0,0,4.5
5/28/2005 0:00:00,"MBO","SMMP2005",0,0.00,0,0,0,0,0,1
5/29/2005 0:00:00,"MBO","SMMP2005",0,0.00,0,0,0,0,0,1
5/30/2005 0:00:00,"MBO","SMMP2005",19,59.20,0,0,0,0,0,4.5
5/31/2005 0:00:00,"MBO","NEST2005",0,0.00,0,0,0,,0,0
5/31/2005 0:00:00,"MBO","SMMP2005",7.5,78.00,0,0,0,0,0,3.5
6/1/2005 0:00:00,"MBO","SMMP2005",0,0.00,0,0,0,0,0,1
6/2/2005 0:00:00,"MBO","SMMP2005",0.5,0.00,0,0,0,0,0,1.5
6/3/2005 0:00:00,"MBO","SMMP2005",0.5,0.00,0,0,0,0,0,1.5
6/4/2005 0:00:00,"MBO","SUMMER2005",0,0.00,0,0,0,,0,0
6/5/2005 0:00:00,"MBO","SUMMER2005",0,0.00,0,0,0,,0,0
6/6/2005 0:00:00,"VICT","PEFA",,0.00,,,,0,,
6/8/2005 0:00:00,"MBO","SUMMER2005",0,0.00,0,0,0,,0,0
6/9/2005 0:00:00,"MBO","SUMMER2005",0,0.00,0,0,0,,0,0
6/10/2005 0:00:00,"MBO","NEST2005",0,0.00,0,0,0,,0,0
6/10/2005 0:00:00,"MBO","SUMMER2005",0,0.00,0,0,0,,0,0
6/11/2005 0:00:00,"MBO","SUMMER2005",0,0.00,0,0,0,,0,0
6/12/2005 0:00:00,"MERC","PEFA",,0.00,,,,0,,
6/16/2005 0:00:00,"MBO","SUMMER2005",0,0.00,0,0,0,,0,0
6/18/2005 0:00:00,"MBO","SUMMER2005",0,0.00,0,0,0,,0,0
6/19/2005 0:00:00,"MBO","SUMMER2005",0,0.00,0,0,0,,0,0
6/22/2005 0:00:00,"MBO","SUMMER2005",0,0.00,0,0,0,,0,0
6/23/2005 0:00:00,"MBO","SUMMER2005",0,0.00,0,0,0,,0,0
6/25/2005 0:00:00,"MBO","SUMMER2005",0,0.00,0,0,0,,0,0
6/26/2005 0:00:00,"MBO","SUMMER2005",0,0.00,0,0,0,,0,0
6/28/2005 0:00:00,"MBO","SUMMER2005",0,0.00,0,0,0,,0,0
6/29/2005 0:00:00,"MBO","SUMMER2005",0,0.00,0,0,0,,0,0
6/30/2005 0:00:00,"JB","BANDINGDEMOS",,0.00,,,,0,,
6/30/2005 0:00:00,"MBO","SUMMER2005",0,0.00,0,0,0,,0,0
7/2/2005 0:00:00,"MBO","NEST2005",0,0.00,0,0,0,,0,0
7/2/2005 0:00:00,"MBO","SUMMER2005",0,18.00,0,0,0,,0,0
7/5/2005 0:00:00,"MBO","SUMMER2005",0,0.00,0,0,0,,0,0
7/6/2005 0:00:00,"MBO","SUMMER2005",0,0.00,0,0,0,,0,0
7/7/2005 0:00:00,"MBO","SUMMER2005",0,0.00,0,0,0,,0,0
7/9/2005 0:00:00,"MBO","SUMMER2005",0,0.00,0,0,0,,0,0
7/10/2005 0:00:00,"MBO","SUMMER2005",0,0.00,0,0,0,,0,0
7/12/2005 0:00:00,"MBO","SUMMER2005",0,0.00,0,0,0,,0,0
7/13/2005 0:00:00,"MBO","SUMMER2005",0,0.00,0,0,0,,0,0
7/14/2005 0:00:00,"JB","BANDINGDEMOS",,0.00,,,,0,,
7/19/2005 0:00:00,"MBO","SUMMER2005",0,0.00,0,0,0,,0,0
7/20/2005 0:00:00,"MBO","SUMMER2005",0,0.00,0,0,0,,0,0
7/21/2005 0:00:00,"MBO","SUMMER2005",0,0.00,0,0,0,,0,0
7/22/2005 0:00:00,"MBO","SUMMER2005",0,4.00,0,0,0,,0,0
7/23/2005 0:00:00,"MBO","SUMMER2005",0,0.00,0,0,0,,0,0
7/26/2005 0:00:00,"MBO","SUMMER2005",0,0.00,0,0,0,,0,0
7/28/2005 0:00:00,"JB","BANDINGDEMOS",,0.00,,,,0,,
7/28/2005 0:00:00,"MBO","SUMMER2005",0,0.00,0,0,0,,0,0
7/29/2005 0:00:00,"MBO","SUMMER2005",0,0.00,0,0,0,,0,0
7/30/2005 0:00:00,"MBO","SUMMER2005",0,12.00,0,0,0,,0,0
8/1/2005 0:00:00,"MBO","FMMP2005",3,7.00,0,0,0,0,0,2.5
8/2/2005 0:00:00,"MBO","FMMP2005",0,0.00,0,0,0,0,0,1
8/3/2005 0:00:00,"MBO","FMMP2005",6.4,24.50,0,0,0,0,0,3
8/4/2005 0:00:00,"MBO","FMMP2005",1,0.00,0,0,0,0,0,1.5
8/5/2005 0:00:00,"MBO","FMMP2005",0,0.00,0,0,0,0,0,1
8/6/2005 0:00:00,"MBO","FMMP2005",,40.00,,,,0,,2
8/7/2005 0:00:00,"MBO","FMMP2005",0,0.00,0,0,0,0,0,1
8/8/2005 0:00:00,"MBO","FMMP2005",4.5,25.00,0,0,0,0,0,3
8/9/2005 0:00:00,"MBO","FMMP2005",0,0.00,0,0,0,0,0,1
8/10/2005 0:00:00,"MBO","FMMP2005",5.5,29.50,0,0,0,0,0,3
8/11/2005 0:00:00,"JB","BANDINGDEMOS",,0.00,,,,0,,
8/11/2005 0:00:00,"MBO","FMMP2005",0,0.00,0,0,0,0,0,1
8/12/2005 0:00:00,"MBO","FMMP2005",5.8,37.80,0,0,0,0,0,3
8/13/2005 0:00:00,"MBO","FMMP2005",9.3,40.00,0,0,0,0,0,4
8/14/2005 0:00:00,"MBO","FMMP2005",0,0.00,0,0,0,0,0,1
8/15/2005 0:00:00,"MBO","FMMP2005",6,64.00,0,0,0,0,0,4
8/16/2005 0:00:00,"MBO","FMMP2005",0,0.00,0,0,0,0,0,1
8/17/2005 0:00:00,"MBO","FMMP2005",6.3,53.80,0,0,0,0,0,4
8/18/2005 0:00:00,"MBO","FMMP2005",0,0.00,0,0,0,0,0,1
8/19/2005 0:00:00,"MBO","FMMP2005",7.3,35.00,0,0,0,0,0,3.5
8/20/2005 0:00:00,"MBO","FMMP2005",0,0.00,0,0,0,0,0,1
8/21/2005 0:00:00,"MBO","FMMP2005",0,0.00,0,0,0,0,0,1
8/22/2005 0:00:00,"MBO","FMMP2005",4.5,54.50,0,0,0,0,0,2.5
8/23/2005 0:00:00,"MBO","FMMP2005",3,11.50,0,0,0,0,0,2.5
8/23/2005 0:00:00,"NICH","NICHOIR",,0.00,,,,0,,
8/24/2005 0:00:00,"MBO","FMMP2005",14,47.00,0,0,0,0,0,4
8/25/2005 0:00:00,"MBO","FMMP2005",0,0.00,0,0,0,0,0,1
8/26/2005 0:00:00,"MBO","FMMP2005",12,63.50,0,0,0,0,0,4.5
8/27/2005 0:00:00,"MBO","FMMP2005",12.8,69.10,0,0,0,0,0,4.5
8/28/2005 0:00:00,"MBO","FMMP2005",0,0.00,0,0,0,0,0,1
8/29/2005 0:00:00,"MBO","FMMP2005",11.3,66.00,0,0,0,0,0,4.5
8/30/2005 0:00:00,"MBO","FMMP2005",13.3,67.80,0,0,0,0,0,4.5
8/31/2005 0:00:00,"MBO","FMMP2005",0,0.00,0,0,0,0,0,1
9/1/2005 0:00:00,"MBO","FMMP2005",7,76.20,0,0,0,0,0,4.5
9/2/2005 0:00:00,"MBO","FMMP2005",10.5,75.00,0,0,0,0,0,5
9/3/2005 0:00:00,"MBO","FMMP2005",14.5,75.00,0,0,0,0,0,5
9/4/2005 0:00:00,"MBO","FMMP2005",12,75.00,0,0,0,0,0,5
9/5/2005 0:00:00,"MBO","FMMP2005",8,75.00,0,0,0,0,0,4.5
9/6/2005 0:00:00,"MBO","FMMP2005",12.5,75.00,0,0,0,0,0,5
9/7/2005 0:00:00,"MBO","FMMP2005",35,75.00,0,0,0,0,0,5
9/8/2005 0:00:00,"MBO","FMMP2005",8.3,38.00,0,0,0,0,0,3.5
9/9/2005 0:00:00,"MBO","FMMP2005",18.3,75.00,0,0,0,0,0,5
9/10/2005 0:00:00,"MBO","FMMP2005",10.5,68.50,0,0,0,0,0,4.5
9/11/2005 0:00:00,"MBO","FMMP2005",16,75.00,0,0,0,0,0,5
9/12/2005 0:00:00,"MBO","FMMP2005",4.8,75.00,0,0,0,0,0,4
9/13/2005 0:00:00,"MBO","FMMP2005",10,72.20,0,0,0,0,0,4.5
9/14/2005 0:00:00,"MBO","FMMP2005",7.3,75.00,0,0,0,0,0,4.5
9/15/2005 0:00:00,"MBO","FMMP2005",5.8,71.50,0,0,0,0,0,3.5
9/16/2005 0:00:00,"MBO","FMMP2005",8.5,75.00,0,0,0,0,0,4.5
9/17/2005 0:00:00,"MBO","FMMP2005",0,0.00,0,0,0,0,0,1
9/18/2005 0:00:00,"MBO","FMMP2005",12.8,75.30,0,0,0,0,0,5
9/19/2005 0:00:00,"MBO","FMMP2005",8,50.00,0,0,0,0,0,4
9/20/2005 0:00:00,"MBO","FMMP2005",9.8,35.50,0,0,0,0,0,4
9/21/2005 0:00:00,"MBO","FMMP2005",12.8,75.30,0,0,0,0,0,5
9/22/2005 0:00:00,"MBO","FMMP2005",11.8,63.30,0,0,0,0,0,4.5
9/23/2005 0:00:00,"MBO","FMMP2005",11,51.30,0,0,0,0,0,4.5
9/24/2005 0:00:00,"MBO","FMMP2005",11.8,78.00,0,0,0,0,0,5
9/24/2005 0:00:00,"MBO","OWLS2005",,24.00,,,,,,
9/25/2005 0:00:00,"MBO","FMMP2005",12.1,83.00,0,0,0,0,0,5
9/27/2005 0:00:00,"MBO","FMMP2005",9,84.00,0,0,0,0,0,5
9/28/2005 0:00:00,"MBO","FMMP2005",11.3,90.00,0,0,0,0,0,5
9/29/2005 0:00:00,"MBO","FMMP2005",0,0.00,0,0,0,0,0,1
9/30/2005 0:00:00,"MBO","FMMP2005",13,50.00,,,,0,,4.5
9/30/2005 0:00:00,"MBO","OWLS2005",,30.00,,,,,,
10/1/2005 0:00:00,"MBO","FMMP2005",15.9,82.00,0,0,0,0,0,5
10/2/2005 0:00:00,"MBO","FMMP2005",19.3,91.70,0,0,0,0,0,5
10/3/2005 0:00:00,"MBO","FMMP2005",8,72.20,0,0,0,0,0,4
10/4/2005 0:00:00,"MBO","FMMP2005",7.8,85.50,0,0,0,0,0,4.5
10/5/2005 0:00:00,"MBO","FMMP2005",13.3,76.30,0,0,0,0,0,5
10/6/2005 0:00:00,"MBO","FMMP2005",14,57.50,0,0,0,0,0,4.5
10/8/2005 0:00:00,"MBO","FMMP2005",13.3,50.00,0,0,0,0,0,4.5
10/8/2005 0:00:00,"MBO","OWLS2005",,25.30,,,,,,
10/9/2005 0:00:00,"MBO","FMMP2005",18,27.00,0,0,0,0,0,4
10/10/2005 0:00:00,"MBO","FMMP2005",7,40.30,0,0,0,0,0,3.5
10/11/2005 0:00:00,"MBO","FMMP2005",12,55.00,0,0,0,0,0,4.5
10/11/2005 0:00:00,"MBO","OWLS2005",,24.00,,,,,,
10/12/2005 0:00:00,"MBO","FMMP2005",14.8,35.00,0,0,0,0,0,4
10/12/2005 0:00:00,"MBO","OWLS2005",,24.00,,,,,,
10/13/2005 0:00:00,"MBO","FMMP2005",16,3.80,0,0,0,0,0,3.5
10/14/2005 0:00:00,"MBO","FMMP2005",7.3,0.00,0,0,0,0,0,2.5
10/15/2005 0:00:00,"MBO","FMMP2005",11.7,34.30,0,0,0,0,0,4
10/17/2005 0:00:00,"MBO","FMMP2005",0,0.00,0,0,0,0,0,1
10/18/2005 0:00:00,"MBO","FMMP2005",0,0.00,0,0,0,0,0,1
10/19/2005 0:00:00,"MBO","FMMP2005",9.3,9.50,0,0,0,0,0,3.5
10/20/2005 0:00:00,"MBO","FMMP2005",13,60.00,0,0,0,0,0,4.5
10/20/2005 0:00:00,"MBO","OWLS2005",,42.00,,,,,,
10/21/2005 0:00:00,"MBO","FMMP2005",13,61.00,0,0,0,0,0,4.5
10/21/2005 0:00:00,"MBO","OWLS2005",,24.00,,,,,,
10/22/2005 0:00:00,"MBO","FMMP2005",19.5,59.80,0,0,0,0,0,4.5
10/23/2005 0:00:00,"MBO","FMMP2005",7.5,0.00,0,0,0,0,0,2.5
10/24/2005 0:00:00,"MBO","FMMP2005",,35.00,,,,0,,2
10/25/2005 0:00:00,"MBO","FMMP2005",0,0.00,0,0,0,0,0,1
10/26/2005 0:00:00,"MBO","FMMP2005",2,0.00,0,0,0,0,0,1.5
10/27/2005 0:00:00,"MBO","FMMP2005",16.5,62.50,0,0,0,0,0,4.5
10/28/2005 0:00:00,"MBO","FMMP2005",13.8,65.60,0,0,0,0,0,4.5
10/28/2005 0:00:00,"MBO","OWLS2005",,37.30,,,,,,
10/29/2005 0:00:00,"MBO","FMMP2005",13.1,63.00,0,0,0,0,0,4.5
10/30/2005 0:00:00,"MBO","FMMP2005",16.5,55.00,0,0,0,0,0,4.5
10/31/2005 0:00:00,"MBO","WINTER2005-06",0,14.00,0,0,0,,0,0
11/2/2005 0:00:00,"MBO","WINTER2005-06",,12.00,,,,0,,
11/6/2005 0:00:00,"MBO","WINTER2005-06",0,0.00,0,0,0,,0,0
11/7/2005 0:00:00,"MBO","WINTER2005-06",0,0.00,0,0,0,,0,0
11/11/2005 0:00:00,"MBO","WINTER2005-06",0,12.00,0,0,0,,0,0
11/13/2005 0:00:00,"MBO","WINTER2005-06",0,0.00,0,0,0,,0,0
11/14/2005 0:00:00,"MBO","WINTER2005-06",0,0.00,0,0,0,,0,0
11/18/2005 0:00:00,"MBO","WINTER2005-06",0,5.00,0,0,0,,0,0
11/19/2005 0:00:00,"MBO","WINTER2005-06",0,0.00,0,0,0,,0,0
11/22/2005 0:00:00,"MBO","WINTER2005-06",0,0.00,0,0,0,,0,0
11/23/2005 0:00:00,"MBO","WINTER2005-06",0,0.00,0,0,0,,0,0
11/25/2005 0:00:00,"MBO","WINTER2005-06",0,0.00,0,0,0,,0,0
11/26/2005 0:00:00,"MBO","WINTER2005-06",0,8.50,0,0,0,,0,0
11/30/2005 0:00:00,"MBO","WINTER2005-06",0,0.00,0,0,0,,0,0
12/1/2005 0:00:00,"MBO","WINTER2005-06",0,12.00,0,0,0,,0,0
12/3/2005 0:00:00,"MBO","WINTER2005-06",0,0.00,0,0,0,,0,0
12/5/2005 0:00:00,"MBO","WINTER2005-06",0,0.00,0,0,0,,0,0
12/6/2005 0:00:00,"MBO","WINTER2005-06",0,0.00,0,0,0,,0,0
12/7/2005 0:00:00,"MBO","WINTER2005-06",0,0.00,0,0,0,,0,0
12/9/2005 0:00:00,"MBO","WINTER2005-06",0,0.00,0,0,0,,0,0
12/11/2005 0:00:00,"MBO","WINTER2005-06",0,3.00,0,0,0,,0,0
12/13/2005 0:00:00,"MBO","WINTER2005-06",0,0.00,0,0,0,,0,0
12/14/2005 0:00:00,"MBO","WINTER2005-06",0,0.00,0,0,0,,0,0
12/16/2005 0:00:00,"MBO","WINTER2005-06",0,0.00,0,0,0,,0,0
12/19/2005 0:00:00,"MBO","WINTER2005-06",0,0.00,0,0,0,,0,0
12/21/2005 0:00:00,"MBO","WINTER2005-06",0,0.00,0,0,0,,0,0
12/25/2005 0:00:00,"MBO","WINTER2005-06",0,0.00,0,0,0,,0,0
12/29/2005 0:00:00,"MBO","WINTER2005-06",0,0.00,0,0,0,,0,0
1/1/2006 0:00:00,"MBO","WINTER2005-06",0,0.00,0,0,0,,0,0
1/6/2006 0:00:00,"MBO","WINTER2005-06",0,0.00,0,0,0,,0,0
1/8/2006 0:00:00,"MBO","WINTER2005-06",0,0.00,0,0,0,,0,0
1/10/2006 0:00:00,"MBO","WINTER2005-06",0,0.00,0,0,0,,0,0
1/12/2006 0:00:00,"MBO","WINTER2005-06",0,12.00,0,0,0,,0,0
1/13/2006 0:00:00,"MBO","WINTER2005-06",0,4.00,0,0,0,,0,0
1/15/2006 0:00:00,"MBO","WINTER2005-06",0,0.00,0,0,0,,0,0
1/22/2006 0:00:00,"MBO","WINTER2005-06",0,0.00,0,0,0,,0,0
1/23/2006 0:00:00,"MBO","WINTER2005-06",0,7.00,0,0,0,,0,0
1/27/2006 0:00:00,"MBO","WINTER2005-06",0,0.00,0,0,0,,0,0
1/28/2006 0:00:00,"MBO","WINTER2005-06",0,11.00,0,0,0,,0,0
1/29/2006 0:00:00,"MBO","WINTER2005-06",0,8.00,0,0,0,,0,0
1/31/2006 0:00:00,"MBO","WINTER2005-06",0,0.00,0,0,0,,0,0
2/1/2006 0:00:00,"MBO","WINTER2005-06",0,11.00,0,0,0,,0,0
2/3/2006 0:00:00,"MBO","WINTER2005-06",0,0.00,0,0,0,,0,0
2/6/2006 0:00:00,"MBO","WINTER2005-06",0,0.00,0,0,0,,0,0
2/8/2006 0:00:00,"MBO","WINTER2005-06",0,0.00,0,0,0,,0,0
2/11/2006 0:00:00,"MBO","WINTER2005-06",0,0.00,0,0,0,,0,0
2/14/2006 0:00:00,"MBO","WINTER2005-06",0,0.00,0,0,0,,0,0
2/15/2006 0:00:00,"MBO","WINTER2005-06",0,12.00,0,0,0,,0,0
2/22/2006 0:00:00,"MBO","WINTER2005-06",0,0.00,0,0,0,,0,0
2/24/2006 0:00:00,"MBO","WINTER2005-06",0,0.00,0,0,0,,0,0
2/25/2006 0:00:00,"MBO","WINTER2005-06",0,0.00,0,0,0,,0,0
2/28/2006 0:00:00,"MBO","WINTER2005-06",0,0.00,0,0,0,,0,0
3/2/2006 0:00:00,"MBO","WINTER2005-06",0,0.00,0,0,0,,0,0
3/3/2006 0:00:00,"MBO","WINTER2005-06",0,0.00,0,0,0,,0,0
3/5/2006 0:00:00,"MBO","WINTER2005-06",0,0.00,0,0,0,,0,0
3/6/2006 0:00:00,"MBO","WINTER2005-06",0,0.00,0,0,0,,0,0
3/7/2006 0:00:00,"MBO","WINTER2005-06",0,10.00,0,0,0,,0,0
3/10/2006 0:00:00,"MBO","WINTER2005-06",0,0.00,0,0,0,,0,0
3/11/2006 0:00:00,"MBO","WINTER2005-06",0,7.00,0,0,0,,0,0
3/16/2006 0:00:00,"MBO","WINTER2005-06",0,0.00,0,0,0,,0,0
3/18/2006 0:00:00,"MBO","WINTER2005-06",0,0.00,0,0,0,,0,0
3/20/2006 0:00:00,"MBO","WINTER2005-06",0,0.00,0,0,0,,0,0
3/22/2006 0:00:00,"MBO","WINTER2005-06",0,7.00,0,0,0,,0,0
3/23/2006 0:00:00,"MBO","WINTER2005-06",0,8.00,0,0,0,,0,0
3/28/2006 0:00:00,"MBO","SMMP2006",6.3,0.00,0,0,0,0,0,1.5
3/29/2006 0:00:00,"MBO","SMMP2006",2.5,0.00,0,0,0,0,0,1.5
3/30/2006 0:00:00,"MBO","SMMP2006",9,0.00,0,0,0,0,0,2
3/31/2006 0:00:00,"MBO","SMMP2006",14,0.00,0,0,0,0,0,2
4/1/2006 0:00:00,"MBO","SMMP2006",1,0.00,0,0,0,0,0,0.5
4/2/2006 0:00:00,"MBO","SMMP2006",5.5,0.00,0,0,0,0,0,2
4/3/2006 0:00:00,"MBO","SMMP2006",1,0.00,0,0,0,0,0,0.5
4/5/2006 0:00:00,"MBO","SMMP2006",13,14.90,0,0,0,0,0,3.5
4/6/2006 0:00:00,"MBO","SMMP2006",7.3,45.00,0,0,0,0,0,3.5
4/7/2006 0:00:00,"MBO","SMMP2006",7.3,22.60,0,0,0,0,0,3
4/8/2006 0:00:00,"MBO","SMMP2006",8,10.50,0,0,0,0,0,3
4/9/2006 0:00:00,"MBO","SMMP2006",17.5,36.00,0,0,0,0,0,4
4/10/2006 0:00:00,"MBO","SMMP2006",9.5,40.00,0,0,0,0,0,4
4/11/2006 0:00:00,"MBO","SMMP2006",14.5,57.00,0,0,0,0,0,4.5
4/12/2006 0:00:00,"MBO","NEST2006",0,0.00,0,0,0,,0,0
4/12/2006 0:00:00,"MBO","SMMP2006",14,60.00,0,0,0,0,0,4.5
4/13/2006 0:00:00,"MBO","SMMP2006",7.3,2.30,0,0,0,0,0,3
4/14/2006 0:00:00,"MBO","SMMP2006",37,54.60,0,0,0,0,0,4.5
4/15/2006 0:00:00,"MBO","NEST2006",0,0.00,0,0,0,,0,0
4/15/2006 0:00:00,"MBO","SMMP2006",9.3,48.00,0,0,0,0,0,4
4/16/2006 0:00:00,"MBO","SMMP2006",10.3,32.00,0,0,0,0,0,4
4/17/2006 0:00:00,"MBO","SMMP2006",6.5,60.00,0,0,0,0,0,4
4/18/2006 0:00:00,"MBO","NEST2006",0,0.00,0,0,0,,0,0
4/18/2006 0:00:00,"MBO","SMMP2006",16.5,60.00,0,0,0,0,0,4.5
4/19/2006 0:00:00,"MBO","SMMP2006",9.3,60.00,0,0,0,0,0,4.5
4/20/2006 0:00:00,"MBO","NEST2006",0,0.00,0,0,0,,0,0
4/20/2006 0:00:00,"MBO","SMMP2006",13,60.00,0,0,0,0,0,4.5
4/21/2006 0:00:00,"MBO","SMMP2006",12.8,60.00,0,0,0,0,0,4.5
4/22/2006 0:00:00,"MBO","SMMP2006",20.8,59.00,0,0,0,0,0,4.5
4/23/2006 0:00:00,"MBO","SMMP2006",1,0.00,0,0,0,0,0,1.5
4/24/2006 0:00:00,"MBO","SMMP2006",14.3,54.00,0,0,0,0,0,4.5
4/25/2006 0:00:00,"MBO","SMMP2006",10,31.00,0,0,0,0,0,4
4/26/2006 0:00:00,"MBO","SMMP2006",19.8,50.00,0,0,0,0,0,4.5
4/27/2006 0:00:00,"MBO","SMMP2006",12.3,33.90,0,0,0,0,0,4
4/28/2006 0:00:00,"MBO","SMMP2006",13.5,60.00,0,0,0,0,0,4.5
4/29/2006 0:00:00,"MBO","SMMP2006",9,60.00,0,0,0,0,0,4.5
4/30/2006 0:00:00,"MBO","SMMP2006",13.8,72.00,0,0,0,0,0,4.5
5/1/2006 0:00:00,"MBO","SMMP2006",15,80.00,0,0,0,0,0,5
5/2/2006 0:00:00,"MBO","SMMP2006",14,65.00,0,0,0,0,0,4.5
5/3/2006 0:00:00,"MBO","SMMP2006",11,69.00,0,0,0,0,0,4.5
5/4/2006 0:00:00,"MBO","SMMP2006",12,45.90,0,0,0,0,0,4
5/5/2006 0:00:00,"MBO","SMMP2006",22,80.00,0,0,0,0,0,5
5/6/2006 0:00:00,"MBO","SMMP2006",11,64.00,0,0,0,0,0,4.5
5/7/2006 0:00:00,"MBO","SMMP2006",19.5,70.00,0,0,0,0,0,4.5
5/8/2006 0:00:00,"MBO","SMMP2006",10,70.00,0,0,0,0,0,4.5
5/9/2006 0:00:00,"MBO","SMMP2006",13.5,70.00,0,0,0,0,0,4.5
5/10/2006 0:00:00,"MBO","SMMP2006",11.5,65.00,0,0,0,0,0,4.5
5/11/2006 0:00:00,"MBO","SMMP2006",16.4,62.00,0,0,0,0,0,4.5
5/12/2006 0:00:00,"MBO","SMMP2006",12.8,32.90,0,0,0,0,0,4
5/13/2006 0:00:00,"MBO","SMMP2006",9.5,8.00,0,0,0,0,0,3.5
5/14/2006 0:00:00,"MBO","SMMP2006",7.5,41.50,0,0,0,0,0,3.5
5/15/2006 0:00:00,"MBO","SMMP2006",9.8,16.00,0,0,0,0,0,3.5
5/16/2006 0:00:00,"MBO","SMMP2006",17.3,70.00,0,0,0,0,0,4.5
5/17/2006 0:00:00,"MBO","SMMP2006",9.3,25.00,0,0,0,0,0,4
5/18/2006 0:00:00,"MBO","SMMP2006",9.5,9.30,0,0,0,0,0,3.5
5/19/2006 0:00:00,"MBO","SMMP2006",9.3,22.50,0,0,0,0,0,3.5
5/20/2006 0:00:00,"MBO","SMMP2006",9,0.00,0,0,0,0,0,3
5/21/2006 0:00:00,"MBO","SMMP2006",9.8,59.50,0,0,0,0,0,4.5
5/22/2006 0:00:00,"MBO","SMMP2006",8,50.00,0,0,0,0,0,4
5/23/2006 0:00:00,"MBO","NEST2006",0,0.00,0,0,0,,0,0
5/23/2006 0:00:00,"MBO","SMMP2006",13.5,49.50,0,0,0,0,0,4
5/24/2006 0:00:00,"BAA","BOBO",,0.00,,,,0,,
5/24/2006 0:00:00,"MBO","SMMP2006",9.3,70.30,0,0,0,0,0,4.5
5/25/2006 0:00:00,"MBO","SMMP2006",15,80.00,0,0,0,0,0,5
5/26/2006 0:00:00,"MBO","SMMP2006",7.3,63.00,0,0,0,0,0,4
5/27/2006 0:00:00,"MBO","SMMP2006",9.5,70.00,0,0,0,0,0,4.5
5/28/2006 0:00:00,"MBO","SMMP2006",13.5,70.00,0,0,0,0,0,4.5
5/29/2006 0:00:00,"MBO","SMMP2006",6.3,81.00,0,0,0,0,0,4.5
5/30/2006 0:00:00,"BRY","BOBO",,0.00,,,,0,,
5/30/2006 0:00:00,"MBO","SMMP2006",10.5,63.00,0,0,0,0,0,4.5
5/31/2006 0:00:00,"MBO","NEST2006",0,0.00,0,0,0,,0,0
5/31/2006 0:00:00,"MBO","SMMP2006",10,70.00,0,0,0,0,0,4.5
6/1/2006 0:00:00,"MBO","SMMP2006",4,0.00,0,0,0,0,0,2
6/2/2006 0:00:00,"MBO","SMMP2006",8.8,56.00,0,0,0,0,0,4
6/3/2006 0:00:00,"MBO","NEST2006",0,0.00,0,0,0,,0,0
6/3/2006 0:00:00,"MBO","SMMP2006",4,20.90,0,0,0,0,0,2.5
6/4/2006 0:00:00,"MBO","SMMP2006",1,0.00,0,0,0,0,0,1.5
6/4/2006 0:00:00,"TSCO","NEST2006",,0.00,,,,0,,
6/5/2006 0:00:00,"MBO","SMMP2006",1,0.00,0,0,0,0,0,1.5
6/5/2006 0:00:00,"TSWI","NEST2006",,0.00,,,,0,,
6/6/2006 0:00:00,"TSDN","NEST2006",,0.00,,,,0,,
6/6/2006 0:00:00,"TSMB","NEST2006",,0.00,,,,0,,
6/7/2006 0:00:00,"TSWI","NEST2006",,0.00,,,,0,,
6/9/2006 0:00:00,"MBO","SUMMER2006",0,0.00,0,0,0,,0,0
6/10/2006 0:00:00,"MBO","SUMMER2006",0,0.00,0,0,0,,0,0
6/12/2006 0:00:00,"MBO","SUMMER2006",0,0.00,0,0,0,,0,0
6/14/2006 0:00:00,"BRY","BOBO",,0.00,,,,0,,
6/15/2006 0:00:00,"BS3","BOBO",,0.00,,,,0,,
6/15/2006 0:00:00,"MBO","NEST2006",0,0.00,0,0,0,,0,0
6/15/2006 0:00:00,"MBO","SUMMER2006",0,0.00,0,0,0,,0,0
6/16/2006 0:00:00,"MBO","SUMMER2006",0,0.00,0,0,0,,0,0
6/17/2006 0:00:00,"BAA","BOBO",,0.00,,,,0,,
6/18/2006 0:00:00,"BS3","BOBO",,0.00,,,,0,,
6/19/2006 0:00:00,"MBO","SUMMER2006",0,0.00,0,0,0,,0,0
6/21/2006 0:00:00,"BAA","BOBO",,0.00,,,,0,,
6/22/2006 0:00:00,"BRY","BOBO",,0.00,,,,0,,
6/23/2006 0:00:00,"BS3","BOBO",,0.00,,,,0,,
6/23/2006 0:00:00,"MBO","SUMMER2006",0,0.00,0,0,0,,0,0
6/24/2006 0:00:00,"BAA","BOBO",,0.00,,,,0,,
6/24/2006 0:00:00,"MBO","SUMMER2006",0,0.00,0,0,0,,0,0
6/26/2006 0:00:00,"BAA","BOBO",,0.00,,,,0,,
6/26/2006 0:00:00,"MBO","SUMMER2006",0,0.00,0,0,0,,0,0
6/30/2006 0:00:00,"MBO","SUMMER2006",0,0.00,0,0,0,,0,0
7/2/2006 0:00:00,"MBO","SUMMER2006",0,0.00,0,0,0,,0,0
7/7/2006 0:00:00,"MBO","SUMMER2006",0,0.00,0,0,0,,0,0
7/10/2006 0:00:00,"MBO","SUMMER2006",0,0.00,0,0,0,,0,0
7/14/2006 0:00:00,"MBO","SUMMER2006",0,0.00,0,0,0,,0,0
7/17/2006 0:00:00,"MBO","SUMMER2006",0,0.00,0,0,0,,0,0
7/19/2006 0:00:00,"MBO","SUMMER2006",0,0.00,0,0,0,,0,0
7/21/2006 0:00:00,"MBO","SUMMER2006",0,0.00,0,0,0,,0,0
7/24/2006 0:00:00,"MBO","SUMMER2006",0,16.00,0,0,0,,0,0
7/26/2006 0:00:00,"MBO","SUMMER2006",0,27.60,0,0,0,,0,0
7/27/2006 0:00:00,"MBO","SUMMER2006",0,0.00,0,0,0,,0,0
7/28/2006 0:00:00,"MBO","SUMMER2006",0,13.40,0,0,0,,0,0
7/29/2006 0:00:00,"MBO","SUMMER2006",0,21.40,0,0,0,,0,0
8/1/2006 0:00:00,"MBO","FMMP2006",17,65.50,0,0,0,0,0,4.5
8/2/2006 0:00:00,"MBO","FMMP2006",11.5,62.90,0,0,0,0,0,4.5
8/3/2006 0:00:00,"MBO","FMMP2006",9.5,28.80,0,0,0,0,0,4
8/4/2006 0:00:00,"MBO","FMMP2006",10,68.30,0,0,0,0,0,4.5
8/5/2006 0:00:00,"MBO","FMMP2006",9,56.00,0,0,0,0,0,4.5
8/6/2006 0:00:00,"MBO","FMMP2006",10,68.50,0,0,0,0,0,4.5
8/7/2006 0:00:00,"MBO","FMMP2006",11.8,70.00,0,0,0,0,0,4.5
8/8/2006 0:00:00,"MBO","FMMP2006",6.3,50.00,0,0,0,0,0,4
8/9/2006 0:00:00,"MBO","FMMP2006",10.3,73.50,0,0,0,0,0,4.5
8/10/2006 0:00:00,"MBO","FMMP2006",7.8,50.00,0,0,0,0,0,4
8/11/2006 0:00:00,"MBO","FMMP2006",5.5,50.00,0,0,0,0,0,3.5
8/12/2006 0:00:00,"MBO","FMMP2006",11,83.00,,,,0,,5
8/13/2006 0:00:00,"MBO","FMMP2006",9,50.00,0,0,0,0,0,4.5
8/14/2006 0:00:00,"MBO","FMMP2006",5.5,70.00,0,0,0,0,0,3.5
8/15/2006 0:00:00,"MBO","FMMP2006",11.5,75.00,0,0,0,0,0,5
8/16/2006 0:00:00,"MBO","FMMP2006",8,50.00,0,0,0,0,0,4
8/17/2006 0:00:00,"MBO","FMMP2006",8.4,72.00,0,0,0,0,0,4
8/18/2006 0:00:00,"MBO","FMMP2006",9.8,47.50,0,0,0,0,0,4
8/19/2006 0:00:00,"MBO","FMMP2006",4.5,38.00,,,,0,,3
8/20/2006 0:00:00,"MBO","FMMP2006",5,35.90,0,0,0,0,0,3
8/21/2006 0:00:00,"MBO","FMMP2006",7.5,72.50,0,0,0,0,0,4
8/22/2006 0:00:00,"MBO","FMMP2006",8.5,73.80,0,0,0,0,0,4
8/23/2006 0:00:00,"MBO","FMMP2006",9,75.00,0,0,0,0,0,5
8/24/2006 0:00:00,"MBO","FMMP2006",10.4,75.00,,,,0,,5
8/25/2006 0:00:00,"MBO","FMMP2006",8,55.00,0,0,0,0,0,4
8/26/2006 0:00:00,"MBO","FMMP2006",9,55.00,,,,0,,4.5
8/27/2006 0:00:00,"MBO","FMMP2006",2.5,4.10,0,0,0,0,0,2
8/28/2006 0:00:00,"MBO","FMMP2006",4.8,75.00,0,0,0,0,0,4
8/29/2006 0:00:00,"MBO","FMMP2006",12.3,75.50,0,0,0,0,0,5
8/30/2006 0:00:00,"MBO","FMMP2006",8.4,55.00,0,0,0,0,0,4
8/31/2006 0:00:00,"MBO","FMMP2006",6.1,55.00,0,0,0,0,0,4
9/1/2006 0:00:00,"MBO","FMMP2006",8.8,55.00,0,0,0,0,0,4
9/2/2006 0:00:00,"MBO","FMMP2006",8.5,55.00,,,,0,,4
9/3/2006 0:00:00,"MBO","FMMP2006",1.5,0.00,0,0,0,0,0,1.5
9/4/2006 0:00:00,"MBO","FMMP2006",8,48.30,0,0,0,0,0,3.5
9/5/2006 0:00:00,"MBO","FMMP2006",12.3,83.40,0,0,0,0,0,5
9/6/2006 0:00:00,"MBO","FMMP2006",11.3,97.50,0,0,0,0,0,5
9/7/2006 0:00:00,"MBO","FMMP2006",13.8,75.00,0,0,0,0,0,5
9/8/2006 0:00:00,"MBO","FMMP2006",9.3,55.00,0,0,0,0,0,4.5
9/9/2006 0:00:00,"MBO","FMMP2006",11.5,37.30,0,0,0,0,0,4
9/10/2006 0:00:00,"MBO","FMMP2006",9.3,75.00,0,0,0,0,0,5
9/10/2006 0:00:00,"NICH","NICHOIR",,0.00,,,,0,,
9/11/2006 0:00:00,"MBO","FMMP2006",11,75.00,0,0,0,0,0,5
9/12/2006 0:00:00,"MBO","FMMP2006",13.8,75.00,0,0,0,0,0,5
9/13/2006 0:00:00,"MBO","FMMP2006",13.3,74.80,0,0,0,0,0,4.5
9/14/2006 0:00:00,"MBO","FMMP2006",7.3,12.00,0,0,0,0,0,3
9/15/2006 0:00:00,"MBO","FMMP2006",16,50.30,0,0,0,0,0,4.5
9/16/2006 0:00:00,"MBO","FMMP2006",6.5,55.00,0,0,0,0,0,4
9/17/2006 0:00:00,"MBO","FMMP2006",7,55.00,0,0,0,0,0,4
9/18/2006 0:00:00,"MBO","FMMP2006",6,55.80,0,0,0,0,0,4
9/19/2006 0:00:00,"MBO","FMMP2006",3,0.00,0,0,0,0,0,2
9/20/2006 0:00:00,"MBO","FMMP2006",3.5,36.50,0,0,0,0,0,3
9/21/2006 0:00:00,"MBO","FMMP2006",14.3,75.00,0,0,0,0,0,5
9/22/2006 0:00:00,"MBO","FMMP2006",6,40.40,0,0,0,0,0,3.5
9/23/2006 0:00:00,"MBO","FMMP2006",7.3,0.00,0,0,0,0,0,2.5
9/24/2006 0:00:00,"MBO","FMMP2006",3.3,15.50,0,0,0,0,0,2.5
9/25/2006 0:00:00,"MBO","FMMP2006",2.5,8.00,0,0,0,0,0,2
9/26/2006 0:00:00,"MBO","FMMP2006",3.8,19.50,0,0,0,0,0,2.5
9/27/2006 0:00:00,"MBO","FMMP2006",4.8,36.40,0,0,0,0,0,3
9/28/2006 0:00:00,"MBO","FMMP2006",3.3,31.00,0,0,0,0,0,3
9/29/2006 0:00:00,"MBO","FMMP2006",6,0.00,0,0,0,0,0,2.5
9/30/2006 0:00:00,"MBO","FMMP2006",9.5,77.90,0,0,0,0,0,5
10/1/2006 0:00:00,"MBO","FMMP2006",4.3,0.50,0,0,0,0,0,2
10/2/2006 0:00:00,"MBO","FMMP2006",2.5,43.60,0,0,0,0,0,2.5
10/3/2006 0:00:00,"MBO","FMMP2006",3.3,1.80,0,0,0,0,0,2.5
10/4/2006 0:00:00,"MBO","FMMP2006",3.8,27.50,0,0,0,0,0,3
10/5/2006 0:00:00,"MBO","FMMP2006",7.3,50.00,0,0,0,0,0,4
10/6/2006 0:00:00,"MBO","FMMP2006",4.8,50.00,0,0,0,0,0,3.5
10/7/2006 0:00:00,"MBO","FMMP2006",6,60.00,0,0,0,0,0,4
10/8/2006 0:00:00,"MBO","FMMP2006",7.5,68.00,0,0,0,0,0,4
10/9/2006 0:00:00,"MBO","FMMP2006",16.5,76.00,0,0,0,0,0,5
10/10/2006 0:00:00,"MBO","FMMP2006",14,64.00,0,0,0,0,0,4.5
10/11/2006 0:00:00,"MBO","FMMP2006",5.5,4.10,0,0,0,0,0,2.5
10/12/2006 0:00:00,"MBO","FMMP2006",7.5,17.30,0,0,0,0,0,3
10/13/2006 0:00:00,"MBO","FMMP2006",16.8,53.00,0,0,0,0,0,4.5
10/14/2006 0:00:00,"MBO","FMMP2006",4.3,60.00,0,0,0,0,0,3.5
10/15/2006 0:00:00,"MBO","FMMP2006",11.3,57.00,0,0,0,0,0,4.5
10/16/2006 0:00:00,"MBO","FMMP2006",7.3,55.00,0,0,0,0,0,4
10/17/2006 0:00:00,"MBO","FMMP2006",9,74.50,0,0,0,0,0,4.5
10/18/2006 0:00:00,"MBO","FMMP2006",9.5,2.00,0,0,0,0,0,3.5
10/19/2006 0:00:00,"MBO","FMMP2006",8.5,48.00,0,0,0,0,0,3.5
10/20/2006 0:00:00,"MBO","FMMP2006",8.5,71.00,0,0,0,0,0,4
10/21/2006 0:00:00,"MBO","FMMP2006",7,47.80,0,0,0,0,0,3.5
10/22/2006 0:00:00,"MBO","FMMP2006",7.8,75.00,0,0,0,0,0,4.5
10/23/2006 0:00:00,"MBO","FMMP2006",5.5,0.00,0,0,0,0,0,2
10/24/2006 0:00:00,"MBO","FMMP2006",10,3.30,0,0,0,0,0,3.5
10/25/2006 0:00:00,"MBO","FMMP2006",10.5,14.00,0,0,0,0,0,3.5
10/26/2006 0:00:00,"MBO","FMMP2006",7.8,71.00,0,0,0,0,0,4
10/27/2006 0:00:00,"MBO","FMMP2006",10.8,80.00,0,0,0,0,0,5
10/28/2006 0:00:00,"MBO","FMMP2006",2.5,0.00,0,0,0,0,0,1.5
10/29/2006 0:00:00,"MBO","FMMP2006",3.5,0.00,0,0,0,0,0,2
10/30/2006 0:00:00,"MBO","FMMP2006",13.8,38.30,0,0,0,0,0,4
10/31/2006 0:00:00,"MBO","WINTER2006-07",0,0.00,0,0,0,,0,0
11/1/2006 0:00:00,"MBO","WINTER2006-07",0,0.00,0,0,0,,0,0
11/2/2006 0:00:00,"MBO","WINTER2006-07",0,0.00,0,0,0,,0,0
11/3/2006 0:00:00,"MBO","WINTER2006-07",0,0.00,0,0,0,,0,0
11/4/2006 0:00:00,"MBO","WINTER2006-07",0,0.00,0,0,0,,0,0
11/5/2006 0:00:00,"MBO","WINTER2006-07",0,0.00,0,0,0,,0,0
11/7/2006 0:00:00,"MBO","WINTER2006-07",0,0.00,0,0,0,,0,0
11/9/2006 0:00:00,"MBO","WINTER2006-07",0,0.00,0,0,0,,0,0
11/10/2006 0:00:00,"MBO","WINTER2006-07",0,0.00,0,0,0,,0,0
11/14/2006 0:00:00,"MBO","WINTER2006-07",0,0.00,0,0,0,,0,0
11/17/2006 0:00:00,"MBO","WINTER2006-07",0,0.00,0,0,0,,0,0
11/18/2006 0:00:00,"MBO","WINTER2006-07",0,0.00,0,0,0,,0,0
11/19/2006 0:00:00,"MBO","WINTER2006-07",0,12.00,0,0,0,,0,0
11/22/2006 0:00:00,"MBO","WINTER2006-07",0,11.00,0,0,0,,0,0
11/23/2006 0:00:00,"MBO","WINTER2006-07",0,0.00,0,0,0,,0,0
11/26/2006 0:00:00,"MBO","WINTER2006-07",0,12.00,0,0,0,,0,0
11/30/2006 0:00:00,"MBO","WINTER2006-07",0,0.00,0,0,0,,0,0
12/4/2006 0:00:00,"MBO","WINTER2006-07",0,0.00,0,0,0,,0,0
12/9/2006 0:00:00,"MBO","WINTER2006-07",0,0.00,0,0,0,,0,0
12/10/2006 0:00:00,"MBO","WINTER2006-07",0,11.00,0,0,0,,0,0
12/13/2006 0:00:00,"MBO","WINTER2006-07",0,0.00,0,0,0,,0,0
12/14/2006 0:00:00,"MBO","WINTER2006-07",0,12.00,0,0,0,,0,0
12/15/2006 0:00:00,"MBO","WINTER2006-07",0,8.00,0,0,0,,0,0
12/31/2006 0:00:00,"MBO","WINTER2006-07",0,0.00,0,0,0,,0,0
1/3/2007 0:00:00,"MBO","WINTER2006-07",0,5.00,0,0,0,,0,0
1/7/2007 0:00:00,"MBO","WINTER2006-07",0,10.00,0,0,0,,0,0
1/11/2007 0:00:00,"MBO","WINTER2006-07",0,0.00,0,0,0,,0,0
1/16/2007 0:00:00,"MBO","WINTER2006-07",0,0.00,0,0,0,,0,0
1/19/2007 0:00:00,"MBO","WINTER2006-07",0,0.00,0,0,0,,0,0
1/28/2007 0:00:00,"MBO","WINTER2006-07",0,0.00,0,0,0,,0,0
2/2/2007 0:00:00,"MBO","WINTER2006-07",0,0.00,0,0,0,,0,0
2/7/2007 0:00:00,"MBO","WINTER2006-07",0,0.00,0,0,0,,0,0
2/12/2007 0:00:00,"MBO","WINTER2006-07",0,0.00,0,0,0,,0,0
2/19/2007 0:00:00,"MBO","WINTER2006-07",0,0.00,0,0,0,,0,0
2/22/2007 0:00:00,"MBO","WINTER2006-07",0,0.00,0,0,0,,0,0
2/26/2007 0:00:00,"MBO","WINTER2006-07",0,0.00,0,0,0,,0,0
3/3/2007 0:00:00,"MBO","WINTER2006-07",0,0.00,0,0,0,,0,0
3/4/2007 0:00:00,"MBO","WINTER2006-07",0,4.00,0,0,0,,0,0
3/5/2007 0:00:00,"MBO","WINTER2006-07",0,0.00,0,0,0,,0,0
3/11/2007 0:00:00,"MBO","WINTER2006-07",0,0.00,0,0,0,,0,0
3/12/2007 0:00:00,"MBO","WINTER2006-07",0,6.00,0,0,0,,0,0
3/16/2007 0:00:00,"MBO","WINTER2006-07",0,0.00,0,0,0,,0,0
3/19/2007 0:00:00,"MBO","WINTER2006-07",0,0.00,0,0,0,,0,0
3/23/2007 0:00:00,"MBO","WINTER2006-07",0,0.00,0,0,0,,0,0
3/25/2007 0:00:00,"MBO","WINTER2006-07",0,12.00,0,0,0,,0,0
3/28/2007 0:00:00,"MBO","SMMP2007",0,0.00,0,0,0,0,0,1
3/29/2007 0:00:00,"MBO","SMMP2007",0,0.00,0,0,0,0,0,1
3/30/2007 0:00:00,"MBO","SMMP2007",0,0.00,0,0,0,0,0,1
3/31/2007 0:00:00,"MBO","SMMP2007",0.1,0.00,0,0,0,0,0,1
4/1/2007 0:00:00,"MBO","SMMP2007",0,0.00,0,0,0,0,0,1
4/2/2007 0:00:00,"MBO","SMMP2007",0.2,0.00,0,0,0,0,0,1
4/3/2007 0:00:00,"MBO","SMMP2007",0,0.00,0,0,0,0,0,1
4/4/2007 0:00:00,"MBO","SMMP2007",0,0.00,0,0,0,0,0,1
4/5/2007 0:00:00,"MBO","SMMP2007",0,0.00,0,0,0,0,0,1
4/6/2007 0:00:00,"MBO","SMMP2007",0,0.00,0,0,0,0,0,1
4/7/2007 0:00:00,"MBO","SMMP2007",0,0.00,0,0,0,0,0,1
4/8/2007 0:00:00,"MBO","SMMP2007",0,0.00,0,0,0,0,0,1
4/9/2007 0:00:00,"MBO","SMMP2007",14,0.00,0,0,0,0,0,3
4/10/2007 0:00:00,"MBO","SMMP2007",8,0.00,0,0,0,0,0,2.5
4/11/2007 0:00:00,"MBO","SMMP2007",0,0.00,0,0,0,0,0,1
4/12/2007 0:00:00,"MBO","SMMP2007",1.5,0.00,0,0,0,0,0,1.5
4/13/2007 0:00:00,"MBO","SMMP2007",0,0.00,0,0,0,0,0,1
4/14/2007 0:00:00,"MBO","SMMP2007",0,0.00,0,0,0,0,0,1
4/15/2007 0:00:00,"MBO","SMMP2007",0,0.00,0,0,0,0,0,1
4/16/2007 0:00:00,"MBO","SMMP2007",0,0.00,0,0,0,0,0,1
4/17/2007 0:00:00,"MBO","SMMP2007",0,0.00,0,0,0,0,0,1
4/18/2007 0:00:00,"MBO","SMMP2007",16,39.50,0,0,0,0,0,4
4/19/2007 0:00:00,"MBO","SMMP2007",16.2,74.00,0,0,0,0,0,4.5
4/20/2007 0:00:00,"MBO","SMMP2007",10,75.00,0,0,0,0,0,5
4/21/2007 0:00:00,"MBO","SMMP2007",0,0.00,0,0,0,0,0,1
4/22/2007 0:00:00,"MBO","SMMP2007",12.5,75.00,0,0,0,0,0,5
4/23/2007 0:00:00,"MBO","SMMP2007",10.5,75.00,0,2,0,0,0,5
4/24/2007 0:00:00,"MBO","NEST2007",0,0.00,0,0,0,,0,0
4/24/2007 0:00:00,"MBO","SMMP2007",10,75.00,0,4.5,0,0,0,5
4/25/2007 0:00:00,"MBO","SMMP2007",0,0.00,0,0,0,0,0,1
4/26/2007 0:00:00,"MBO","SMMP2007",0,0.00,0,0,0,0,0,1
4/27/2007 0:00:00,"MBO","SMMP2007",0,0.00,0,0,0,0,0,1
4/28/2007 0:00:00,"MBO","SMMP2007",0,0.00,0,0,0,0,0,1
4/29/2007 0:00:00,"MBO","SMMP2007",0.5,0.00,0,0,0,0,0,1.5
4/30/2007 0:00:00,"MBO","SMMP2007",0,0.00,0,0,0,0,0,1
5/1/2007 0:00:00,"MBO","NEST2007",0,0.00,0,0,0,,0,0
5/1/2007 0:00:00,"MBO","SMMP2007",16,75.00,0,5,0,0,0,5
5/2/2007 0:00:00,"MBO","SMMP2007",6.5,60.00,0,4,0,0,0,4
5/3/2007 0:00:00,"MBO","NEST2007",0,0.00,0,0,0,,0,0
5/3/2007 0:00:00,"MBO","SMMP2007",20,75.00,0,5,0,0,0,5
5/4/2007 0:00:00,"MBO","SMMP2007",6,75.00,0,5,0,0,0,4.5
5/5/2007 0:00:00,"MBO","SMMP2007",11.5,75.00,0,4.5,0,0,0,5
5/6/2007 0:00:00,"MBO","SMMP2007",9,75.00,0,5,0,0,0,5
5/7/2007 0:00:00,"MBO","SMMP2007",10.3,75.00,0,5,0,0,0,5
5/8/2007 0:00:00,"MBO","SMMP2007",10.5,75.00,0,5,0,0,0,5
5/9/2007 0:00:00,"MBO","SMMP2007",5.8,75.00,0,5,0,0,0,4
5/10/2007 0:00:00,"MBO","SMMP2007",12,75.00,0,5,0,0,0,5
5/11/2007 0:00:00,"MBO","NEST2007",0,0.00,0,0,0,,0,0
5/11/2007 0:00:00,"MBO","SMMP2007",15.5,75.00,0,5,0,0,0,5
5/12/2007 0:00:00,"MBO","NEST2007",0,0.00,0,0,0,,0,0
5/12/2007 0:00:00,"MBO","SMMP2007",10.5,75.00,0,5,0,0,0,5
5/13/2007 0:00:00,"MBO","SMMP2007",6.5,75.00,0,5,0,0,0,4.5
5/14/2007 0:00:00,"MBO","NEST2007",0,0.00,0,0,0,,0,0
5/14/2007 0:00:00,"MBO","SMMP2007",16.5,64.50,0,5,0,0,0,4.5
5/15/2007 0:00:00,"MBO","SMMP2007",5,15.00,0,0,0,0,0,2.5
5/16/2007 0:00:00,"MBO","SMMP2007",2.5,0.00,0,0,0,0,0,1.5
5/17/2007 0:00:00,"MBO","SMMP2007",1.3,0.00,0,0,0,0,0,1.5
5/18/2007 0:00:00,"MBO","SMMP2007",11,68.50,0,5,0,0,0,4.5
5/19/2007 0:00:00,"MBO","SMMP2007",10,0.00,0,0,0,0,0,3
5/20/2007 0:00:00,"MBO","SMMP2007",8.5,80.00,0,5,0,0,0,4.5
5/21/2007 0:00:00,"MBO","SMMP2007",3,72.00,0,5,0,0,0,3.5
5/22/2007 0:00:00,"MBO","SMMP2007",7.5,80.00,0,5,0,0,0,4.5
5/23/2007 0:00:00,"MBO","SMMP2007",12.5,80.00,0,5,0,0,0,5
5/24/2007 0:00:00,"MBO","NEST2007",0,0.00,0,0,0,,0,0
5/24/2007 0:00:00,"MBO","SMMP2007",12,80.00,0,5,0,0,0,5
5/25/2007 0:00:00,"MBO","SMMP2007",12,73.00,0,5,0,0,0,4.5
5/26/2007 0:00:00,"MBO","SMMP2007",4,60.00,0,5,0,0,0,3.5
5/27/2007 0:00:00,"MBO","SMMP2007",11,80.00,0,0,0,0,0,5
5/28/2007 0:00:00,"MBO","NEST2007",0,0.00,0,0,0,,0,0
5/28/2007 0:00:00,"MBO","SMMP2007",10,80.00,0,5,0,0,0,5
5/29/2007 0:00:00,"MBO","SMMP2007",8,80.00,0,5,0,0,0,4.5
5/30/2007 0:00:00,"MBO","SMMP2007",5.5,59.10,0,5,0,0,0,3.5
5/31/2007 0:00:00,"MBO","SMMP2007",22,54.40,0,4.5,0,0,0,4.5
6/1/2007 0:00:00,"MBO","SMMP2007",5,60.00,,,,0,,3.5
6/2/2007 0:00:00,"MBO","SMMP2007",0,0.00,0,0,0,0,0,1
6/3/2007 0:00:00,"MBO","SMMP2007",0,0.00,0,0,0,0,0,1
6/4/2007 0:00:00,"MBO","SMMP2007",0,0.00,0,0,0,0,0,1
6/5/2007 0:00:00,"MBO","SMMP2007",1,0.00,0,0,0,0,0,1.5
6/11/2007 0:00:00,"MBO","SUMMER2007",0,0.00,0,0,0,0,0,1
6/12/2007 0:00:00,"MBO","SUMMER2007",0,0.00,0,0,0,0,0,1
6/15/2007 0:00:00,"MBO","SUMMER2007",0,0.00,0,0,0,0,0,1
6/19/2007 0:00:00,"BRY","BOBO",,0.00,,,,0,,
6/19/2007 0:00:00,"BS3","BOBO",,0.00,,,,0,,
6/19/2007 0:00:00,"MBO","SUMMER2007",4,0.00,0,0,0,0,0,1.5
6/19/2007 0:00:00,"NICH","NICHOIR",,0.00,,,,0,,
6/20/2007 0:00:00,"BRY","BOBO",,0.00,,,,0,,
6/21/2007 0:00:00,"BAA","BOBO",,0.00,,,,0,,
6/22/2007 0:00:00,"BAA","BOBO",,0.00,,,,0,,
6/22/2007 0:00:00,"BS3","BOBO",,0.00,,,,0,,
6/23/2007 0:00:00,"MBO","NEST2007",0,0.00,0,0,0,,0,0
6/23/2007 0:00:00,"MBO","SUMMER2007",0,0.00,0,0,0,,0,0
6/24/2007 0:00:00,"MBO","SUMMER2007",1.5,0.00,0,0,0,0,0,1.5
6/26/2007 0:00:00,"BAA","BOBO",,0.00,,,,0,,
6/28/2007 0:00:00,"BRY","BOBO",,0.00,,,,0,,
6/28/2007 0:00:00,"NICH","NICHOIR",,0.00,,,,0,,
6/29/2007 0:00:00,"MBO","NEST2007",0,0.00,0,0,0,,0,0
6/29/2007 0:00:00,"MBO","SUMMER2007",1.5,0.00,0,0,0,0,0,0.5
7/2/2007 0:00:00,"MBO","SUMMER2007",0,0.00,0,0,0,0,0,1
7/5/2007 0:00:00,"MBO","NEST2007",0,0.00,0,0,0,,0,0
7/7/2007 0:00:00,"MBO","SUMMER2007",0,0.00,0,0,0,0,0,1
7/13/2007 0:00:00,"MBO","SUMMER2007",0,0.00,0,0,0,0,0,1
7/18/2007 0:00:00,"MBO","SUMMER2007",8,2.80,0,0,0,0,0,2
7/20/2007 0:00:00,"NICH","NICHOIR",,0.00,,,,0,,
7/27/2007 0:00:00,"MBO","SUMMER2007",16,0.00,0,0,0,0,0,2
7/29/2007 0:00:00,"MBO","SUMMER2007",0,0.00,0,0,0,0,0,1
8/1/2007 0:00:00,"MBO","FMMP2007",3.8,55.00,0,5,0,0,0,3.5
8/2/2007 0:00:00,"MBO","FMMP2007",4,55.00,0,5,0,0,0,3.5
8/3/2007 0:00:00,"MBO","FMMP2007",10,75.00,0,5,0,0,0,5
8/4/2007 0:00:00,"MBO","FMMP2007",7,55.00,0,5,0,0,0,4
8/5/2007 0:00:00,"MBO","FMMP2007",5,68.00,0,5,0,0,0,3.5
8/6/2007 0:00:00,"MBO","FMMP2007",6,7.00,0,3,0,0,0,3
8/6/2007 0:00:00,"NICH","NICHOIR",,0.00,,,,0,,
8/7/2007 0:00:00,"MBO","FMMP2007",4,55.00,0,5,0,0,0,3.5
8/8/2007 0:00:00,"MBO","FMMP2007",5,75.00,0,5,0,0,0,4
8/9/2007 0:00:00,"MBO","FMMP2007",11,75.00,0,5,0,0,0,5
8/10/2007 0:00:00,"MBO","FMMP2007",4,55.00,0,5,0,0,0,3.5
8/11/2007 0:00:00,"MBO","FMMP2007",5,72.00,0,5,0,0,0,3.5
8/12/2007 0:00:00,"MBO","FMMP2007",9.5,75.00,0,5,0,0,0,5
8/13/2007 0:00:00,"MBO","FMMP2007",4,55.00,0,5,0,0,0,3.5
8/14/2007 0:00:00,"MBO","FMMP2007",9,55.00,0,5,0,0,0,4.5
8/15/2007 0:00:00,"MBO","FMMP2007",7,72.70,0,5,0,0,0,4
8/15/2007 0:00:00,"NICH","NICHOIR",,0.00,,,,0,,
8/16/2007 0:00:00,"MBO","FMMP2007",13,74.70,0,5,0,0,0,4.5
8/17/2007 0:00:00,"MBO","FMMP2007",8,75.00,0,5,0,0,0,4.5
8/18/2007 0:00:00,"MBO","FMMP2007",10,70.00,0,0,0,0,0,4.5
8/19/2007 0:00:00,"MBO","FMMP2007",9,55.00,0,5,0,0,0,4.5
8/20/2007 0:00:00,"MBO","FMMP2007",8,75.00,0,5,0,0,0,4.5
8/21/2007 0:00:00,"MBO","FMMP2007",6,71.00,0,5,0,0,0,4
8/22/2007 0:00:00,"MBO","FMMP2007",11.5,75.00,0,5,0,0,0,5
8/22/2007 0:00:00,"NICH","NICHOIR",,0.00,,,,0,,
8/23/2007 0:00:00,"BMHO","NEST2007",,0.00,,,,0,,
8/23/2007 0:00:00,"MBO","FMMP2007",8,75.00,0,0,0,0,0,4.5
8/24/2007 0:00:00,"MBO","FMMP2007",4.5,31.00,0,0,0,0,0,3
8/25/2007 0:00:00,"MBO","FMMP2007",5,28.70,0,0,0,0,0,3
8/26/2007 0:00:00,"MBO","FMMP2007",9,75.00,0,0,0,0,0,5
8/27/2007 0:00:00,"MBO","FMMP2007",10,75.00,0,0,0,0,0,5
8/28/2007 0:00:00,"MBO","FMMP2007",4.5,55.00,0,0,0,0,0,3.5
8/29/2007 0:00:00,"MBO","FMMP2007",6.5,75.00,0,0,0,0,0,4.5
8/30/2007 0:00:00,"MBO","FMMP2007",5.5,49.50,0,0,0,0,0,3
8/31/2007 0:00:00,"MBO","FMMP2007",15.5,66.00,0,0,0,0,0,4.5
9/1/2007 0:00:00,"MBO","FMMP2007",20,75.00,0,0,0,0,0,5
9/2/2007 0:00:00,"MBO","FMMP2007",8,75.00,0,0,0,0,0,4.5
9/3/2007 0:00:00,"MBO","FMMP2007",5,75.00,0,0,0,0,0,4
9/4/2007 0:00:00,"MBO","FMMP2007",6,75.00,0,0,0,0,0,4.5
9/5/2007 0:00:00,"MBO","FMMP2007",8,75.00,0,0,0,0,0,4.5
9/6/2007 0:00:00,"MBO","FMMP2007",15,58.50,0,0,0,0,0,4.5
9/7/2007 0:00:00,"MBO","FMMP2007",12,75.00,0,0,0,0,0,5
9/8/2007 0:00:00,"MBO","FMMP2007",14,75.00,0,0,0,0,0,5
9/9/2007 0:00:00,"MBO","FMMP2007",5,45.00,,,,0,,3
9/10/2007 0:00:00,"MBO","FMMP2007",7,75.00,0,0,0,0,0,4.5
9/11/2007 0:00:00,"MBO","FMMP2007",4.3,31.00,0,0,0,0,0,3
9/12/2007 0:00:00,"MBO","FMMP2007",7,42.50,0,0,0,0,0,3.5
9/13/2007 0:00:00,"MBO","FMMP2007",14.3,75.00,0,0,0,0,0,5
9/14/2007 0:00:00,"MBO","FMMP2007",16,75.00,0,0,0,0,0,5
9/15/2007 0:00:00,"MBO","FMMP2007",4,0.00,0,0,0,0,0,2
9/16/2007 0:00:00,"MBO","FMMP2007",12.5,75.00,0,0,0,0,0,5
9/17/2007 0:00:00,"MBO","FMMP2007",11,75.00,0,0,0,0,0,5
9/18/2007 0:00:00,"MBO","FMMP2007",14,75.00,0,0,0,0,0,5
9/19/2007 0:00:00,"MBO","FMMP2007",11.5,55.00,0,0,0,0,0,4.5
9/20/2007 0:00:00,"MBO","FMMP2007",16,77.00,0,0,0,0,0,5
9/21/2007 0:00:00,"MBO","FMMP2007",7.5,75.00,0,0,0,0,0,4.5
9/22/2007 0:00:00,"MBO","FMMP2007",12,55.00,0,0,0,0,0,4.5
9/23/2007 0:00:00,"MBO","FMMP2007",14,75.00,0,0,0,0,0,5
9/24/2007 0:00:00,"MBO","FMMP2007",10,80.50,0,0,0,0,0,5
9/25/2007 0:00:00,"MBO","FMMP2007",12.5,72.00,0,3.8,0,0,0,4.5
9/26/2007 0:00:00,"MBO","FMMP2007",5.5,15.50,0,0,0,0,0,2.5
9/27/2007 0:00:00,"MBO","FMMP2007",3,4.20,0,0,0,0,0,2.5
9/28/2007 0:00:00,"MBO","FMMP2007",12.5,70.00,0,2.5,0,0,0,4.5
9/29/2007 0:00:00,"MBO","FMMP2007",6,75.00,0,5,0,0,0,4.5
9/30/2007 0:00:00,"MBO","FMMP2007",5,55.00,0,0,0,0,0,3.5
9/30/2007 0:00:00,"MBO","OWLS2007",,26.30,,,,,,
10/1/2007 0:00:00,"MBO","FMMP2007",6.5,75.00,0,0,0,0,0,4.5
10/2/2007 0:00:00,"MBO","FMMP2007",9.5,75.00,0,0,0,0,0,5
10/3/2007 0:00:00,"MBO","FMMP2007",10.5,75.00,0,0,0,0,0,5
10/3/2007 0:00:00,"MBO","OWLS2007",,24.00,,,,,,
10/4/2007 0:00:00,"MBO","FMMP2007",12,75.00,0,0,0,0,0,5
10/5/2007 0:00:00,"MBO","FMMP2007",9.5,75.00,0,0,0,0,0,5
10/6/2007 0:00:00,"MBO","FMMP2007",2.2,18.70,,,,0,,2
10/6/2007 0:00:00,"MBO","OWLS2007",,24.00,,,,,,
10/7/2007 0:00:00,"MBO","FMMP2007",6.8,54.00,0,5,0,0,0,4
10/7/2007 0:00:00,"MBO","OWLS2007",,24.00,,,,,,
10/8/2007 0:00:00,"MBO","FMMP2007",4,46.20,0,3,0,0,0,3
10/9/2007 0:00:00,"MBO","FMMP2007",7.5,55.00,0,0,0,0,0,4
10/10/2007 0:00:00,"MBO","FMMP2007",14,42.00,0,0,0,0,0,4
10/10/2007 0:00:00,"MBO","OWLS2007",,42.00,,,,,,
10/11/2007 0:00:00,"MBO","FMMP2007",14,28.00,0,0,0,0,0,4
10/12/2007 0:00:00,"MBO","FMMP2007",2,0.00,0,0,0,0,0,1.5
10/12/2007 0:00:00,"MBO","OWLS2007",,30.00,,,,,,
10/13/2007 0:00:00,"MBO","FMMP2007",4.5,56.00,0,0,0,0,0,3.5
10/14/2007 0:00:00,"MBO","FMMP2007",13,75.00,0,0,0,0,0,5
10/14/2007 0:00:00,"MBO","OWLS2007",,36.00,,,,,,
10/15/2007 0:00:00,"MBO","FMMP2007",9.5,72.50,0,0,0,0,0,4.5
10/16/2007 0:00:00,"MBO","FMMP2007",6,75.00,0,0,0,0,0,4.5
10/17/2007 0:00:00,"MBO","FMMP2007",7.5,75.00,0,0,0,0,0,4.5
10/17/2007 0:00:00,"MBO","OWLS2007",,30.00,,,,,,
10/18/2007 0:00:00,"MBO","FMMP2007",10,75.00,0,0,0,0,0,5
10/19/2007 0:00:00,"MBO","FMMP2007",6,55.00,0,0,0,0,0,4
10/20/2007 0:00:00,"MBO","FMMP2007",9.5,35.70,0,0,0,0,0,4
10/21/2007 0:00:00,"MBO","FMMP2007",10,55.00,0,0,0,0,0,4.5
10/22/2007 0:00:00,"MBO","FMMP2007",4,75.00,0,0,0,0,0,4
10/23/2007 0:00:00,"MBO","FMMP2007",2,0.00,0,0,0,0,0,1.5
10/24/2007 0:00:00,"MBO","FMMP2007",6,75.00,0,0,0,0,0,4.5
10/25/2007 0:00:00,"MBO","FMMP2007",13,75.00,0,0,0,0,0,5
10/26/2007 0:00:00,"MBO","FMMP2007",0,0.00,0,0,0,0,0,1
10/27/2007 0:00:00,"MBO","FMMP2007",2,0.00,0,0,0,0,0,1.5
10/28/2007 0:00:00,"MBO","FMMP2007",14.5,71.00,0,0,0,0,0,4.5
10/29/2007 0:00:00,"MBO","FMMP2007",11.5,75.00,0,0,0,0,0,5
10/30/2007 0:00:00,"MBO","FMMP2007",11,67.00,0,0,0,0,0,4.5
11/1/2007 0:00:00,"MBO","WINTER2007-08",0,0.00,0,0,0,,0,0
11/2/2007 0:00:00,"MBO","OWLS2007",,24.00,,,,,,
11/3/2007 0:00:00,"MBO","WINTER2007-08",0,0.00,0,0,0,,0,0
11/4/2007 0:00:00,"MBO","OWLS2007",,24.00,,,,,,
11/5/2007 0:00:00,"MBO","WINTER2007-08",0,0.00,0,0,0,,0,0
11/7/2007 0:00:00,"MBO","WINTER2007-08",0,0.00,0,0,0,,0,0
11/9/2007 0:00:00,"MBO","OWLS2007",,24.00,,,,,,
11/12/2007 0:00:00,"MBO","WINTER2007-08",0,0.00,0,0,0,,0,0
11/16/2007 0:00:00,"MBO","WINTER2007-08",0,0.00,0,0,0,,0,0
11/19/2007 0:00:00,"MBO","WINTER2007-08",0,0.00,0,0,0,,0,0
11/30/2007 0:00:00,"MBO","WINTER2007-08",0,0.00,0,0,0,,0,0
12/8/2007 0:00:00,"MBO","WINTER2007-08",0,0.00,0,0,0,,0,0
12/9/2007 0:00:00,"MBO","WINTER2007-08",0,0.00,0,0,0,,0,0
12/20/2007 0:00:00,"MBO","WINTER2007-08",0,0.00,0,0,0,,0,0
12/22/2007 0:00:00,"MBO","WINTER2007-08",0,0.00,0,0,0,,0,0
1/2/2008 0:00:00,"MBO","WINTER2007-08",0,0.00,0,0,0,,0,0
1/6/2008 0:00:00,"MBO","WINTER2007-08",0,0.00,0,0,0,,0,0
1/13/2008 0:00:00,"MBO","WINTER2007-08",0,0.00,0,0,0,,0,0
1/19/2008 0:00:00,"MBO","WINTER2007-08",0,0.00,0,0,0,,0,0
1/20/2008 0:00:00,"MBO","WINTER2007-08",0,0.00,0,0,0,,0,0
2/2/2008 0:00:00,"MBO","WINTER2007-08",0,0.00,0,0,0,,0,0
2/9/2008 0:00:00,"MBO","WINTER2007-08",0,0.00,0,0,0,,0,0
2/15/2008 0:00:00,"MBO","WINTER2007-08",0,0.00,0,0,0,,0,0
2/19/2008 0:00:00,"MBO","WINTER2007-08",0,0.00,0,0,0,,0,0
2/21/2008 0:00:00,"MBO","WINTER2007-08",0,0.00,0,0,0,,0,0
2/26/2008 0:00:00,"MBO","WINTER2007-08",0,0.00,0,0,0,,0,0
2/27/2008 0:00:00,"MBO","WINTER2007-08",0,0.00,0,0,0,,0,0
3/28/2008 0:00:00,"MBO","SMMP2008",0,0.00,0,0,0,0,0,1
3/29/2008 0:00:00,"MBO","SMMP2008",0,0.00,0,0,0,0,0,1
3/30/2008 0:00:00,"MBO","SMMP2008",0,0.00,0,0,0,0,0,1
3/31/2008 0:00:00,"MBO","SMMP2008",0,0.00,0,0,0,0,0,1
4/1/2008 0:00:00,"MBO","SMMP2008",0,0.00,0,0,0,0,0,1
4/2/2008 0:00:00,"MBO","SMMP2008",0,0.00,0,0,0,0,0,1
4/3/2008 0:00:00,"MBO","SMMP2008",0,0.00,0,0,0,0,0,1
4/4/2008 0:00:00,"MBO","SMMP2008",0,0.00,0,0,0,0,0,1
4/5/2008 0:00:00,"MBO","SMMP2008",0,0.00,0,0,0,0,0,1
4/6/2008 0:00:00,"MBO","SMMP2008",0,0.00,0,0,0,0,0,1
4/7/2008 0:00:00,"MBO","SMMP2008",0,0.00,0,0,0,0,0,1
4/8/2008 0:00:00,"MBO","SMMP2008",0,0.00,0,0,0,0,0,1
4/9/2008 0:00:00,"MBO","SMMP2008",0,0.00,0,0,0,0,0,1
4/10/2008 0:00:00,"MBO","SMMP2008",0,0.00,0,0,0,0,0,1
4/11/2008 0:00:00,"MBO","SMMP2008",0,0.00,0,0,0,0,0,1
4/12/2008 0:00:00,"MBO","SMMP2008",0,0.00,0,0,0,0,0,1
4/13/2008 0:00:00,"MBO","SMMP2008",0,0.00,0,0,0,0,0,1
4/14/2008 0:00:00,"MBO","SMMP2008",0,0.00,0,0,0,0,0,1
4/15/2008 0:00:00,"MBO","SMMP2008",0,0.00,0,0,0,0,0,1
4/16/2008 0:00:00,"MBO","SMMP2008",0,0.00,0,0,0,0,0,1
4/17/2008 0:00:00,"MBO","SMMP2008",7.5,0.00,0,0,0,0,0,2.5
4/18/2008 0:00:00,"MBO","SMMP2008",8.4,70.00,0,0,0,0,0,4
4/19/2008 0:00:00,"MBO","SMMP2008",25,70.00,0,0,0,0,0,4.5
4/20/2008 0:00:00,"MBO","SMMP2008",13.7,70.00,0,0,0,0,0,4.5
4/21/2008 0:00:00,"MBO","SMMP2008",14,75.00,0,0,0,0,0,5
4/22/2008 0:00:00,"MBO","SMMP2008",11.5,75.00,0,0,0,0,0,5
4/23/2008 0:00:00,"MBO","SMMP2008",24.3,75.00,0,0,0,0,0,5
4/24/2008 0:00:00,"MBO","SMMP2008",19.5,75.00,0,0,0,0,0,5
4/25/2008 0:00:00,"MBO","SMMP2008",27.2,75.00,0,0,0,0,0,5
4/26/2008 0:00:00,"MBO","SMMP2008",14,78.50,0,0,0,0,0,5
4/27/2008 0:00:00,"MBO","SMMP2008",18,80.00,0,2.5,0,0,0,5
4/28/2008 0:00:00,"MBO","SMMP2008",16,51.20,0,5,0,0,0,4.5
4/29/2008 0:00:00,"MBO","SMMP2008",1.5,0.00,0,0,0,0,0,1.5
4/30/2008 0:00:00,"MBO","NEST2008",0,0.00,0,0,0,,0,0
4/30/2008 0:00:00,"MBO","SMMP2008",10.5,72.00,0,0,0,0,0,4.5
5/1/2008 0:00:00,"MBO","SMMP2008",19.2,80.00,0,0,0,0,0,5
5/2/2008 0:00:00,"MBO","NEST2008",0,0.00,0,0,0,,0,0
5/2/2008 0:00:00,"MBO","SMMP2008",26.5,80.00,0,5,0,0,0,5
5/3/2008 0:00:00,"MBO","SMMP2008",14.5,21.00,0,0,0,0,0,3.5
5/4/2008 0:00:00,"MBO","SMMP2008",5,15.00,0,0,0,0,0,2.5
5/5/2008 0:00:00,"MBO","SMMP2008",13.5,80.00,0,4.5,0,0,0,5
5/6/2008 0:00:00,"MBO","SMMP2008",17,80.00,0,3.8,0,0,0,5
5/7/2008 0:00:00,"MBO","SMMP2008",18.7,80.00,0,0,0,0,0,5
5/8/2008 0:00:00,"MBO","SMMP2008",11.7,80.00,0,0,0,0,0,5
5/9/2008 0:00:00,"MBO","SMMP2008",16,80.00,0,5,0,0,0,5
5/10/2008 0:00:00,"MBO","SMMP2008",17.3,80.00,0,5,0,0,0,5
5/11/2008 0:00:00,"MBO","SMMP2008",16,80.00,0,5,0,0,0,5
5/12/2008 0:00:00,"MBO","SMMP2008",12.2,80.00,,,,0,,5
5/13/2008 0:00:00,"MBO","SMMP2008",7,80.00,0,5,0,0,0,4.5
5/14/2008 0:00:00,"MBO","SMMP2008",11,80.00,0,5,0,0,0,5
5/15/2008 0:00:00,"MBO","NEST2008",0,0.00,0,0,0,,0,0
5/15/2008 0:00:00,"MBO","SMMP2008",10,28.00,0,0,0,0,0,4
5/16/2008 0:00:00,"MBO","SMMP2008",14,80.00,0,5,0,0,0,5
5/17/2008 0:00:00,"MBO","SMMP2008",16,80.00,0,5,0,0,0,5
5/18/2008 0:00:00,"MBO","SMMP2008",12.5,72.00,0,5,0,0,0,4.5
5/19/2008 0:00:00,"MBO","SMMP2008",2,0.00,0,0,0,0,0,1.5
5/20/2008 0:00:00,"MBO","SMMP2008",13.5,62.00,0,0,0,0,0,4.5
5/21/2008 0:00:00,"MBO","SMMP2008",10.5,80.00,0,0,0,0,0,5
5/22/2008 0:00:00,"MBO","SMMP2008",12,80.00,0,0,0,0,0,5
5/23/2008 0:00:00,"MBO","SMMP2008",15.3,80.00,0,5,0,0,0,5
5/24/2008 0:00:00,"MBO","SMMP2008",0,0.00,0,0,0,0,0,1
5/25/2008 0:00:00,"MBO","SMMP2008",12,80.00,0,4.5,0,0,0,5
5/26/2008 0:00:00,"MBO","SMMP2008",10.5,72.00,0,0,0,0,0,4.5
5/27/2008 0:00:00,"MBO","SMMP2008",15.5,80.00,0,5,0,0,0,5
5/28/2008 0:00:00,"MBO","SMMP2008",14,80.00,0,5,0,0,0,5
5/29/2008 0:00:00,"MBO","SMMP2008",13.8,54.00,0,4.5,0,0,0,4.5
5/30/2008 0:00:00,"MBO","SMMP2008",17.3,80.00,0,5,0,0,0,5
5/31/2008 0:00:00,"MBO","SMMP2008",1,0.00,0,0,0,0,0,1.5
6/1/2008 0:00:00,"MBO","NEST2008",0,0.00,0,0,0,,0,0
6/1/2008 0:00:00,"MBO","SMMP2008",10,41.50,0,0,0,0,0,4
6/2/2008 0:00:00,"MBO","SMMP2008",0,0.00,0,0,0,0,0,1
6/3/2008 0:00:00,"MBO","SMMP2008",0.3,0.00,0,0,0,0,0,1
6/4/2008 0:00:00,"MBO","SMMP2008",0,0.00,0,0,0,0,0,1
6/5/2008 0:00:00,"MBO","SMMP2008",0,0.00,0,0,0,0,0,1
6/6/2008 0:00:00,"MBO","SUMMER2008",0,0.00,0,0,0,0,0,1
6/9/2008 0:00:00,"MBO","SUMMER2008",0,0.00,0,0,0,0,0,1
6/13/2008 0:00:00,"MBO","SUMMER2008",0,0.00,0,0,0,0,0,1
6/16/2008 0:00:00,"MBO","NEST2008",0,0.00,0,0,0,,0,0
6/16/2008 0:00:00,"MBO","SUMMER2008",0,0.00,0,0,0,0,0,1
6/18/2008 0:00:00,"MBO","NEST2008",0,0.00,0,0,0,,0,0
6/25/2008 0:00:00,"MBO","SUMMER2008",0,0.00,0,0,0,0,0,1
6/27/2008 0:00:00,"MBO","NEST2008",0,0.00,0,0,0,,0,0
7/2/2008 0:00:00,"MBO","NEST2008",0,0.00,0,0,0,,0,0
7/2/2008 0:00:00,"MBO","SUMMER2008",0,0.00,0,0,0,0,0,1
7/2/2008 0:00:00,"RMGC","NEST2008",,0.00,,,,0,,
7/16/2008 0:00:00,"MBO","SUMMER2008",0,0.00,0,0,0,0,0,1
7/22/2008 0:00:00,"MBO","SUMMER2008",0,0.00,0,0,0,0,0,1
7/24/2008 0:00:00,"NICH","NICHOIR",,0.00,,,,0,,
7/25/2008 0:00:00,"MBO","SUMMER2008",0,0.00,0,0,0,0,0,1
7/30/2008 0:00:00,"MBO","SUMMER2008",0,0.00,0,0,0,0,0,1
8/1/2008 0:00:00,"MBO","FMMP2008",3.5,55.00,0,0,0,0,0,3.5
8/2/2008 0:00:00,"MBO","FMMP2008",6,73.00,0,0,0,0,0,4
8/3/2008 0:00:00,"MBO","FMMP2008",8,33.50,0,0,0,0,0,3.5
8/4/2008 0:00:00,"MBO","FMMP2008",9,75.00,0,0,0,0,0,5
8/5/2008 0:00:00,"MBO","FMMP2008",3.5,75.00,0,0,0,0,0,4
8/6/2008 0:00:00,"MBO","FMMP2008",1.5,0.00,0,0,0,0,0,1.5
8/7/2008 0:00:00,"MBO","FMMP2008",5,75.00,0,0,0,0,0,4
8/8/2008 0:00:00,"MBO","FMMP2008",6,49.00,0,0,0,0,0,3.5
8/8/2008 0:00:00,"NICH","NICHOIR",,0.00,,,,0,,
8/9/2008 0:00:00,"MBO","FMMP2008",10,79.70,0,0,0,0,0,5
8/9/2008 0:00:00,"MBO","NEST2008",0,0.00,0,0,0,,0,0
8/10/2008 0:00:00,"MBO","FMMP2008",8,75.00,0,0,0,0,0,4.5
8/11/2008 0:00:00,"MBO","FMMP2008",12,16.50,0,0,0,0,0,3.5
8/12/2008 0:00:00,"MBO","FMMP2008",11,79.00,0,0,0,0,0,5
8/13/2008 0:00:00,"MBO","FMMP2008",7.5,80.00,0,0,0,0,0,4.5
8/14/2008 0:00:00,"MBO","FMMP2008",10.5,80.00,0,0,0,0,0,5
8/15/2008 0:00:00,"MBO","FMMP2008",4.8,60.00,0,0,0,0,0,3.5
8/16/2008 0:00:00,"MBO","FMMP2008",9,80.00,0,0,0,0,0,5
8/17/2008 0:00:00,"MBO","FMMP2008",8.5,80.00,0,0,0,0,0,4.5
8/18/2008 0:00:00,"MBO","FMMP2008",11,80.00,0,5,0,0,0,5
8/19/2008 0:00:00,"MBO","FMMP2008",5.5,80.00,0,0,0,0,0,4
8/20/2008 0:00:00,"MBO","FMMP2008",6.8,80.00,0,0,0,0,0,4.5
8/21/2008 0:00:00,"MBO","FMMP2008",8.3,60.00,0,0,0,0,0,4
8/22/2008 0:00:00,"MBO","FMMP2008",6,80.00,0,0,0,0,0,4.5
8/23/2008 0:00:00,"MBO","FMMP2008",7.3,80.00,0,0,0,0,0,4.5
8/24/2008 0:00:00,"MBO","FMMP2008",3,80.00,0,0,0,0,0,4
8/25/2008 0:00:00,"MBO","FMMP2008",3,60.00,0,0,0,0,0,3.5
8/26/2008 0:00:00,"MBO","FMMP2008",3,80.00,0,0,0,0,0,4
8/27/2008 0:00:00,"MBO","FMMP2008",8.2,80.00,0,0,0,0,0,4.5
8/28/2008 0:00:00,"MBO","FMMP2008",10.5,80.00,0,0,0,0,0,5
8/28/2008 0:00:00,"NICH","NICHOIR",,0.00,,,,0,,
8/29/2008 0:00:00,"MBO","FMMP2008",6,80.00,0,0,0,0,0,4.5
8/30/2008 0:00:00,"MBO","FMMP2008",7.5,77.00,0,0,0,0,0,4.5
8/31/2008 0:00:00,"MBO","FMMP2008",4,80.00,0,0,0,0,0,4
9/1/2008 0:00:00,"MBO","FMMP2008",2,80.00,0,0,0,0,0,3.5
9/2/2008 0:00:00,"MBO","FMMP2008",20,80.00,0,0,0,0,0,5
9/3/2008 0:00:00,"MBO","FMMP2008",6,80.00,0,0,0,0,0,4.5
9/4/2008 0:00:00,"MBO","FMMP2008",8,76.00,0,0,0,0,0,4.5
9/5/2008 0:00:00,"MBO","FMMP2008",15.2,80.00,0,0,0,0,0,5
9/6/2008 0:00:00,"MBO","FMMP2008",8,54.00,0,0,0,0,0,4
9/7/2008 0:00:00,"MBO","FMMP2008",15,78.00,0,0,0,0,0,5
9/8/2008 0:00:00,"MBO","FMMP2008",9.3,80.00,0,0,0,0,0,5
9/9/2008 0:00:00,"MBO","FMMP2008",2,1.00,0,0,0,0,0,2
9/10/2008 0:00:00,"MBO","FMMP2008",4.5,60.00,0,0,0,0,0,3.5
9/11/2008 0:00:00,"MBO","FMMP2008",6,80.00,0,0,0,0,0,4.5
9/12/2008 0:00:00,"MBO","FMMP2008",6.5,62.00,0,0,0,0,0,4
9/13/2008 0:00:00,"MBO","FMMP2008",5.5,80.00,0,0,0,0,0,4
9/14/2008 0:00:00,"MBO","FMMP2008",0,0.00,0,0,0,0,0,1
9/15/2008 0:00:00,"MBO","FMMP2008",4,0.00,0,0,0,0,0,2
9/16/2008 0:00:00,"MBO","FMMP2008",9,80.00,0,0,0,0,0,5
9/17/2008 0:00:00,"MBO","FMMP2008",0,73.00,0,0,0,0,0,2.5
9/18/2008 0:00:00,"MBO","FMMP2008",0,63.00,0,0,0,0,0,2.5
9/19/2008 0:00:00,"MBO","FMMP2008",0,78.00,0,0,0,0,0,3
9/20/2008 0:00:00,"MBO","FMMP2008",0,80.00,0,0,0,0,0,3
9/21/2008 0:00:00,"MBO","FMMP2008",6.7,60.00,0,0,0,0,0,4
9/22/2008 0:00:00,"MBO","FMMP2008",6.5,78.50,0,5,0,0,0,4.5
9/23/2008 0:00:00,"MBO","FMMP2008",9,80.00,,,,0,,5
9/24/2008 0:00:00,"MBO","FMMP2008",5.2,80.00,0,5,0,0,0,4
9/25/2008 0:00:00,"MBO","FMMP2008",8,80.00,0,0,0,0,0,4.5
9/26/2008 0:00:00,"MBO","FMMP2008",4.2,80.00,0,0,0,0,0,4
9/27/2008 0:00:00,"MBO","FMMP2008",5,80.00,0,0,0,0,0,4
9/28/2008 0:00:00,"MBO","FMMP2008",3.5,2.00,0,0,0,0,0,2.5
9/29/2008 0:00:00,"MBO","FMMP2008",6,60.00,0,0,0,0,0,4
9/30/2008 0:00:00,"MBO","FMMP2008",10,72.00,0,0,0,0,0,4.5
10/1/2008 0:00:00,"MBO","FMMP2008",2,30.50,0,0,0,0,0,2.5
10/2/2008 0:00:00,"MBO","FMMP2008",7.5,53.00,0,0,0,0,0,4
10/3/2008 0:00:00,"MBO","FMMP2008",9,73.00,,,,0,,4.5
10/4/2008 0:00:00,"MBO","FMMP2008",4,42.50,0,0,0,0,0,3
10/5/2008 0:00:00,"MBO","FMMP2008",8,52.00,0,0,0,0,0,4
10/6/2008 0:00:00,"MBO","FMMP2008",7,40.00,0,0,0,0,0,3.5
10/7/2008 0:00:00,"MBO","FMMP2008",6,71.50,0,0,0,0,0,4
10/8/2008 0:00:00,"MBO","FMMP2008",3.7,63.00,0,0,0,0,0,3.5
10/9/2008 0:00:00,"MBO","FMMP2008",7.5,35.50,0,0,0,0,0,3.5
10/10/2008 0:00:00,"MBO","FMMP2008",5.5,52.00,0,0,0,0,0,3.5
10/11/2008 0:00:00,"MBO","FMMP2008",3.7,59.00,0,0,0,0,0,3.5
10/12/2008 0:00:00,"MBO","FMMP2008",4.5,49.00,0,0,0,0,0,3
10/13/2008 0:00:00,"MBO","FMMP2008",18,67.00,0,0,0,0,0,4.5
10/14/2008 0:00:00,"MBO","FMMP2008",5,66.00,0,0,0,0,0,3.5
10/15/2008 0:00:00,"MBO","FMMP2008",6.5,80.00,0,0,0,0,0,4.5
10/16/2008 0:00:00,"MBO","FMMP2008",0.2,0.00,0,0,0,0,0,1
10/17/2008 0:00:00,"MBO","FMMP2008",12.5,80.00,0,0,0,0,0,5
10/18/2008 0:00:00,"MBO","FMMP2008",8,80.00,0,0,0,0,0,4.5
10/19/2008 0:00:00,"MBO","FMMP2008",17,63.00,0,0,0,0,0,4.5
10/20/2008 0:00:00,"MBO","FMMP2008",5,80.00,0,0,0,0,0,4
10/21/2008 0:00:00,"MBO","FMMP2008",1,0.00,0,0,0,0,0,1.5
10/22/2008 0:00:00,"MBO","FMMP2008",9,60.00,0,0,0,0,0,4.5
10/23/2008 0:00:00,"MBO","FMMP2008",9,39.20,0,0,0,0,0,4
10/24/2008 0:00:00,"MBO","FMMP2008",6.8,42.00,0,0,0,0,0,3.5
10/25/2008 0:00:00,"MBO","FMMP2008",8.5,48.00,0,0,0,0,0,3.5
10/26/2008 0:00:00,"MBO","FMMP2008",6.5,80.00,0,0,0,0,0,4.5
10/27/2008 0:00:00,"MBO","FMMP2008",7,65.00,0,0,0,0,0,4
10/28/2008 0:00:00,"MBO","FMMP2008",6,6.00,0,0,0,0,0,3
10/29/2008 0:00:00,"MBO","FMMP2008",0.5,0.00,0,0,0,0,0,1.5
10/30/2008 0:00:00,"MBO","FMMP2008",8.5,49.70,0,0,0,0,0,3.5
11/12/2008 0:00:00,"MBO","WINTER2008-09",0,0.00,0,0,0,,0,0
11/14/2008 0:00:00,"MBO","WINTER2008-09",0,0.00,0,0,0,,0,0
11/17/2008 0:00:00,"MBO","WINTER2008-09",0,0.00,0,0,0,,0,0
11/21/2008 0:00:00,"MBO","WINTER2008-09",0,0.00,0,0,0,,0,0
11/24/2008 0:00:00,"MBO","WINTER2008-09",0,0.00,0,0,0,,0,0
11/28/2008 0:00:00,"MBO","WINTER2008-09",0,0.00,0,0,0,,0,0
11/30/2008 0:00:00,"MBO","WINTER2008-09",0,0.00,0,0,0,,0,0
12/5/2008 0:00:00,"MBO","WINTER2008-09",0,0.00,0,0,0,,0,0
12/7/2008 0:00:00,"MBO","WINTER2008-09",0,0.00,0,0,0,,0,0
1/16/2009 0:00:00,"MBO","WINTER2008-09",0,0.00,0,0,0,,0,0
1/22/2009 0:00:00,"MBO","WINTER2008-09",0,0.00,0,0,0,,0,0
1/23/2009 0:00:00,"MBO","WINTER2008-09",0,0.00,0,0,0,,0,0
1/30/2009 0:00:00,"MBO","WINTER2008-09",0,0.00,0,0,0,,0,0
2/2/2009 0:00:00,"MBO","WINTER2008-09",0,0.00,0,0,0,,0,0
2/6/2009 0:00:00,"MBO","WINTER2008-09",0,0.00,0,0,0,,0,0
2/13/2009 0:00:00,"MBO","WINTER2008-09",0,0.00,0,0,0,,0,0
2/15/2009 0:00:00,"MBO","WINTER2008-09",0,0.00,0,0,0,,0,0
2/17/2009 0:00:00,"MBO","WINTER2008-09",0,0.00,0,0,0,,0,0
2/18/2009 0:00:00,"MBO","WINTER2008-09",0,0.00,0,0,0,,0,0
2/20/2009 0:00:00,"MBO","WINTER2008-09",0,0.00,0,0,0,,0,0
2/25/2009 0:00:00,"MBO","WINTER2008-09",0,0.00,0,0,0,,0,0
2/27/2009 0:00:00,"MBO","WINTER2008-09",0,0.00,0,0,0,,0,0
3/4/2009 0:00:00,"MBO","WINTER2008-09",0,0.00,0,0,0,,0,0
3/6/2009 0:00:00,"MBO","WINTER2008-09",0,0.00,0,0,0,,0,0
3/7/2009 0:00:00,"MBO","WINTER2008-09",0,0.00,0,0,0,,0,0
3/10/2009 0:00:00,"MBO","WINTER2008-09",0,8.00,0,0,0,,0,0
3/13/2009 0:00:00,"MBO","WINTER2008-09",0,0.00,0,0,0,,0,0
3/14/2009 0:00:00,"MBO","WINTER2008-09",0,0.00,0,0,0,,0,0
3/15/2009 0:00:00,"MBO","WINTER2008-09",0,8.00,0,0,0,,0,0
3/16/2009 0:00:00,"MBO","WINTER2008-09",0,0.00,0,0,0,,0,0
3/17/2009 0:00:00,"MBO","WINTER2008-09",0,0.00,0,0,0,,0,0
3/19/2009 0:00:00,"MBO","WINTER2008-09",0,0.00,0,0,0,,0,0
3/20/2009 0:00:00,"MBO","WINTER2008-09",0,0.00,0,0,0,,0,0
3/21/2009 0:00:00,"MBO","WINTER2008-09",0,8.00,0,0,0,,0,0
3/24/2009 0:00:00,"MBO","WINTER2008-09",0,0.00,0,0,0,,0,0
3/26/2009 0:00:00,"MBO","WINTER2008-09",0,0.00,0,0,0,,0,0
3/27/2009 0:00:00,"MBO","WINTER2008-09",0,0.00,0,0,0,,0,0
3/28/2009 0:00:00,"MBO","SMMP2009",0,0.00,0,0,0,0,0,1
3/29/2009 0:00:00,"MBO","SMMP2009",0,0.00,0,0,0,0,0,1
3/30/2009 0:00:00,"MBO","SMMP2009",0,0.00,0,0,0,0,0,1
3/31/2009 0:00:00,"MBO","SMMP2009",0,0.00,0,0,0,0,0,1
4/1/2009 0:00:00,"MBO","SMMP2009",0,0.00,0,0,0,0,0,1
4/2/2009 0:00:00,"MBO","SMMP2009",0,0.00,0,0,0,0,0,1
4/3/2009 0:00:00,"MBO","SMMP2009",0,0.00,0,0,0,0,0,1
4/4/2009 0:00:00,"MBO","SMMP2009",0,0.00,0,0,0,0,0,1
4/6/2009 0:00:00,"MBO","SMMP2009",0,0.00,0,0,0,0,0,1
4/7/2009 0:00:00,"MBO","SMMP2009",0,0.00,0,0,0,0,0,1
4/8/2009 0:00:00,"MBO","SMMP2009",0,0.00,0,0,0,0,0,1
4/9/2009 0:00:00,"MBO","SMMP2009",0,0.00,0,0,0,0,0,1
4/10/2009 0:00:00,"MBO","SMMP2009",0,0.00,0,0,0,0,0,1
4/11/2009 0:00:00,"MBO","SMMP2009",9,0.00,0,0,0,0,0,3
4/12/2009 0:00:00,"MBO","SMMP2009",0,0.00,0,0,0,0,0,1
4/13/2009 0:00:00,"MBO","SMMP2009",0,0.00,0,0,0,0,0,1
4/14/2009 0:00:00,"MBO","SMMP2009",0,0.00,0,0,0,0,0,1
4/15/2009 0:00:00,"MBO","SMMP2009",0,0.00,0,0,0,0,0,1
4/16/2009 0:00:00,"MBO","SMMP2009",0,0.00,0,0,0,0,0,1
4/17/2009 0:00:00,"MBO","SMMP2009",0,0.00,0,0,0,0,0,1
4/18/2009 0:00:00,"MBO","SMMP2009",3.5,18.00,0,0,0,0,0,2.5
4/19/2009 0:00:00,"MBO","SMMP2009",21.8,80.00,0,0,0,0,0,5
4/20/2009 0:00:00,"MBO","SMMP2009",13.5,78.00,0,0,0,0,0,5
4/21/2009 0:00:00,"MBO","SMMP2009",8,5.00,0,0,0,0,0,3
4/22/2009 0:00:00,"MBO","SMMP2009",6,57.00,0,0,0,0,0,4
4/23/2009 0:00:00,"MBO","SMMP2009",6,80.00,0,0,0,0,0,4.5
4/24/2009 0:00:00,"MBO","SMMP2009",7.5,80.00,0,0,0,0,0,4.5
4/25/2009 0:00:00,"MBO","SMMP2009",25,80.00,0,0,0,0,0,5
4/26/2009 0:00:00,"MBO","SMMP2009",11,80.00,0,0,0,0,0,5
4/27/2009 0:00:00,"MBO","SMMP2009",7.5,72.00,0,0,0,0,0,4
4/28/2009 0:00:00,"MBO","SMMP2009",9.5,72.00,0,0,0,0,0,4.5
4/29/2009 0:00:00,"MBO","SMMP2009",14,80.00,0,0,0,0,0,5
4/30/2009 0:00:00,"MBO","SMMP2009",14.8,80.00,0,0,0,0,0,5
5/1/2009 0:00:00,"MBO","SMMP2009",9,0.00,0,0,0,0,0,3
5/2/2009 0:00:00,"MBO","SMMP2009",23.2,80.00,0,5,0,0,0,5
5/3/2009 0:00:00,"MBO","SMMP2009",12,80.00,0,5,0,0,0,5
5/4/2009 0:00:00,"MBO","SMMP2009",15.5,80.00,0,0,0,0,0,5
5/5/2009 0:00:00,"MBO","SMMP2009",13,79.50,0,4,0,0,0,5
5/6/2009 0:00:00,"MBO","SMMP2009",3.5,3.00,0,0,0,0,0,2.5
5/7/2009 0:00:00,"MBO","SMMP2009",1.5,0.00,0,0,0,0,0,1.5
5/8/2009 0:00:00,"MBO","SMMP2009",9.5,30.00,0,0,0,0,0,4
5/9/2009 0:00:00,"MBO","SMMP2009",25.3,79.00,0,5,0,0,0,5
5/10/2009 0:00:00,"MBO","SMMP2009",4,48.00,0,4,0,0,0,3
5/11/2009 0:00:00,"MBO","SMMP2009",7.5,80.00,0,5,0,0,0,4.5
5/12/2009 0:00:00,"MBO","SMMP2009",13,80.00,0,4.8,0,0,0,5
5/13/2009 0:00:00,"MBO","SMMP2009",11,80.00,0,5,0,0,0,5
5/14/2009 0:00:00,"MBO","NEST2009",0,0.00,0,0,0,,0,0
5/14/2009 0:00:00,"MBO","SMMP2009",6.5,78.00,0,5,0,0,0,4.5
5/15/2009 0:00:00,"MBO","SMMP2009",15,80.00,0,5,0,0,0,5
5/16/2009 0:00:00,"MBO","SMMP2009",8,81.50,0,5,0,0,0,4.5
5/17/2009 0:00:00,"MBO","SMMP2009",9,80.00,0,5,0,0,0,5
5/18/2009 0:00:00,"MBO","SMMP2009",12,80.00,0,5,0,0,0,5
5/19/2009 0:00:00,"MBO","SMMP2009",9.5,80.00,0,5,0,0,0,5
5/20/2009 0:00:00,"MBO","SMMP2009",6.3,73.00,0,4.5,0,0,0,4
5/21/2009 0:00:00,"MBO","SMMP2009",7.5,80.00,0,5,0,0,0,4.5
5/22/2009 0:00:00,"MBO","SMMP2009",6,80.00,0,5,0,0,0,4.5
5/23/2009 0:00:00,"MBO","NEST2009",0,0.00,0,0,0,,0,0
5/23/2009 0:00:00,"MBO","SMMP2009",5,80.00,0,5,0,0,0,4
5/24/2009 0:00:00,"MBO","SMMP2009",11,64.00,0,4,0,0,0,4.5
5/25/2009 0:00:00,"MBO","NEST2009",0,0.00,0,0,0,,0,0
5/25/2009 0:00:00,"MBO","SMMP2009",7,80.00,0,5,0,0,0,4.5
5/26/2009 0:00:00,"MBO","SMMP2009",10,80.00,0,5,0,0,0,5
5/27/2009 0:00:00,"MBO","SMMP2009",11,80.00,0,5,0,0,0,5
5/28/2009 0:00:00,"MBO","NEST2009",0,0.00,0,0,0,,0,0
5/28/2009 0:00:00,"MBO","SMMP2009",10,80.00,0,5,0,0,0,5
5/29/2009 0:00:00,"MBO","SMMP2009",6.5,0.00,0,0,0,0,0,2.5
5/30/2009 0:00:00,"MBO","SMMP2009",4,48.00,0,0,0,0,0,3
5/31/2009 0:00:00,"MBO","SMMP2009",10.5,70.50,0,3,0,0,0,4.5
6/1/2009 0:00:00,"MBO","SMMP2009",14.8,80.00,0,5,0,0,0,5
6/2/2009 0:00:00,"MBO","SMMP2009",0,0.00,0,0,0,0,0,1
6/3/2009 0:00:00,"MBO","SMMP2009",0,0.00,0,0,0,0,0,1
6/4/2009 0:00:00,"MBO","SMMP2009",0,0.00,0,0,0,0,0,1
6/5/2009 0:00:00,"MBO","SMMP2009",0.5,0.00,0,0,0,0,0,1.5
6/6/2009 0:00:00,"MBO","MAPS2009",0,54.00,0,0,0,,0,0
6/10/2009 0:00:00,"AMHI","SEOW",,0.00,,,,0,,
6/11/2009 0:00:00,"MBO","NEST2009",0,0.00,0,0,0,,0,0
6/14/2009 0:00:00,"MBO","MAPS2009",0,54.00,0,0,0,,0,0
6/19/2009 0:00:00,"MBO","NEST2009",0,0.00,0,0,0,,0,0
6/20/2009 0:00:00,"MBO","NEST2009",0,0.00,0,0,0,,0,0
6/21/2009 0:00:00,"MBO","NEST2009",0,0.00,0,0,0,,0,0
6/23/2009 0:00:00,"MBO","NEST2009",0,0.00,0,0,0,,0,0
6/24/2009 0:00:00,"MBO","MAPS2009",0,54.00,0,0,0,,0,0
6/24/2009 0:00:00,"MBO","NEST2009",0,0.00,0,0,0,,0,0
6/28/2009 0:00:00,"MBO","NEST2009",0,0.00,0,0,0,,0,0
6/30/2009 0:00:00,"NICH","NICHOIR",,0.00,,,,0,,
7/2/2009 0:00:00,"RMGC","NEST2009",,0.00,,,,0,,
7/4/2009 0:00:00,"MBO","MAPS2009",0,54.00,0,0,0,,0,0
7/4/2009 0:00:00,"MBO","NEST2009",0,0.00,0,0,0,,0,0
7/7/2009 0:00:00,"MBO","NEST2009",0,0.00,0,0,0,,0,0
7/15/2009 0:00:00,"MBO","MAPS2009",0,54.00,0,0,0,,0,0
7/21/2009 0:00:00,"RMGC","NEST2009",,0.00,,,,0,,
7/23/2009 0:00:00,"MBO","MAPS2009",0,54.00,0,0,0,,0,0
8/1/2009 0:00:00,"MBO","FMMP2009",14,80.00,0,0,0,0,0,5
8/2/2009 0:00:00,"MBO","FMMP2009",3.5,49.70,0,0,0,0,0,3
8/3/2009 0:00:00,"MBO","FMMP2009",6,80.00,0,0,0,0,0,4.5
8/4/2009 0:00:00,"MBO","FMMP2009",16,72.00,0,0,0,0,0,4.5
8/4/2009 0:00:00,"MBO","MAPS2009",0,54.00,0,0,0,,0,0
8/5/2009 0:00:00,"MBO","FMMP2009",8.5,80.00,0,0,0,0,0,4.5
8/6/2009 0:00:00,"MBO","FMMP2009",5,80.00,0,0,0,0,0,4
8/7/2009 0:00:00,"MBO","FMMP2009",5,58.00,0,0,0,0,0,3.5
8/8/2009 0:00:00,"MBO","FMMP2009",7,78.00,0,0,0,0,0,4.5
8/9/2009 0:00:00,"MBO","FMMP2009",5.3,60.00,0,0,0,0,0,3.5
8/10/2009 0:00:00,"MBO","FMMP2009",7.8,16.00,0,0,0,0,0,3
8/11/2009 0:00:00,"MBO","FMMP2009",16,72.00,0,0,0,0,0,4.5
8/12/2009 0:00:00,"MBO","FMMP2009",9,80.00,0,0,0,0,0,5
8/12/2009 0:00:00,"NICH","NICHOIR",,0.00,,,,0,,
8/13/2009 0:00:00,"MBO","FMMP2009",3,80.00,0,0,0,0,0,4
8/14/2009 0:00:00,"MBO","FMMP2009",8,80.00,0,0,0,0,0,4.5
8/15/2009 0:00:00,"MBO","FMMP2009",6,80.00,0,0,0,0,0,4.5
8/16/2009 0:00:00,"MBO","FMMP2009",8,80.00,0,0,0,0,0,4.5
8/17/2009 0:00:00,"MBO","FMMP2009",3,80.00,0,0,0,0,0,4
8/18/2009 0:00:00,"MBO","FMMP2009",13,80.00,0,0,0,0,0,5
8/19/2009 0:00:00,"MBO","FMMP2009",4.5,80.00,0,0,0,0,0,4
8/20/2009 0:00:00,"MBO","FMMP2009",4,80.00,0,0,0,0,0,4
8/21/2009 0:00:00,"MBO","FMMP2009",8,64.00,0,0,0,0,0,4
8/22/2009 0:00:00,"MBO","FMMP2009",6,80.00,0,0,0,0,0,4.5
8/23/2009 0:00:00,"MBO","FMMP2009",4.3,55.00,0,0,0,0,0,3.5
8/24/2009 0:00:00,"MBO","FMMP2009",10,80.00,0,0,0,0,0,5
8/25/2009 0:00:00,"MBO","FMMP2009",10.5,80.00,0,0,0,0,0,5
8/26/2009 0:00:00,"MBO","FMMP2009",13,78.00,0,0,0,0,0,5
8/27/2009 0:00:00,"MBO","FMMP2009",9,80.00,0,0,0,0,0,5
8/28/2009 0:00:00,"MBO","FMMP2009",9,80.00,0,0,0,0,0,5
8/29/2009 0:00:00,"MBO","FMMP2009",3,0.00,0,0,0,0,0,2
8/30/2009 0:00:00,"MBO","FMMP2009",12.8,76.30,0,0,0,0,0,5
8/31/2009 0:00:00,"MBO","FMMP2009",1.5,80.00,0,0,0,0,0,3.5
9/1/2009 0:00:00,"MBO","FMMP2009",11,80.00,0,0,0,0,0,5
9/2/2009 0:00:00,"MBO","FMMP2009",13,80.00,0,0,0,0,0,5
9/3/2009 0:00:00,"MBO","FMMP2009",8.5,80.00,0,0,0,0,0,4.5
9/4/2009 0:00:00,"MBO","FMMP2009",6.5,80.00,0,0,0,0,0,4.5
9/5/2009 0:00:00,"MBO","FMMP2009",7.5,80.00,0,0,0,0,0,4.5
9/6/2009 0:00:00,"MBO","FMMP2009",12,80.00,0,0,0,0,0,5
9/7/2009 0:00:00,"MBO","FMMP2009",11.8,80.00,0,0,0,0,0,5
9/8/2009 0:00:00,"MBO","FMMP2009",12.5,80.00,0,0,0,0,0,5
9/9/2009 0:00:00,"MBO","FMMP2009",14.3,74.00,0,0,0,0,0,4.5
9/10/2009 0:00:00,"MBO","FMMP2009",8.8,80.00,0,0,0,0,0,4.5
9/11/2009 0:00:00,"MBO","FMMP2009",12,80.00,0,0,0,0,0,5
9/12/2009 0:00:00,"MBO","FMMP2009",3.4,80.00,0,0,0,0,0,4
9/13/2009 0:00:00,"MBO","FMMP2009",8.3,80.00,0,0,0,0,0,4.5
9/14/2009 0:00:00,"MBO","FMMP2009",7.8,80.00,0,0,0,0,0,4.5
9/15/2009 0:00:00,"MBO","FMMP2009",9,80.00,0,0,0,0,0,5
9/16/2009 0:00:00,"MBO","FMMP2009",8,80.00,0,0,0,0,0,4.5
9/17/2009 0:00:00,"MBO","FMMP2009",7,80.00,0,0,0,0,0,4.5
9/18/2009 0:00:00,"MBO","FMMP2009",5,24.00,0,0,0,0,0,2.5
9/19/2009 0:00:00,"MBO","FMMP2009",9.5,80.00,0,0,0,0,0,5
9/19/2009 0:00:00,"NICH","NICHOIR",,0.00,,,,0,,
9/20/2009 0:00:00,"MBO","FMMP2009",6,80.00,0,0,0,0,0,4.5
9/21/2009 0:00:00,"MBO","FMMP2009",16,80.00,0,0,0,0,0,5
9/22/2009 0:00:00,"MBO","FMMP2009",9,52.00,0,0,0,0,0,4.5
9/23/2009 0:00:00,"MBO","FMMP2009",12.3,80.00,0,0,0,0,0,5
9/24/2009 0:00:00,"MBO","FMMP2009",6.5,80.00,0,0,0,0,0,4.5
9/24/2009 0:00:00,"MBO","OWLS2009",,19.00,,,,,,
9/25/2009 0:00:00,"MBO","FMMP2009",12,80.00,0,0,0,0,0,5
9/26/2009 0:00:00,"MBO","FMMP2009",10.3,80.00,0,0,0,0,0,5
9/27/2009 0:00:00,"MBO","FMMP2009",9,5.00,0,0,0,0,0,3.5
9/28/2009 0:00:00,"MBO","FMMP2009",12.5,72.00,,,,0,,4.5
9/29/2009 0:00:00,"MBO","FMMP2009",11.5,77.00,0,0,0,0,0,5
9/30/2009 0:00:00,"MBO","FMMP2009",5,80.00,0,0,0,0,0,4
10/1/2009 0:00:00,"MBO","FMMP2009",9.5,65.00,0,0,0,0,0,4.5
10/1/2009 0:00:00,"MBO","OWLS2009",,28.00,,,,,,
10/2/2009 0:00:00,"MBO","FMMP2009",12,80.00,0,0,0,0,0,5
10/3/2009 0:00:00,"MBO","FMMP2009",9,32.00,0,0,0,0,0,4
10/4/2009 0:00:00,"MBO","FMMP2009",10.5,80.00,,,,0,,5
10/5/2009 0:00:00,"MBO","FMMP2009",12.3,72.00,,,,0,,4.5
10/5/2009 0:00:00,"MBO","OWLS2009",,16.00,,,,,,
10/6/2009 0:00:00,"MBO","FMMP2009",6,72.00,0,0,0,0,0,4
10/7/2009 0:00:00,"MBO","FMMP2009",7.5,43.50,0,0,0,0,0,3.5
10/8/2009 0:00:00,"MBO","FMMP2009",65,60.00,0,0,0,0,0,4.5
10/8/2009 0:00:00,"MBO","OWLS2009",,24.00,,,,,,
10/9/2009 0:00:00,"MBO","FMMP2009",2.5,0.00,0,0,0,0,0,1.5
10/10/2009 0:00:00,"MBO","FMMP2009",12,30.00,0,0,0,0,0,4
10/11/2009 0:00:00,"MBO","FMMP2009",6.5,43.00,0,0,0,0,0,3.5
10/12/2009 0:00:00,"MBO","FMMP2009",7.5,60.00,0,0,0,0,0,4
10/12/2009 0:00:00,"MBO","OWLS2009",,24.50,,,,,,
10/13/2009 0:00:00,"MBO","FMMP2009",3.5,0.00,0,0,0,0,0,2
10/13/2009 0:00:00,"MBO","OWLS2009",,30.00,,,,,,
10/14/2009 0:00:00,"MBO","FMMP2009",8,51.00,0,0,0,0,0,4
10/14/2009 0:00:00,"MBO","OWLS2009",,21.50,,,,,,
10/15/2009 0:00:00,"MBO","FMMP2009",7,28.50,0,0,0,0,0,3.5
10/15/2009 0:00:00,"MBO","OWLS2009",,21.00,,,,,,
10/16/2009 0:00:00,"MBO","FMMP2009",7.3,13.00,0,0,0,0,0,3
10/17/2009 0:00:00,"MBO","FMMP2009",7.5,27.00,0,0,0,0,0,3.5
10/18/2009 0:00:00,"MBO","FMMP2009",6.5,40.00,0,0,0,0,0,3.5
10/18/2009 0:00:00,"MBO","OWLS2009",,24.00,,,,,,
10/19/2009 0:00:00,"MBO","FMMP2009",10,48.00,0,0,0,0,0,4
10/19/2009 0:00:00,"MBO","OWLS2009",,24.00,,,,,,
10/20/2009 0:00:00,"MBO","FMMP2009",9,60.00,0,0,0,0,0,4.5
10/20/2009 0:00:00,"MBO","OWLS2009",,26.00,,,,,,
10/21/2009 0:00:00,"MBO","FMMP2009",2.5,76.00,0,0,0,0,0,3.5
10/21/2009 0:00:00,"MBO","OWLS2009",,12.50,,,,,,
10/22/2009 0:00:00,"MBO","FMMP2009",3.5,38.00,0,0,0,0,0,3
10/23/2009 0:00:00,"MBO","FMMP2009",9.8,18.00,0,0,0,0,0,3.5
10/24/2009 0:00:00,"MBO","FMMP2009",2.5,0.00,0,0,0,0,0,1.5
10/25/2009 0:00:00,"MBO","FMMP2009",8,17.40,0,0,0,0,0,3
10/25/2009 0:00:00,"MBO","OWLS2009",,30.00,,,,,,
10/26/2009 0:00:00,"MBO","FMMP2009",8.3,80.00,0,0,0,0,0,4.5
10/26/2009 0:00:00,"MBO","OWLS2009",,24.00,,,,,,
10/27/2009 0:00:00,"MBO","FMMP2009",14.3,80.00,0,0,0,0,0,5
10/27/2009 0:00:00,"MBO","OWLS2009",,24.00,,,,,,
10/28/2009 0:00:00,"MBO","FMMP2009",7.8,60.00,0,0,0,0,0,4
10/28/2009 0:00:00,"MBO","OWLS2009",,27.00,,,,,,
10/29/2009 0:00:00,"MBO","FMMP2009",3.5,80.00,0,0,0,0,0,4
10/29/2009 0:00:00,"MBO","OWLS2009",,24.00,,,,,,
10/30/2009 0:00:00,"MBO","FMMP2009",9.5,60.00,0,0,0,0,0,4.5
10/31/2009 0:00:00,"MBO","WINTER2009-10",1,0.00,0,0,0,0,0,1.5
11/1/2009 0:00:00,"MBO","OWLS2009",,34.50,,,,,,
11/1/2009 0:00:00,"MBO","WINTER2009-10",7,77.00,0,0,0,0,0,4.5
11/2/2009 0:00:00,"MBO","WINTER2009-10",5,80.00,0,0,0,0,0,4
11/3/2009 0:00:00,"MBO","OWLS2009",,22.00,,,,,,
11/3/2009 0:00:00,"MBO","WINTER2009-10",5.5,0.00,0,0,0,0,0,2
11/4/2009 0:00:00,"MBO","OWLS2009",,24.50,,,,,,
11/4/2009 0:00:00,"MBO","WINTER2009-10",0,0.00,0,0,0,0,0,1
11/5/2009 0:00:00,"MBO","WINTER2009-10",1,0.00,0,0,0,0,0,1.5
11/6/2009 0:00:00,"MBO","OWLS2009",,24.00,,,,,,
11/6/2009 0:00:00,"MBO","WINTER2009-10",0.3,0.00,0,0,0,0,0,1.5
11/7/2009 0:00:00,"MBO","WINTER2009-10",0,0.00,0,0,0,0,0,0
11/9/2009 0:00:00,"MBO","OWLS2009",,18.00,,,,,,
11/10/2009 0:00:00,"MBO","OWLS2009",,24.00,,,,,,
11/10/2009 0:00:00,"MBO","WINTER2009-10",0,0.00,0,0,0,0,0,0
11/11/2009 0:00:00,"MBO","OWLS2009",,47.50,,,,,,
11/11/2009 0:00:00,"MBO","WINTER2009-10",0,0.00,0,0,0,0,0,0
11/12/2009 0:00:00,"MBO","OWLS2009",,32.00,,,,,,
11/13/2009 0:00:00,"MBO","OWLS2009",,24.00,,,,,,
11/14/2009 0:00:00,"MBO","WINTER2009-10",0,0.00,0,0,0,0,0,0
11/15/2009 0:00:00,"MBO","WINTER2009-10",0,14.00,0,0,0,0,0,0
11/16/2009 0:00:00,"MBO","OWLS2009",,24.00,,,,,,
11/16/2009 0:00:00,"MBO","WINTER2009-10",0,0.00,0,0,0,0,0,0
11/17/2009 0:00:00,"MBO","OWLS2009",,24.00,,,,,,
11/18/2009 0:00:00,"MBO","WINTER2009-10",0,10.00,0,0,0,0,0,0
11/20/2009 0:00:00,"MBO","WINTER2009-10",0,0.00,0,0,0,0,0,0
11/21/2009 0:00:00,"MBO","WINTER2009-10",0,18.00,0,0,0,0,0,0
11/23/2009 0:00:00,"MBO","WINTER2009-10",0,24.00,0,0,0,0,0,0
11/29/2009 0:00:00,"MBO","WINTER2009-10",0,19.00,0,0,0,0,0,0
11/30/2009 0:00:00,"MBO","WINTER2009-10",0,0.00,0,0,0,0,0,0
12/4/2009 0:00:00,"MBO","WINTER2009-10",10,16.00,0,0,0,0,0,0
12/6/2009 0:00:00,"MBO","WINTER2009-10",2,4.00,0,0,0,0,0,0
12/8/2009 0:00:00,"MBO","WINTER2009-10",3,0.00,0,0,0,0,0,0
12/10/2009 0:00:00,"MBO","WINTER2009-10",2,0.00,0,0,0,0,0,0
12/13/2009 0:00:00,"MBO","WINTER2009-10",2,0.00,0,0,0,0,0,0
12/16/2009 0:00:00,"MBO","WINTER2009-10",2,0.00,0,0,0,0,0,0
12/26/2009 0:00:00,"MBO","WINTER2009-10",1,0.00,0,0,0,0,0,0
12/29/2009 0:00:00,"MBO","WINTER2009-10",0.7,0.00,0,0,0,0,0,0
1/4/2010 0:00:00,"MBO","WINTER2009-10",1,0.00,0,0,0,0,0,0
1/6/2010 0:00:00,"MBO","WINTER2009-10",2,0.00,0,0,0,0,0,0
1/9/2010 0:00:00,"MBO","WINTER2009-10",2,0.00,0,0,0,0,0,0
1/12/2010 0:00:00,"MBO","WINTER2009-10",5,0.00,0,0,0,0,0,0
1/15/2010 0:00:00,"MBO","WINTER2009-10",2,0.00,0,0,0,0,0,0
1/17/2010 0:00:00,"MBO","WINTER2009-10",2,0.00,0,0,0,0,0,0
1/18/2010 0:00:00,"MBO","WINTER2009-10",2,0.00,0,0,0,0,0,0
1/19/2010 0:00:00,"MBO","WINTER2009-10",8,0.00,0,0,0,0,0,0
1/21/2010 0:00:00,"MBO","WINTER2009-10",7,8.00,0,0,0,0,0,0
1/28/2010 0:00:00,"MBO","WINTER2009-10",2,0.00,0,0,0,0,0,0
1/31/2010 0:00:00,"MBO","WINTER2009-10",1,0.00,0,0,0,0,0,0
2/2/2010 0:00:00,"MBO","WINTER2009-10",2,0.00,0,0,0,0,0,0
2/4/2010 0:00:00,"MBO","WINTER2009-10",1,0.00,0,0,0,0,0,0
2/6/2010 0:00:00,"MBO","WINTER2009-10",4,0.00,0,0,0,0,0,0
2/11/2010 0:00:00,"MBO","WINTER2009-10",2,10.00,0,0,0,0,0,0
2/12/2010 0:00:00,"MBO","WINTER2009-10",4,0.00,0,0,0,0,0,0
2/14/2010 0:00:00,"MBO","WINTER2009-10",2,0.00,0,0,0,0,0,0
2/16/2010 0:00:00,"MBO","WINTER2009-10",3,10.00,0,0,0,0,0,0
2/20/2010 0:00:00,"MBO","WINTER2009-10",2,0.00,0,0,0,0,0,0
2/22/2010 0:00:00,"MBO","WINTER2009-10",2,0.00,0,0,0,0,0,0
2/23/2010 0:00:00,"MBO","WINTER2009-10",2,0.00,0,0,0,0,0,0
2/27/2010 0:00:00,"MBO","WINTER2009-10",2,0.00,0,0,0,0,0,0
2/28/2010 0:00:00,"MBO","WINTER2009-10",2,0.00,0,0,0,0,0,0
3/4/2010 0:00:00,"MBO","WINTER2009-10",2,0.00,0,0,0,0,0,0
3/5/2010 0:00:00,"MBO","WINTER2009-10",2,0.00,0,0,0,0,0,0
3/6/2010 0:00:00,"MBO","WINTER2009-10",1,0.00,0,0,0,0,0,0
3/9/2010 0:00:00,"MBO","WINTER2009-10",2,8.00,0,0,0,0,0,0
3/11/2010 0:00:00,"MBO","WINTER2009-10",4,0.00,0,0,0,0,0,0
3/16/2010 0:00:00,"MBO","WINTER2009-10",3,0.00,0,0,0,0,0,0
3/17/2010 0:00:00,"MBO","WINTER2009-10",4,10.00,0,0,0,0,0,0
3/19/2010 0:00:00,"MBO","WINTER2009-10",1,0.00,0,0,0,0,0,0
3/20/2010 0:00:00,"MBO","WINTER2009-10",1,0.00,0,0,0,0,0,0
3/21/2010 0:00:00,"MBO","WINTER2009-10",4,0.00,0,0,0,0,0,0
3/24/2010 0:00:00,"MBO","WINTER2009-10",2,0.00,0,0,0,0,0,0
3/25/2010 0:00:00,"MBO","WINTER2009-10",7,8.00,0,0,0,0,0,0
3/27/2010 0:00:00,"MBO","WINTER2009-10",5,12.00,0,0,0,0,0,0
3/28/2010 0:00:00,"MBO","SMMP2010",2,0.00,0,0,0,0,0,1.5
3/29/2010 0:00:00,"MBO","SMMP2010",3,0.00,0,0,0,0,0,2
3/30/2010 0:00:00,"MBO","SMMP2010",2,0.00,0,0,0,0,0,1.5
3/31/2010 0:00:00,"MBO","SMMP2010",2,0.00,0,0,0,0,0,1.5
4/1/2010 0:00:00,"MBO","SMMP2010",2,0.00,0,0,0,0,0,1.5
4/2/2010 0:00:00,"MBO","SMMP2010",4,0.00,0,0,0,0,0,2
4/3/2010 0:00:00,"MBO","SMMP2010",3,0.00,0,0,0,0,0,2
4/4/2010 0:00:00,"MBO","SMMP2010",1,0.00,0,0,0,0,0,1.5
4/5/2010 0:00:00,"MBO","SMMP2010",5,0.00,0,0,0,0,0,2
4/6/2010 0:00:00,"MBO","SMMP2010",2,0.00,0,0,0,0,0,1.5
4/7/2010 0:00:00,"MBO","SMMP2010",2,0.00,0,0,0,0,0,1.5
4/8/2010 0:00:00,"MBO","SMMP2010",3,0.00,0,0,0,0,0,2
4/9/2010 0:00:00,"MBO","SMMP2010",3,0.00,0,0,0,0,0,2
4/10/2010 0:00:00,"MBO","SMMP2010",2,0.00,0,0,0,0,0,1.5
4/11/2010 0:00:00,"MBO","SMMP2010",3,0.00,0,0,0,0,0,2
4/12/2010 0:00:00,"MBO","SMMP2010",2,0.00,0,0,0,0,0,1.5
4/13/2010 0:00:00,"MBO","SMMP2010",2,0.00,0,0,0,0,0,1.5
4/14/2010 0:00:00,"MBO","SMMP2010",2,0.00,0,0,0,0,0,1.5
4/15/2010 0:00:00,"MBO","SMMP2010",2,0.00,0,0,0,0,0,1.5
4/16/2010 0:00:00,"MBO","SMMP2010",4,0.00,0,0,0,0,0,2
4/17/2010 0:00:00,"MBO","SMMP2010",2,0.00,0,0,0,0,0,1.5
4/18/2010 0:00:00,"MBO","SMMP2010",4,78.40,0,4.9,0,0,0,4
4/19/2010 0:00:00,"MBO","SMMP2010",14,80.00,0,5,0,0,0,5
4/20/2010 0:00:00,"MBO","SMMP2010",13,80.00,0,5,0,0,0,5
4/21/2010 0:00:00,"MBO","SMMP2010",20,80.00,0,5,0,0,0,5
4/22/2010 0:00:00,"MBO","SMMP2010",10,76.00,0,5,0,0,0,5
4/23/2010 0:00:00,"MBO","SMMP2010",9,80.00,0,5,0,0,0,5
4/24/2010 0:00:00,"MBO","SMMP2010",8,80.00,0,5,0,0,0,4.5
4/25/2010 0:00:00,"MBO","SMMP2010",8.5,80.00,0,5,0,0,0,4.5
4/26/2010 0:00:00,"MBO","SMMP2010",9,80.00,0,5,0,0,0,5
4/27/2010 0:00:00,"MBO","SMMP2010",2.5,0.00,0,0,0,0,0,1.5
4/28/2010 0:00:00,"MBO","SMMP2010",4.2,0.00,0,0,0,0,0,2
4/29/2010 0:00:00,"MBO","SMMP2010",7.5,80.00,0,5,0,0,0,4.5
4/30/2010 0:00:00,"MBO","SMMP2010",7.2,80.00,0,5,0,0,0,4.5
5/1/2010 0:00:00,"MBO","SMMP2010",9,80.00,0,5,0,0,0,5
5/2/2010 0:00:00,"MBO","SMMP2010",4,80.00,0,5,0,0,0,4
5/3/2010 0:00:00,"MBO","SMMP2010",8.7,37.00,0,2.5,0,0,0,3.5
5/4/2010 0:00:00,"MBO","SMMP2010",16,56.00,0,3.5,0,0,0,4.5
5/5/2010 0:00:00,"MBO","SMMP2010",12.5,80.00,0,5,0,0,0,5
5/6/2010 0:00:00,"MBO","SMMP2010",6.7,80.00,0,5,0,0,0,4.5
5/7/2010 0:00:00,"MBO","SMMP2010",14.5,80.00,0,5,0,0,0,5
5/8/2010 0:00:00,"MBO","SMMP2010",8.3,8.00,0,0.5,0,0,0,3
5/9/2010 0:00:00,"MBO","SMMP2010",2.5,0.00,0,0,0,0,0,1.5
5/10/2010 0:00:00,"MBO","SMMP2010",13,80.00,0,5,0,0,0,5
5/11/2010 0:00:00,"MBO","SMMP2010",8.2,80.00,0,5,0,0,0,4.5
5/12/2010 0:00:00,"MBO","SMMP2010",11,80.00,0,5,0,0,0,5
5/13/2010 0:00:00,"MBO","SMMP2010",10,80.00,0,5,0,0,0,5
5/14/2010 0:00:00,"MBO","SMMP2010",6.3,80.00,0,5,0,0,0,4.5
5/15/2010 0:00:00,"MBO","SMMP2010",10.5,80.00,0,0,0,0,0,5
5/16/2010 0:00:00,"MBO","SMMP2010",24.5,80.00,0,5,0,0,0,5
5/17/2010 0:00:00,"AMHI","SEOW",,0.00,,,,0,,
5/17/2010 0:00:00,"MBO","SMMP2010",10.5,80.00,0,5,0,0,0,5
5/18/2010 0:00:00,"MBO","SMMP2010",10.5,80.00,,,,0,,5
5/19/2010 0:00:00,"MBO","SMMP2010",8.5,80.00,0,5,0,0,0,4.5
5/20/2010 0:00:00,"MBO","SMMP2010",6,80.00,0,0,0,0,0,4.5
5/21/2010 0:00:00,"MBO","SMMP2010",7.3,80.00,0,0,0,0,0,4.5
5/22/2010 0:00:00,"MBO","SMMP2010",6,64.00,0,0,0,0,0,4
5/23/2010 0:00:00,"MBO","SMMP2010",7.5,80.00,0,0,0,0,0,4.5
5/24/2010 0:00:00,"MBO","SMMP2010",3.5,80.00,0,0,0,0,0,4
5/25/2010 0:00:00,"MBO","SMMP2010",11,80.00,0,0,0,0,0,5
5/26/2010 0:00:00,"MBO","SMMP2010",12.5,80.00,0,0,0,0,0,5
5/26/2010 0:00:00,"UDEM","PEFA",,0.00,,,,0,,
5/27/2010 0:00:00,"MBO","SMMP2010",7.5,80.00,0,0,0,0,0,4.5
5/28/2010 0:00:00,"MBO","SMMP2010",7.5,80.00,0,0,0,0,0,4.5
5/29/2010 0:00:00,"MBO","SMMP2010",7.3,80.00,0,0,0,0,0,4.5
5/30/2010 0:00:00,"MBO","SMMP2010",3.5,56.00,0,0,0,0,0,3.5
5/31/2010 0:00:00,"MBO","SMMP2010",4.5,80.00,0,0,0,0,0,4
6/1/2010 0:00:00,"MBO","SMMP2010",5.5,20.00,0,0,0,0,0,2.5
6/2/2010 0:00:00,"MBO","SMMP2010",1,0.00,0,0,0,0,0,1.5
6/3/2010 0:00:00,"AMHI","SEOW",,0.00,,,,0,,
6/3/2010 0:00:00,"MBO","SMMP2010",2,0.00,0,0,0,0,0,1.5
6/4/2010 0:00:00,"MBO","SMMP2010",2,0.00,0,0,0,0,0,1.5
6/5/2010 0:00:00,"MBO","SMMP2010",2,0.00,0,0,0,0,0,1.5
6/7/2010 0:00:00,"MBO","MAPS2010",0,54.00,0,0,0,,0,0
6/7/2010 0:00:00,"NICH","NICHOIR",,0.00,,,,0,,
6/10/2010 0:00:00,"PORT","PEFA",,0.00,,,,0,,
6/11/2010 0:00:00,"MERC","PEFA",,0.00,,,,0,,
6/13/2010 0:00:00,"MBO","MAPS2010",0,54.00,0,0,0,,0,0
6/14/2010 0:00:00,"BEDF","PEFA",,0.00,,,,0,,
6/27/2010 0:00:00,"MBO","MAPS2010",0,54.00,0,0,0,,0,0
7/5/2010 0:00:00,"MBO","MAPS2010",0,54.00,0,0,0,,0,0
7/8/2010 0:00:00,"CHAM","PEFA",,0.00,,,,0,,
7/12/2010 0:00:00,"MBO","MAPS2010",0,54.00,0,0,0,,0,0
7/15/2010 0:00:00,"MBO","MAPS2010",0,0.00,0,0,0,,0,0
7/18/2010 0:00:00,"NICH","NICHOIR",,0.00,,,,0,,
7/21/2010 0:00:00,"MBO","MAPS2010",0,0.00,0,0,0,,0,0
7/25/2010 0:00:00,"MBO","MAPS2010",0,54.00,0,0,0,,0,0
7/25/2010 0:00:00,"NICH","NICHOIR",,0.00,,,,0,,
7/30/2010 0:00:00,"MBO","MAPS2010",0,54.00,0,0,0,,0,0
8/1/2010 0:00:00,"MBO","FMMP2010",4.8,80.00,0,0,0,0,0,4
8/2/2010 0:00:00,"MBO","FMMP2010",2,72.00,0,0,0,0,0,3
8/3/2010 0:00:00,"MBO","FMMP2010",0,0.00,0,0,0,0,0,1
8/4/2010 0:00:00,"MBO","FMMP2010",11,76.00,0,0,0,0,0,5
8/5/2010 0:00:00,"MBO","FMMP2010",2.5,80.00,0,0,0,0,0,3.5
8/6/2010 0:00:00,"MBO","FMMP2010",2.5,80.00,0,0,0,0,0,3.5
8/7/2010 0:00:00,"MBO","FMMP2010",7.5,80.00,0,0,0,0,0,4.5
8/8/2010 0:00:00,"MBO","FMMP2010",8.3,80.00,0,0,0,0,0,4.5
8/9/2010 0:00:00,"MBO","FMMP2010",6,80.00,0,0,0,0,0,4.5
8/10/2010 0:00:00,"MBO","FMMP2010",8.5,80.00,,,,0,,4.5
8/11/2010 0:00:00,"MBO","FMMP2010",10.8,78.00,0,0,0,0,0,5
8/12/2010 0:00:00,"MBO","FMMP2010",12.5,80.00,0,0,0,0,0,5
8/13/2010 0:00:00,"MBO","FMMP2010",4,80.00,0,0,0,0,0,4
8/14/2010 0:00:00,"MBO","FMMP2010",5.8,80.00,0,0,0,0,0,4
8/15/2010 0:00:00,"MBO","FMMP2010",8.8,60.00,0,0,0,0,0,4
8/16/2010 0:00:00,"MBO","FMMP2010",3.8,48.50,0,0,0,0,0,3
8/16/2010 0:00:00,"NICH","NICHOIR",,0.00,,,,0,,
8/17/2010 0:00:00,"MBO","FMMP2010",7.5,80.00,0,0,0,0,0,4.5
8/18/2010 0:00:00,"MBO","FMMP2010",10.3,80.00,0,0,0,0,0,5
8/19/2010 0:00:00,"MBO","FMMP2010",9.5,80.00,0,0,0,0,0,5
8/20/2010 0:00:00,"MBO","FMMP2010",4,80.00,0,0,0,0,0,4
8/21/2010 0:00:00,"MBO","FMMP2010",4.5,80.00,0,0,0,0,0,4
8/22/2010 0:00:00,"MBO","FMMP2010",3,64.00,0,0,0,0,0,3.5
8/23/2010 0:00:00,"MBO","FMMP2010",6,60.00,0,0,0,0,0,4
8/23/2010 0:00:00,"NICH","NICHOIR",,0.00,,,,0,,
8/24/2010 0:00:00,"MBO","FMMP2010",10,80.00,0,0,0,0,0,5
8/25/2010 0:00:00,"MBO","FMMP2010",8.3,80.00,0,0,0,0,0,4.5
8/26/2010 0:00:00,"MBO","FMMP2010",3,80.00,0,0,0,0,0,4
8/27/2010 0:00:00,"MBO","FMMP2010",8,80.00,0,0,0,0,0,4.5
8/28/2010 0:00:00,"MBO","FMMP2010",4.5,80.00,0,0,0,0,0,4
8/29/2010 0:00:00,"MBO","FMMP2010",8,80.00,0,0,0,0,0,4.5
8/30/2010 0:00:00,"MBO","FMMP2010",3.5,80.00,0,0,0,0,0,4
8/30/2010 0:00:00,"NICH","NICHOIR",,0.00,,,,0,,
8/31/2010 0:00:00,"MBO","FMMP2010",10,80.00,0,0,0,0,0,5
9/1/2010 0:00:00,"MBO","FMMP2010",14,80.00,0,0,0,0,0,5
9/2/2010 0:00:00,"MBO","FMMP2010",7.5,80.00,0,0,0,0,0,4.5
9/3/2010 0:00:00,"MBO","FMMP2010",3,80.00,0,0,0,0,0,4
9/4/2010 0:00:00,"MBO","FMMP2010",2.5,76.00,0,0,0,0,0,3.5
9/5/2010 0:00:00,"MBO","FMMP2010",6.5,72.50,0,0,0,0,0,4
9/6/2010 0:00:00,"MBO","FMMP2010",9,80.00,0,0,0,0,0,5
9/7/2010 0:00:00,"MBO","FMMP2010",7.5,20.00,0,0,0,0,0,3
9/8/2010 0:00:00,"MBO","FMMP2010",7,44.00,0,0,0,0,0,3.5
9/9/2010 0:00:00,"MBO","FMMP2010",9,80.00,0,0,0,0,0,5
9/10/2010 0:00:00,"MBO","FMMP2010",12,80.00,0,0,0,0,0,5
9/11/2010 0:00:00,"MBO","FMMP2010",5.5,80.00,0,0,0,0,0,4
9/12/2010 0:00:00,"MBO","FMMP2010",8.5,80.00,0,0,0,0,0,4.5
9/13/2010 0:00:00,"MBO","FMMP2010",5.5,52.00,0,0,0,0,0,3.5
9/14/2010 0:00:00,"MBO","FMMP2010",17,80.00,0,0,0,0,0,5
9/15/2010 0:00:00,"MBO","FMMP2010",6,80.00,0,0,0,0,0,4.5
9/16/2010 0:00:00,"MBO","FMMP2010",9.5,80.00,0,0,0,0,0,5
9/17/2010 0:00:00,"MBO","FMMP2010",9.5,80.00,0,0,0,0,0,5
9/18/2010 0:00:00,"MBO","FMMP2010",4.5,80.00,0,0,0,0,0,4
9/19/2010 0:00:00,"MBO","FMMP2010",7,80.00,0,0,0,0,0,4.5
9/20/2010 0:00:00,"MBO","FMMP2010",6.5,80.00,0,0,0,0,0,4.5
9/21/2010 0:00:00,"MBO","FMMP2010",9.3,65.00,0,0,0,0,0,4.5
9/22/2010 0:00:00,"MBO","FMMP2010",5.5,24.00,0,0,0,0,0,2.5
9/23/2010 0:00:00,"MBO","FMMP2010",14.5,80.00,0,0,0,0,0,5
9/24/2010 0:00:00,"MBO","FMMP2010",12.5,28.00,0,0,0,0,0,4
9/25/2010 0:00:00,"MBO","FMMP2010",22.8,68.00,0,0,0,0,0,4.5
9/25/2010 0:00:00,"MBO","OWLS2010",,28.00,,,,,,
9/26/2010 0:00:00,"MBO","FMMP2010",17,48.00,0,0,0,0,0,4
9/26/2010 0:00:00,"MBO","OWLS2010",,28.00,,,,,,
9/27/2010 0:00:00,"MBO","FMMP2010",15,60.00,,,,0,,4.5
9/28/2010 0:00:00,"MBO","FMMP2010",0,0.00,0,0,0,0,0,1
9/29/2010 0:00:00,"MBO","FMMP2010",13,56.00,0,0,0,0,0,4.5
9/29/2010 0:00:00,"MBO","OWLS2010",,35.00,,,,0,,
9/30/2010 0:00:00,"MBO","FMMP2010",4,0.50,0,0,0,0,0,2
10/1/2010 0:00:00,"MBO","FMMP2010",8.8,30.00,0,0,0,0,0,3.5
10/1/2010 0:00:00,"MBO","OWLS2010",,35.00,,,,,,
10/2/2010 0:00:00,"MBO","FMMP2010",20.5,80.00,0,0,0,0,0,5
10/2/2010 0:00:00,"MBO","OWLS2010",,42.00,,,,,,
10/3/2010 0:00:00,"MBO","FMMP2010",20,80.00,0,0,0,0,0,5
10/3/2010 0:00:00,"MBO","OWLS2010",,35.00,,,,,,
10/4/2010 0:00:00,"MBO","FMMP2010",15,80.00,0,0,0,0,0,5
10/4/2010 0:00:00,"MBO","OWLS2010",,28.00,,,,,,
10/5/2010 0:00:00,"MBO","FMMP2010",24.5,76.00,0,0,0,0,0,5
10/5/2010 0:00:00,"MBO","OWLS2010",,34.00,,,,,,
10/6/2010 0:00:00,"MBO","FMMP2010",9.5,33.00,0,0,0,0,0,4
10/7/2010 0:00:00,"MBO","FMMP2010",4,6.00,0,0,0,0,0,2.5
10/7/2010 0:00:00,"MBO","OWLS2010",,22.00,,,,,,
10/8/2010 0:00:00,"MBO","FMMP2010",10.5,45.00,0,0,0,0,0,4
10/8/2010 0:00:00,"MBO","OWLS2010",,23.00,,,,,,
10/9/2010 0:00:00,"MBO","FMMP2010",13.5,60.00,0,0,0,0,0,4.5
10/9/2010 0:00:00,"MBO","OWLS2010",,32.00,,,,,,
10/10/2010 0:00:00,"MBO","FMMP2010",13,72.00,0,0,0,0,0,4.5
10/10/2010 0:00:00,"MBO","OWLS2010",,28.00,,,,,,
10/11/2010 0:00:00,"MBO","FMMP2010",6.5,60.00,0,0,0,0,0,4
10/11/2010 0:00:00,"MBO","OWLS2010",,58.00,,,,,,
10/12/2010 0:00:00,"MBO","FMMP2010",14,80.00,0,0,0,0,0,5
10/12/2010 0:00:00,"MBO","OWLS2010",,49.00,,,,,,
10/13/2010 0:00:00,"MBO","FMMP2010",13,80.00,0,0,0,0,0,5
10/13/2010 0:00:00,"MBO","OWLS2010",,35.00,,,,,,
10/14/2010 0:00:00,"MBO","FMMP2010",13,78.00,0,0,0,0,0,5
10/14/2010 0:00:00,"MBO","OWLS2010",,21.00,,,,,,
10/15/2010 0:00:00,"MBO","FMMP2010",0,0.00,0,0,0,0,0,1
10/16/2010 0:00:00,"MBO","FMMP2010",9.3,60.00,0,0,0,0,0,4.5
10/16/2010 0:00:00,"MBO","OWLS2010",,16.00,,,,,,
10/17/2010 0:00:00,"MBO","FMMP2010",12.8,48.00,0,0,0,0,0,4
10/17/2010 0:00:00,"MBO","OWLS2010",,37.30,,,,,,
10/18/2010 0:00:00,"MBO","FMMP2010",9,76.00,0,0,0,0,0,5
10/18/2010 0:00:00,"MBO","OWLS2010",,84.00,,,,,,
10/19/2010 0:00:00,"MBO","FMMP2010",12.3,78.00,0,0,0,0,0,5
10/19/2010 0:00:00,"MBO","OWLS2010",,31.50,,,,,,
10/20/2010 0:00:00,"MBO","FMMP2010",13,80.00,0,0,0,0,0,5
10/20/2010 0:00:00,"MBO","OWLS2010",,28.00,,,,,,
10/21/2010 0:00:00,"MBO","FMMP2010",0,0.00,0,0,0,0,0,1
10/22/2010 0:00:00,"MBO","FMMP2010",9.5,76.00,0,0,0,0,0,5
10/22/2010 0:00:00,"MBO","OWLS2010",,8.00,,,,,,
10/23/2010 0:00:00,"MBO","FMMP2010",9.8,80.00,0,0,0,0,0,5
10/23/2010 0:00:00,"MBO","OWLS2010",,73.50,,,,,,
10/24/2010 0:00:00,"MBO","FMMP2010",12,80.00,0,0,0,0,0,5
10/25/2010 0:00:00,"MBO","FMMP2010",4,33.00,0,0,0,0,0,3
10/26/2010 0:00:00,"MBO","FMMP2010",8.5,80.00,0,0,0,0,0,4.5
10/26/2010 0:00:00,"MBO","OWLS2010",,23.30,,,,,,
10/27/2010 0:00:00,"MBO","FMMP2010",14.5,80.00,,,,0,,5
10/27/2010 0:00:00,"MBO","OWLS2010",,35.00,,,,0,,
10/28/2010 0:00:00,"MBO","FMMP2010",6,58.00,0,0,0,0,0,4
10/29/2010 0:00:00,"MBO","FMMP2010",9,80.00,0,0,0,0,0,5
10/29/2010 0:00:00,"MBO","OWLS2010",,35.50,,,,,,
10/30/2010 0:00:00,"MBO","FMMP2010",17.3,80.00,0,0,0,0,0,5
10/31/2010 0:00:00,"MBO","OWLS2010",,42.00,,,,,,
11/1/2010 0:00:00,"MBO","OWLS2010",,47.30,,,,,,
11/1/2010 0:00:00,"MBO","WINTER2010-11",2,22.00,0,0,0,0,0,0
11/2/2010 0:00:00,"MBO","OWLS2010",,32.00,,,,,,
11/3/2010 0:00:00,"MBO","OWLS2010",,59.50,,,,,,
11/3/2010 0:00:00,"MBO","WINTER2010-11",2,14.00,0,0,0,0,0,0
11/6/2010 0:00:00,"MBO","WINTER2010-11",5,14.00,0,0,0,0,0,0
11/7/2010 0:00:00,"MBO","OWLS2010",,47.30,,,,,,
11/8/2010 0:00:00,"MBO","WINTER2010-11",4,18.00,0,0,0,0,0,0
11/9/2010 0:00:00,"MBO","OWLS2010",,47.30,,,,,,
11/10/2010 0:00:00,"MBO","OWLS2010",,36.80,,,,,,
11/11/2010 0:00:00,"MBO","OWLS2010",,47.30,,,,,,
11/11/2010 0:00:00,"MBO","WINTER2010-11",2,16.00,0,0,0,0,0,0
11/14/2010 0:00:00,"MBO","OWLS2010",,26.30,,,,,,
11/16/2010 0:00:00,"MBO","WINTER2010-11",4,15.00,0,0,0,0,0,0
11/19/2010 0:00:00,"MBO","WINTER2010-11",1,0.00,0,0,0,0,0,0
11/20/2010 0:00:00,"MBO","WINTER2010-11",2,0.00,0,0,0,0,0,0
11/24/2010 0:00:00,"MBO","WINTER2010-11",2,0.00,0,0,0,0,0,0
11/25/2010 0:00:00,"MBO","WINTER2010-11",4,10.00,0,0,0,0,0,0
12/20/2010 0:00:00,"MBO","WINTER2010-11",0,0.00,0,0,0,,0,0
1/3/2011 0:00:00,"MBO","WINTER2010-11",2,0.00,0,0,0,0,0,0
1/4/2011 0:00:00,"MBO","WINTER2010-11",2,0.00,0,0,0,0,0,0
1/6/2011 0:00:00,"MBO","WINTER2010-11",1,0.00,0,0,0,0,0,0
1/7/2011 0:00:00,"MBO","WINTER2010-11",1,0.00,0,0,0,0,0,0
1/9/2011 0:00:00,"MBO","WINTER2010-11",1,0.00,0,0,0,0,0,0
1/11/2011 0:00:00,"MBO","WINTER2010-11",1,0.00,0,0,0,0,0,0
1/18/2011 0:00:00,"MBO","WINTER2010-11",1,0.00,0,0,0,0,0,0
1/19/2011 0:00:00,"MBO","WINTER2010-11",1,0.00,0,0,0,0,0,0
1/21/2011 0:00:00,"MBO","WINTER2010-11",1,0.00,0,0,0,0,0,0
1/27/2011 0:00:00,"MBO","WINTER2010-11",0,0.00,0,0,0,0,0,0
1/28/2011 0:00:00,"MBO","WINTER2010-11",1,0.00,0,0,0,0,0,0
1/29/2011 0:00:00,"MBO","WINTER2010-11",2,0.00,0,0,0,0,0,0
2/11/2011 0:00:00,"MBO","WINTER2010-11",3,0.00,0,0,0,0,0,0
2/13/2011 0:00:00,"MBO","WINTER2010-11",2,0.00,0,0,0,0,0,0
2/16/2011 0:00:00,"MBO","WINTER2010-11",1,0.00,0,0,0,0,0,0
2/17/2011 0:00:00,"MBO","WINTER2010-11",1,0.00,0,0,0,0,0,0
2/20/2011 0:00:00,"MBO","WINTER2010-11",2,1.00,0,0,0,0,0,0
2/21/2011 0:00:00,"MBO","WINTER2010-11",1,0.00,0,0,0,0,0,0
3/1/2011 0:00:00,"MBO","WINTER2010-11",,10.00,0,0,0,,0,0
3/9/2011 0:00:00,"MBO","WINTER2010-11",,,,,,,,
3/12/2011 0:00:00,"MBO","WINTER2010-11",,,,,,,,
3/13/2011 0:00:00,"MBO","WINTER2010-11",0,12.00,0,0,0,,0,0
3/14/2011 0:00:00,"MBO","WINTER2010-11",,,,,,,,
3/19/2011 0:00:00,"MBO","WINTER2010-11",,,,,,,,
3/25/2011 0:00:00,"MBO","WINTER2010-11",,,,,,,,
3/27/2011 0:00:00,"MBO","WINTER2010-11",,,,,,,,
3/28/2011 0:00:00,"MBO","SMMP2011",3,0.00,0,0,0,0,0,2
3/29/2011 0:00:00,"MBO","SMMP2011",2,0.00,0,0,0,0,0,1.5
3/30/2011 0:00:00,"MBO","SMMP2011",2,0.00,0,0,0,0,0,1.5
3/31/2011 0:00:00,"MBO","SMMP2011",3,0.00,0,0,0,0,0,2
4/1/2011 0:00:00,"MBO","SMMP2011",4,0.00,0,0,0,0,0,2
4/2/2011 0:00:00,"MBO","SMMP2011",3,0.00,0,0,0,0,0,2
4/3/2011 0:00:00,"MBO","SMMP2011",2,0.00,0,0,0,0,0,1.5
4/4/2011 0:00:00,"MBO","SMMP2011",3,0.00,0,0,0,0,0,2
4/5/2011 0:00:00,"MBO","SMMP2011",3,0.00,0,0,0,0,0,2
4/6/2011 0:00:00,"MBO","SMMP2011",3,0.00,0,0,0,0,0,2
4/7/2011 0:00:00,"MBO","SMMP2011",1,0.00,0,0,0,0,0,1.5
4/8/2011 0:00:00,"MBO","SMMP2011",3,0.00,0,0,0,0,0,2
4/9/2011 0:00:00,"MBO","SMMP2011",3,0.00,0,0,0,0,0,2
4/10/2011 0:00:00,"MBO","SMMP2011",4,0.00,0,0,0,0,0,2
4/11/2011 0:00:00,"MBO","SMMP2011",3,0.00,0,0,0,0,0,2
4/12/2011 0:00:00,"MBO","SMMP2011",3,0.00,0,0,0,0,0,2
4/13/2011 0:00:00,"MBO","SMMP2011",3,0.00,0,0,0,0,0,2
4/14/2011 0:00:00,"MBO","SMMP2011",2,0.00,0,0,0,0,0,1.5
4/15/2011 0:00:00,"MBO","SMMP2011",3,0.00,0,0,0,0,0,2
4/16/2011 0:00:00,"MBO","SMMP2011",3,0.00,0,0,0,0,0,2
4/17/2011 0:00:00,"MBO","SMMP2011",1,0.00,0,0,0,0,0,1.5
4/18/2011 0:00:00,"MBO","SMMP2011",11.5,52.50,0,0,0,0,0,4.5
4/19/2011 0:00:00,"MBO","SMMP2011",14,75.00,0,0,0,0,0,5
4/20/2011 0:00:00,"MBO","SMMP2011",2.3,0.00,0,0,0,0,0,1.5
4/21/2011 0:00:00,"MBO","SMMP2011",8.3,50.00,0,0,0,0,0,4
4/22/2011 0:00:00,"MBO","SMMP2011",9,75.00,0,0,0,0,0,5
4/23/2011 0:00:00,"MBO","SMMP2011",4,0.00,0,0,0,0,0,2
4/24/2011 0:00:00,"MBO","SMMP2011",13,75.00,0,0,0,0,0,5
4/25/2011 0:00:00,"MBO","SMMP2011",12.3,75.00,0,0,0,0,0,5
4/26/2011 0:00:00,"MBO","SMMP2011",1.2,11.00,0,0,0,0,0,2
4/27/2011 0:00:00,"MBO","SMMP2011",8.8,55.00,0,0,0,0,0,4
4/28/2011 0:00:00,"MBO","SMMP2011",4,5.00,0,0,0,0,0,2.5
4/29/2011 0:00:00,"MBO","SMMP2011",14.5,75.00,0,0,0,0,0,5
4/30/2011 0:00:00,"MBO","SMMP2011",18,75.00,0,0,0,0,0,5
5/1/2011 0:00:00,"MBO","SMMP2011",12.5,80.00,0,0,0,0,0,5
5/2/2011 0:00:00,"MBO","SMMP2011",8,80.00,0,0,0,0,0,4.5
5/3/2011 0:00:00,"MBO","SMMP2011",7,80.00,0,0,0,0,0,4.5
5/4/2011 0:00:00,"MBO","SMMP2011",3,7.50,0,0,0,0,0,2.5
5/5/2011 0:00:00,"MBO","SMMP2011",0.8,0.00,0,0,0,0,0,1.5
5/6/2011 0:00:00,"MBO","SMMP2011",10.5,80.00,0,0,0,0,0,5
5/7/2011 0:00:00,"MBO","SMMP2011",12,80.00,0,0,0,0,0,5
5/8/2011 0:00:00,"MBO","SMMP2011",16,80.00,0,0,0,0,0,5
5/9/2011 0:00:00,"MBO","SMMP2011",11.5,80.00,0,0,0,0,0,5
5/10/2011 0:00:00,"MBO","SMMP2011",17,80.00,0,0,0,0,0,5
5/11/2011 0:00:00,"MBO","SMMP2011",13.5,80.00,0,0,0,0,0,5
5/12/2011 0:00:00,"MBO","SMMP2011",9,80.00,0,0,0,0,0,5
5/13/2011 0:00:00,"MBO","SMMP2011",11.5,80.00,0,0,0,0,0,5
5/14/2011 0:00:00,"MBO","SMMP2011",3,0.00,0,0,0,0,0,2
5/15/2011 0:00:00,"MBO","SMMP2011",0,0.00,0,0,0,0,0,1
5/16/2011 0:00:00,"MBO","SMMP2011",2,0.00,0,0,0,0,0,1.5
5/17/2011 0:00:00,"MBO","SMMP2011",3,0.00,0,0,0,0,0,2
5/18/2011 0:00:00,"MBO","SMMP2011",7.8,15.00,0,0,0,0,0,3
5/19/2011 0:00:00,"MBO","SMMP2011",3,34.00,0,0,0,0,0,3
5/20/2011 0:00:00,"MBO","SMMP2011",6.5,75.00,0,0,0,0,0,4.5
5/21/2011 0:00:00,"MBO","SMMP2011",14.8,75.00,0,0,0,0,0,5
5/22/2011 0:00:00,"MBO","SMMP2011",6,80.00,,,,0,,4.5
5/23/2011 0:00:00,"MBO","SMMP2011",12.5,80.00,0,0,0,0,0,5
5/24/2011 0:00:00,"MBO","SMMP2011",6.5,75.00,0,0,0,0,0,4.5
5/25/2011 0:00:00,"MBO","SMMP2011",15.5,75.00,,,,0,,5
5/25/2011 0:00:00,"NICH","NICHOIR",,0.00,,,,0,,
5/26/2011 0:00:00,"MBO","SMMP2011",7.3,80.00,,,,0,,4.5
5/26/2011 0:00:00,"UDEM","PEFA",,0.00,,,,0,,
5/27/2011 0:00:00,"MBO","SMMP2011",3,8.00,0,0,0,0,0,2.5
5/28/2011 0:00:00,"MBO","SMMP2011",3,58.00,0,0,0,0,0,3.5
5/29/2011 0:00:00,"MBO","SMMP2011",3,30.00,0,0,0,0,0,3
5/30/2011 0:00:00,"MBO","SMMP2011",10.5,80.00,0,0,0,0,0,5
5/31/2011 0:00:00,"MBO","SMMP2011",9,80.00,0,0,0,0,0,5
6/1/2011 0:00:00,"MBO","SMMP2011",14.3,80.00,0,0,0,0,0,5
6/2/2011 0:00:00,"MBO","SMMP2011",0,0.00,0,0,0,0,0,1
6/3/2011 0:00:00,"MBO","SMMP2011",0,0.00,0,0,0,0,0,1
6/4/2011 0:00:00,"MBO","SMMP2011",0,0.00,0,0,0,0,0,1
6/5/2011 0:00:00,"MBO","SMMP2011",0,0.00,0,0,0,0,0,1
6/6/2011 0:00:00,"MBO","MAPS2011",0,54.00,0,0,0,0,0,0
6/14/2011 0:00:00,"MBO","MAPS2011",0,54.00,0,0,0,0,0,0
6/26/2011 0:00:00,"MBO","MAPS2011",0,54.00,0,0,0,0,0,0
7/1/2011 0:00:00,"RMGC","NEST2011",,0.00,,,,0,,
7/4/2011 0:00:00,"MBO","MAPS2011",0,54.00,0,0,0,,0,0
7/6/2011 0:00:00,"RMGC","NEST2011",,0.00,,,,0,,
7/7/2011 0:00:00,"MBO","NEST2011",0,0.00,0,0,0,,0,0
7/9/2011 0:00:00,"RMGC","NEST2011",,0.00,,,,0,,
7/16/2011 0:00:00,"NICH","NICHOIR",,0.00,,,,0,,
7/21/2011 0:00:00,"MBO","MAPS2011",0,54.00,0,0,0,0,0,0
7/22/2011 0:00:00,"NICH","NICHOIR",,0.00,,,,0,,
7/25/2011 0:00:00,"MBO","MAPS2011",0,54.00,0,0,0,0,0,0
7/29/2011 0:00:00,"RMGC","NEST2011",,0.00,,,,0,,
7/31/2011 0:00:00,"MBO","MAPS2011",0,54.00,0,0,0,0,0,0
8/1/2011 0:00:00,"MBO","FMMP2011",7.5,77.50,0,0,0,0,0,4.5
8/1/2011 0:00:00,"NICH","NICHOIR",,0.00,,,,0,,
8/2/2011 0:00:00,"MBO","FMMP2011",7.5,80.00,0,0,0,0,0,4.5
8/3/2011 0:00:00,"MBO","FMMP2011",11.5,80.00,0,0,0,0,0,5
8/4/2011 0:00:00,"MBO","FMMP2011",7,80.00,0,0,0,0,0,4.5
8/5/2011 0:00:00,"MBO","FMMP2011",8.8,80.00,0,0,0,0,0,4.5
8/6/2011 0:00:00,"MBO","FMMP2011",14,80.00,0,0,0,0,0,5
8/7/2011 0:00:00,"MBO","FMMP2011",15,80.00,0,0,0,0,0,5
8/8/2011 0:00:00,"MBO","FMMP2011",9,80.00,0,0,0,0,0,5
8/9/2011 0:00:00,"MBO","FMMP2011",7,80.00,0,0,0,0,0,4.5
8/10/2011 0:00:00,"MBO","FMMP2011",12.5,80.00,0,0,0,0,0,5
8/11/2011 0:00:00,"MBO","FMMP2011",8,80.00,0,0,0,0,0,4.5
8/12/2011 0:00:00,"MBO","FMMP2011",12.5,80.00,0,0,0,0,0,5
8/13/2011 0:00:00,"MBO","FMMP2011",14,80.00,0,0,0,0,0,5
8/14/2011 0:00:00,"MBO","FMMP2011",5,80.00,0,0,0,0,0,4
8/15/2011 0:00:00,"MBO","FMMP2011",4.8,80.00,0,0,0,0,0,4
8/16/2011 0:00:00,"MBO","FMMP2011",9,80.00,0,0,0,0,0,5
8/17/2011 0:00:00,"MBO","FMMP2011",16.5,80.00,0,0,0,0,0,5
8/18/2011 0:00:00,"MBO","FMMP2011",6,80.00,0,0,0,0,0,4.5
8/19/2011 0:00:00,"MBO","FMMP2011",6.8,80.00,0,0,0,0,0,4.5
8/20/2011 0:00:00,"MBO","FMMP2011",12.3,80.00,0,0,0,0,0,5
8/21/2011 0:00:00,"MBO","FMMP2011",1.5,0.00,0,0,0,0,0,1.5
8/22/2011 0:00:00,"MBO","FMMP2011",7.3,26.00,0,0,0,0,0,3.5
8/22/2011 0:00:00,"NICH","NICHOIR",,0.00,,,,0,,
8/23/2011 0:00:00,"MBO","FMMP2011",12,80.00,0,0,0,0,0,5
8/24/2011 0:00:00,"MBO","FMMP2011",22.8,80.00,0,0,0,0,0,5
8/25/2011 0:00:00,"MBO","FMMP2011",2.5,16.00,0,0,0,0,0,2
8/26/2011 0:00:00,"MBO","FMMP2011",7,80.00,0,0,0,0,0,4.5
8/27/2011 0:00:00,"MBO","FMMP2011",12,80.00,0,0,0,0,0,5
8/28/2011 0:00:00,"MBO","FMMP2011",9,64.00,0,0,0,0,0,4.5
8/29/2011 0:00:00,"MBO","FMMP2011",8.5,80.00,0,0,0,0,0,4.5
8/30/2011 0:00:00,"MBO","FMMP2011",11.5,77.60,0,0,0,0,0,5
8/30/2011 0:00:00,"NICH","NICHOIR",,0.00,,,,0,,
8/31/2011 0:00:00,"MBO","FMMP2011",6.5,80.00,0,0,0,0,0,4.5
9/1/2011 0:00:00,"MBO","FMMP2011",9.8,80.00,0,0,0,0,0,5
9/2/2011 0:00:00,"MBO","FMMP2011",8,80.00,0,0,0,0,0,4.5
9/3/2011 0:00:00,"MBO","FMMP2011",12.5,80.00,0,0,0,0,0,5
9/4/2011 0:00:00,"MBO","FMMP2011",6.3,54.00,0,0,0,0,0,4
9/5/2011 0:00:00,"MBO","FMMP2011",0.5,0.00,0,0,0,0,0,1.5
9/6/2011 0:00:00,"MBO","FMMP2011",11,80.00,0,0,0,0,0,5
9/7/2011 0:00:00,"MBO","FMMP2011",14,80.00,0,0,0,0,0,5
9/8/2011 0:00:00,"MBO","FMMP2011",7.5,80.00,0,0,0,0,0,4.5
9/9/2011 0:00:00,"MBO","FMMP2011",10.5,80.00,0,0,0,0,0,5
9/10/2011 0:00:00,"MBO","FMMP2011",17,80.00,0,0,0,0,0,5
9/11/2011 0:00:00,"MBO","FMMP2011",14.8,80.00,0,0,0,0,0,5
9/12/2011 0:00:00,"MBO","FMMP2011",8.3,80.00,0,0,0,0,0,4.5
9/13/2011 0:00:00,"MBO","FMMP2011",13.5,72.00,0,0,0,0,0,4.5
9/14/2011 0:00:00,"MBO","FMMP2011",8.5,80.00,0,0,0,0,0,4.5
9/15/2011 0:00:00,"MBO","FMMP2011",1.5,0.00,0,0,0,0,0,1.5
9/16/2011 0:00:00,"MBO","FMMP2011",10,80.00,0,0,0,0,0,5
9/17/2011 0:00:00,"MBO","FMMP2011",12,80.00,0,0,0,0,0,5
9/18/2011 0:00:00,"MBO","FMMP2011",19,80.00,0,0,0,0,0,5
9/19/2011 0:00:00,"MBO","FMMP2011",8,80.00,0,0,0,0,0,4.5
9/20/2011 0:00:00,"MBO","FMMP2011",9.5,36.00,0,0,0,0,0,4
9/21/2011 0:00:00,"MBO","FMMP2011",26.2,80.00,0,0,0,0,0,5
9/22/2011 0:00:00,"MBO","FMMP2011",18,80.00,0,0,0,0,0,5
9/23/2011 0:00:00,"MBO","FMMP2011",10.5,80.00,0,0,0,0,0,5
9/24/2011 0:00:00,"MBO","FMMP2011",9.8,80.00,0,0,0,0,0,5
9/25/2011 0:00:00,"MBO","FMMP2011",8.5,80.00,0,0,0,0,0,4.5
9/26/2011 0:00:00,"MBO","FMMP2011",7.8,80.00,0,0,0,0,0,4.5
9/26/2011 0:00:00,"MBO","OWLS2011",,28.00,,,,,,
9/27/2011 0:00:00,"MBO","FMMP2011",14,80.00,0,0,0,0,0,5
9/27/2011 0:00:00,"MBO","OWLS2011",,28.00,,,,,,
9/28/2011 0:00:00,"MBO","FMMP2011",12.8,64.00,0,0,0,0,0,4.5
9/28/2011 0:00:00,"MBO","OWLS2011",,26.30,,,,,,
9/29/2011 0:00:00,"MBO","FMMP2011",13.8,56.00,0,0,0,0,0,4.5
9/30/2011 0:00:00,"MBO","FMMP2011",16.8,74.00,0,0,0,0,0,4.5
9/30/2011 0:00:00,"MBO","OWLS2011",,42.00,,,,0,,
10/1/2011 0:00:00,"MBO","FMMP2011",19,80.00,,,,0,,5
10/2/2011 0:00:00,"MBO","FMMP2011",18.3,71.00,0,0,0,0,0,4.5
10/2/2011 0:00:00,"MBO","OWLS2011",,25.00,,,,,,
10/3/2011 0:00:00,"MBO","FMMP2011",21,64.00,0,0,0,0,0,4.5
10/3/2011 0:00:00,"MBO","OWLS2011",,42.00,,,,,,
10/4/2011 0:00:00,"MBO","FMMP2011",19,80.00,0,0,0,0,0,5
10/4/2011 0:00:00,"MBO","OWLS2011",,73.50,,,,,,
10/5/2011 0:00:00,"MBO","FMMP2011",21,70.00,0,0,0,0,0,4.5
10/5/2011 0:00:00,"MBO","OWLS2011",,73.50,,,,,,
10/6/2011 0:00:00,"MBO","FMMP2011",15.5,80.00,0,0,0,0,0,5
10/6/2011 0:00:00,"MBO","OWLS2011",,71.20,,,,,,
10/7/2011 0:00:00,"MBO","FMMP2011",7,80.00,0,0,0,0,0,4.5
10/7/2011 0:00:00,"MBO","OWLS2011",,64.80,,,,,,
10/8/2011 0:00:00,"MBO","FMMP2011",13.3,80.00,0,0,0,0,0,5
10/8/2011 0:00:00,"MBO","OWLS2011",,42.00,,,,,,
10/9/2011 0:00:00,"MBO","FMMP2011",14.5,80.00,0,0,0,0,0,5
10/9/2011 0:00:00,"MBO","OWLS2011",,32.10,,,,,,
10/10/2011 0:00:00,"MBO","FMMP2011",9,80.00,0,0,0,0,0,5
10/10/2011 0:00:00,"MBO","OWLS2011",,70.00,,,,,,
10/11/2011 0:00:00,"MBO","FMMP2011",14,72.00,0,0,0,0,0,4.5
10/11/2011 0:00:00,"MBO","OWLS2011",,32.10,,,,,,
10/12/2011 0:00:00,"MBO","FMMP2011",16,80.00,,,,0,,5
10/12/2011 0:00:00,"MBO","OWLS2011",,43.80,,,,,,
10/13/2011 0:00:00,"MBO","FMMP2011",5.3,15.00,0,0,0,0,0,2.5
10/13/2011 0:00:00,"MBO","OWLS2011",,38.50,,,,,,
10/14/2011 0:00:00,"MBO","FMMP2011",1,0.00,0,0,0,0,0,1.5
10/15/2011 0:00:00,"MBO","FMMP2011",1,0.00,0,0,0,0,0,1.5
10/16/2011 0:00:00,"MBO","FMMP2011",7,60.00,0,0,0,0,0,4
10/16/2011 0:00:00,"MBO","OWLS2011",,47.30,,,,,,
10/17/2011 0:00:00,"MBO","FMMP2011",8,80.00,0,0,0,0,0,4.5
10/18/2011 0:00:00,"MBO","FMMP2011",7.5,80.00,0,0,0,0,0,4.5
10/18/2011 0:00:00,"MBO","OWLS2011",,70.00,,,,,,
10/19/2011 0:00:00,"MBO","FMMP2011",5,76.00,0,0,0,0,0,4
10/20/2011 0:00:00,"MBO","FMMP2011",3,0.00,0,0,0,0,0,2
10/20/2011 0:00:00,"MBO","OWLS2011",,64.80,,,,,,
10/21/2011 0:00:00,"MBO","FMMP2011",6,70.00,0,0,0,0,0,4
10/21/2011 0:00:00,"MBO","OWLS2011",,57.80,,,,,,
10/22/2011 0:00:00,"MBO","FMMP2011",6,80.00,0,0,0,0,0,4.5
10/22/2011 0:00:00,"MBO","OWLS2011",,77.00,,,,,,
10/23/2011 0:00:00,"MBO","FMMP2011",19.5,80.00,0,0,0,0,0,5
10/23/2011 0:00:00,"MBO","OWLS2011",,57.80,,,,,,
10/24/2011 0:00:00,"MBO","FMMP2011",6,80.00,0,0,0,0,0,4.5
10/24/2011 0:00:00,"MBO","OWLS2011",,47.30,,,,,,
10/25/2011 0:00:00,"MBO","FMMP2011",15.5,80.00,0,0,0,0,0,5
10/25/2011 0:00:00,"MBO","OWLS2011",,52.50,,,,,,
10/26/2011 0:00:00,"MBO","FMMP2011",7.5,80.00,0,0,0,0,0,4.5
10/26/2011 0:00:00,"MBO","OWLS2011",,70.00,,,,,,
10/27/2011 0:00:00,"MBO","FMMP2011",11.3,80.00,0,0,0,0,0,5
10/27/2011 0:00:00,"MBO","OWLS2011",,70.00,,,,,,
10/28/2011 0:00:00,"MBO","FMMP2011",13.3,78.00,0,0,0,0,0,5
10/28/2011 0:00:00,"MBO","OWLS2011",,64.80,,,,,,
10/29/2011 0:00:00,"MBO","FMMP2011",10.3,80.00,0,0,0,0,0,5
10/29/2011 0:00:00,"MBO","OWLS2011",,70.00,,,,,,
10/30/2011 0:00:00,"MBO","FMMP2011",5.5,80.00,0,0,0,0,0,4
10/30/2011 0:00:00,"MBO","OWLS2011",,73.50,,,,,,
10/31/2011 0:00:00,"MBO","OWLS2011",,75.30,,,,,,
11/1/2011 0:00:00,"MBO","OWLS2011",,75.30,,,,,,
11/2/2011 0:00:00,"MBO","OWLS2011",,64.80,,,,,,
11/2/2011 0:00:00,"MBO","WINTER2011-12",0,15.00,0,0,0,,0,0
11/3/2011 0:00:00,"MBO","OWLS2011",,70.00,,,,,,
11/4/2011 0:00:00,"MBO","OWLS2011",,70.00,,,,,,
11/4/2011 0:00:00,"MBO","WINTER2011-12",0,17.50,0,0,0,,0,0
11/5/2011 0:00:00,"MBO","OWLS2011",,70.00,,,,,,
11/6/2011 0:00:00,"MBO","OWLS2011",,75.30,,,,,,
11/7/2011 0:00:00,"MBO","OWLS2011",,75.30,,,,,,
11/7/2011 0:00:00,"MBO","WINTER2011-12",0,20.00,0,0,0,,0,0
11/8/2011 0:00:00,"MBO","OWLS2011",,70.00,,,,,,
11/9/2011 0:00:00,"MBO","OWLS2011",,78.80,,,,,,
11/9/2011 0:00:00,"MBO","WINTER2011-12",0,20.00,0,0,0,,0,0
11/10/2011 0:00:00,"MBO","OWLS2011",,42.00,,,,,,
11/11/2011 0:00:00,"MBO","OWLS2011",,73.50,,,,,,
11/12/2011 0:00:00,"MBO","OWLS2011",,75.30,,,,,,
11/13/2011 0:00:00,"MBO","OWLS2011",,42.00,,,,,,
11/13/2011 0:00:00,"MBO","WINTER2011-12",0,22.50,0,0,0,,0,0
11/15/2011 0:00:00,"MBO","OWLS2011",,75.30,,,,,,
11/15/2011 0:00:00,"MBO","WINTER2011-12",0,0.00,0,0,0,,0,0
11/17/2011 0:00:00,"MBO","WINTER2011-12",0,22.50,0,0,0,,0,0
11/18/2011 0:00:00,"MBO","WINTER2011-12",0,20.00,0,0,0,,0,0
11/22/2011 0:00:00,"MBO","WINTER2011-12",0,20.00,0,0,0,,0,0
11/25/2011 0:00:00,"MBO","WINTER2011-12",0,20.00,0,0,0,,0,0
12/1/2011 0:00:00,"MBO","WINTER2011-12",0,16.50,0,0,0,,0,0
12/7/2011 0:00:00,"MBO","WINTER2011-12",0,18.00,0,0,0,,0,0
12/10/2011 0:00:00,"MBO","WINTER2011-12",0,20.00,0,0,0,,0,0
12/12/2011 0:00:00,"MBO","WINTER2011-12",0,20.00,0,0,0,,0,0
1/3/2012 0:00:00,"MBO","WINTER2011-12",0,0.00,0,0,0,,0,0
1/8/2012 0:00:00,"MBO","WINTER2011-12",0,0.00,0,0,0,,0,0
1/8/2012 0:00:00,"MIR","SNBU2011-12",,0.00,,,,0,,
1/12/2012 0:00:00,"MIR","SNBU2011-12",,0.00,,,,0,,
1/14/2012 0:00:00,"MIR","SNBU2011-12",,0.00,,,,0,,
1/17/2012 0:00:00,"MIR","SNBU2011-12",,0.00,,,,0,,
1/19/2012 0:00:00,"MIR","SNBU2011-12",,0.00,,,,0,,
1/22/2012 0:00:00,"MIR","SNBU2011-12",,0.00,,,,0,,
1/23/2012 0:00:00,"MBO","WINTER2011-12",0,0.00,0,0,0,,0,0
1/24/2012 0:00:00,"MIR","SNBU2011-12",,0.00,,,,0,,
1/30/2012 0:00:00,"MIR","SNBU2011-12",,0.00,,,,0,,
2/14/2012 0:00:00,"STBA","WINTEROWLS",,0.00,,,,0,,
2/17/2012 0:00:00,"MBO","WINTER2011-12",0,0.00,0,0,0,,0,0
2/23/2012 0:00:00,"MBO","WINTER2011-12",0,15.00,0,0,0,,0,0
2/28/2012 0:00:00,"MBO","WINTER2011-12",0,0.00,0,0,0,,0,0
3/2/2012 0:00:00,"RIM1","WINTEROWLS",,0.00,,,,0,,
3/18/2012 0:00:00,"MBO","WINTER2011-12",0,10.00,0,0,0,,0,0
3/20/2012 0:00:00,"MBO","WINTER2011-12",0,23.70,0,0,0,,0,0
3/22/2012 0:00:00,"MBO","WINTER2011-12",0,15.00,0,0,0,,0,0
3/23/2012 0:00:00,"MBO","WINTER2011-12",0,0.00,0,0,0,,0,0
3/27/2012 0:00:00,"MBO","WINTER2011-12",0,0.00,0,0,0,,0,0
3/28/2012 0:00:00,"MBO","SMMP2012",0,0.00,0,0,0,0,0,1
3/29/2012 0:00:00,"MBO","SMMP2012",0,0.00,0,0,0,0,0,1
3/30/2012 0:00:00,"MBO","SMMP2012",0,0.00,0,0,0,0,0,1
3/31/2012 0:00:00,"MBO","SMMP2012",0,0.00,0,0,0,0,0,1
4/1/2012 0:00:00,"MBO","SMMP2012",0,0.00,0,0,0,0,0,1
4/2/2012 0:00:00,"MBO","SMMP2012",0,0.00,0,0,0,0,0,1
4/3/2012 0:00:00,"MBO","SMMP2012",0,0.00,0,0,0,0,0,1
4/4/2012 0:00:00,"MBO","SMMP2012",0,0.00,0,0,0,0,0,1
4/5/2012 0:00:00,"MBO","SMMP2012",0,0.00,0,0,0,0,0,1
4/6/2012 0:00:00,"MBO","SMMP2012",0,0.00,0,0,0,0,0,1
4/7/2012 0:00:00,"MBO","SMMP2012",0,0.00,0,0,0,0,0,1
4/8/2012 0:00:00,"MBO","SMMP2012",0,0.00,0,0,0,0,0,1
4/9/2012 0:00:00,"MBO","SMMP2012",0,0.00,0,0,0,0,0,1
4/10/2012 0:00:00,"MBO","SMMP2012",0,0.00,0,0,0,0,0,1
4/11/2012 0:00:00,"MBO","SMMP2012",0,0.00,0,0,0,0,0,1
4/12/2012 0:00:00,"MBO","SMMP2012",0,0.00,0,0,0,0,0,1
4/13/2012 0:00:00,"MBO","SMMP2012",0,0.00,0,0,0,0,0,1
4/14/2012 0:00:00,"MBO","SMMP2012",0,0.00,0,0,0,0,0,1
4/15/2012 0:00:00,"MBO","SMMP2012",0,0.00,0,0,0,0,0,1
4/16/2012 0:00:00,"MBO","SMMP2012",0,0.00,0,0,0,0,0,1
4/17/2012 0:00:00,"MBO","SMMP2012",0,0.00,0,0,0,0,0,1
4/18/2012 0:00:00,"MBO","SMMP2012",17,80.00,0,0,0,0,0,5
4/19/2012 0:00:00,"MBO","SMMP2012",8,80.00,0,0,0,0,0,4.5
4/20/2012 0:00:00,"MBO","SMMP2012",5,24.00,0,0,0,0,0,2.5
4/21/2012 0:00:00,"MBO","SMMP2012",7,26.00,0,0,0,0,0,3.5
4/22/2012 0:00:00,"MBO","SMMP2012",14.3,80.00,0,0,0,0,0,5
4/23/2012 0:00:00,"MBO","SMMP2012",0.5,0.00,0,0,0,0,0,1.5
4/24/2012 0:00:00,"MBO","SMMP2012",10.8,56.00,0,0,0,0,0,4.5
4/25/2012 0:00:00,"MBO","SMMP2012",7.5,12.00,0,0,0,0,0,3
4/25/2012 0:00:00,"RIM1","WINTEROWLS",,0.00,,,,0,,
4/26/2012 0:00:00,"MBO","SMMP2012",6.8,80.00,0,0,0,0,0,4.5
4/27/2012 0:00:00,"MBO","SMMP2012",13.8,62.00,0,0,0,0,0,4.5
4/28/2012 0:00:00,"MBO","SMMP2012",10.5,75.00,0,0,0,0,0,5
4/29/2012 0:00:00,"MBO","SMMP2012",12.5,80.00,0,0,0,0,0,5
4/30/2012 0:00:00,"MBO","SMMP2012",11.3,80.00,0,0,0,0,0,5
5/1/2012 0:00:00,"MBO","SMMP2012",1.5,0.00,0,0,0,0,0,1.5
5/2/2012 0:00:00,"MBO","SMMP2012",23,80.00,0,0,0,0,0,5
5/3/2012 0:00:00,"MBO","SMMP2012",14.8,80.00,0,0,0,0,0,5
5/4/2012 0:00:00,"MBO","SMMP2012",3,8.00,0,0,0,0,0,2.5
5/5/2012 0:00:00,"MBO","SMMP2012",15.5,80.00,0,0,0,0,0,5
5/6/2012 0:00:00,"MBO","SMMP2012",14.5,80.00,0,0,0,0,0,5
5/7/2012 0:00:00,"MBO","NEST2012",0,0.00,0,0,0,,0,0
5/7/2012 0:00:00,"MBO","SMMP2012",15,80.00,0,0,0,0,0,5
5/8/2012 0:00:00,"MBO","SMMP2012",2.5,0.00,0,0,0,0,0,1.5
5/9/2012 0:00:00,"MBO","SMMP2012",18,48.00,0,0,0,0,0,4
5/10/2012 0:00:00,"MBO","SMMP2012",6,80.00,0,0,0,0,0,4.5
5/11/2012 0:00:00,"MBO","SMMP2012",11,80.00,0,0,0,0,0,5
5/12/2012 0:00:00,"MBO","SMMP2012",14,80.00,0,0,0,0,0,5
5/13/2012 0:00:00,"MBO","NEST2012",0,0.00,0,0,0,,0,0
5/13/2012 0:00:00,"MBO","SMMP2012",11,27.00,0,0,0,0,0,4
5/14/2012 0:00:00,"MBO","SMMP2012",10.8,80.00,0,0,0,0,0,5
5/15/2012 0:00:00,"MBO","SMMP2012",15,72.00,0,0,0,0,0,4.5
5/16/2012 0:00:00,"MBO","SMMP2012",20,80.00,0,0,0,0,0,5
5/17/2012 0:00:00,"MBO","SMMP2012",16,80.00,0,0,0,0,0,5
5/18/2012 0:00:00,"MBO","SMMP2012",11.8,80.00,0,0,0,0,0,5
5/19/2012 0:00:00,"MBO","SMMP2012",22.5,80.00,0,0,0,0,0,5
5/20/2012 0:00:00,"MBO","SMMP2012",18.2,80.00,0,0,0,0,0,5
5/21/2012 0:00:00,"MBO","SMMP2012",15.5,80.00,0,0,0,0,0,5
5/22/2012 0:00:00,"MBO","SMMP2012",0,0.00,0,0,0,0,0,1
5/23/2012 0:00:00,"MBO","SMMP2012",16.8,80.00,0,0,0,,0,5
5/24/2012 0:00:00,"MBO","SMMP2012",17.5,80.00,0,0,0,,0,5
5/25/2012 0:00:00,"MBO","SMMP2012",9,80.00,0,0,0,,0,5
5/26/2012 0:00:00,"MBO","SMMP2012",23.5,80.00,0,0,0,,0,5
5/27/2012 0:00:00,"MBO","SMMP2012",22.4,80.00,,,,0,,5
5/28/2012 0:00:00,"MBO","SMMP2012",18.2,80.00,0,0,0,,0,5
5/29/2012 0:00:00,"MBO","SMMP2012",2.5,12.00,0,0,0,,0,2
5/30/2012 0:00:00,"MBO","SMMP2012",17.9,80.00,0,0,0,,0,5
5/31/2012 0:00:00,"MBO","SMMP2012",16,76.00,0,0,0,,0,5
6/1/2012 0:00:00,"MBO","SMMP2012",9.5,80.00,0,0,0,,0,5
6/2/2012 0:00:00,"MBO","SMMP2012",0,0.00,0,0,0,,0,1
6/3/2012 0:00:00,"MBO","SMMP2012",0,0.00,0,0,0,,0,1
6/4/2012 0:00:00,"MBO","SMMP2012",0,0.00,0,0,0,,0,1
6/5/2012 0:00:00,"MBO","MAPS2012",0,54.00,0,0,0,,0,0
6/5/2012 0:00:00,"MBO","SMMP2012",0,0.00,0,0,0,,0,1
6/14/2012 0:00:00,"MBO","MAPS2012",0,0.00,0,0,0,,0,0
6/16/2012 0:00:00,"MBO","MAPS2012",0,54.00,0,0,0,,0,0
6/19/2012 0:00:00,"MBO","NEST2012",0,0.00,0,0,0,,0,0
6/23/2012 0:00:00,"MBO","MAPS2012",0,54.00,0,0,0,,0,0
6/26/2012 0:00:00,"NICH","NICHOIR",,0.00,,,,0,,
7/6/2012 0:00:00,"MBO","MAPS2012",0,54.00,0,0,0,,0,0
7/7/2012 0:00:00,"DORV","NEST2012",,0.00,,,,0,,
7/10/2012 0:00:00,"MBO","NEST2012",0,0.00,0,0,0,,0,0
7/14/2012 0:00:00,"MBO","MAPS2012",0,54.00,0,0,0,,0,0
7/23/2012 0:00:00,"MBO","MAPS2012",0,54.00,0,0,0,,0,0
7/27/2012 0:00:00,"NICH","NICHOIR",,0.00,,,,0,,
7/30/2012 0:00:00,"MBO","MAPS2012",0,54.00,0,0,0,,0,0
8/1/2012 0:00:00,"MBO","FMMP2012",13.5,80.00,0,0,0,0,0,5
8/2/2012 0:00:00,"MBO","FMMP2012",11.2,80.00,0,0,0,0,0,5
8/3/2012 0:00:00,"MBO","FMMP2012",8.8,80.00,0,0,0,0,0,4.5
8/4/2012 0:00:00,"MBO","FMMP2012",9.5,80.00,0,0,0,0,0,5
8/5/2012 0:00:00,"MBO","FMMP2012",10.5,80.00,0,0,0,0,0,5
8/6/2012 0:00:00,"MBO","FMMP2012",13,80.00,0,0,0,0,0,5
8/7/2012 0:00:00,"MBO","FMMP2012",16.3,80.00,0,0,0,0,0,5
8/8/2012 0:00:00,"MBO","FMMP2012",24.8,80.00,0,0,0,0,0,5
8/9/2012 0:00:00,"MBO","FMMP2012",6.5,80.00,0,0,0,0,0,4.5
8/10/2012 0:00:00,"MBO","FMMP2012",6.5,72.00,,,,0,,4
8/11/2012 0:00:00,"MBO","FMMP2012",9.3,80.00,0,0,0,0,0,5
8/12/2012 0:00:00,"MBO","FMMP2012",12,80.00,0,0,0,0,0,5
8/13/2012 0:00:00,"MBO","FMMP2012",7,80.00,0,0,0,0,0,4.5
8/14/2012 0:00:00,"MBO","FMMP2012",8,80.00,0,0,0,0,0,4.5
8/15/2012 0:00:00,"MBO","FMMP2012",14.8,60.00,0,0,0,0,0,4.5
8/16/2012 0:00:00,"MBO","FMMP2012",3,80.00,,,,0,,4
8/17/2012 0:00:00,"MBO","FMMP2012",13,80.00,0,0,0,0,0,5
8/18/2012 0:00:00,"MBO","FMMP2012",12,80.00,0,0,0,0,0,5
8/19/2012 0:00:00,"MBO","FMMP2012",13.8,80.00,0,0,0,0,0,5
8/20/2012 0:00:00,"MBO","FMMP2012",9.5,80.00,0,0,0,0,0,5
8/21/2012 0:00:00,"MBO","FMMP2012",5,80.00,0,0,0,0,0,4
8/22/2012 0:00:00,"MBO","FMMP2012",12,80.00,0,0,0,0,0,5
8/23/2012 0:00:00,"MBO","FMMP2012",8.5,80.00,0,0,0,0,0,4.5
8/24/2012 0:00:00,"MBO","FMMP2012",6.5,80.00,0,0,0,0,0,4.5
8/24/2012 0:00:00,"NICH","NICHOIR",,0.00,,,,0,,
8/25/2012 0:00:00,"MBO","FMMP2012",15.5,80.00,0,0,0,,0,5
8/26/2012 0:00:00,"MBO","FMMP2012",15,80.00,0,0,0,0,0,5
8/27/2012 0:00:00,"MBO","FMMP2012",13,80.00,0,0,0,0,0,5
8/28/2012 0:00:00,"MBO","FMMP2012",15.5,80.00,0,0,0,0,0,5
8/29/2012 0:00:00,"MBO","FMMP2012",9,80.00,,,,,,5
8/30/2012 0:00:00,"MBO","FMMP2012",7,80.00,,,,0,,4.5
8/30/2012 0:00:00,"NICH","NICHOIR",,0.00,,,,0,,
8/31/2012 0:00:00,"MBO","FMMP2012",8.5,24.80,,,,,,3
8/31/2012 0:00:00,"NICH","NICHOIR",,0.00,,,,0,,
9/1/2012 0:00:00,"MBO","FMMP2012",19.5,80.00,,,,,,5
9/2/2012 0:00:00,"MBO","FMMP2012",11,80.00,,,,,,5
9/3/2012 0:00:00,"MBO","FMMP2012",16,80.00,0,0,0,,0,5
9/4/2012 0:00:00,"MBO","FMMP2012",3.8,80.00,,,,,,4
9/5/2012 0:00:00,"MBO","FMMP2012",7.5,80.00,0,0,0,,0,4.5
9/6/2012 0:00:00,"MBO","FMMP2012",7,80.00,0,0,0,,0,4.5
9/7/2012 0:00:00,"MBO","FMMP2012",10.5,80.00,,,,,,5
9/8/2012 0:00:00,"MBO","FMMP2012",7,67.00,0,0,0,,0,4
9/9/2012 0:00:00,"MBO","FMMP2012",18.5,80.00,,,,,,5
9/10/2012 0:00:00,"MBO","FMMP2012",12.5,80.00,,,,,,5
9/11/2012 0:00:00,"MBO","FMMP2012",14,80.00,,,,,,5
9/12/2012 0:00:00,"MBO","FMMP2012",5.5,80.00,,,,,,4
9/13/2012 0:00:00,"MBO","FMMP2012",5.5,80.00,,,,,,4
9/13/2012 0:00:00,"NICH","NICHOIR",,0.00,,,,0,,
9/14/2012 0:00:00,"MBO","FMMP2012",12.5,80.00,0,0,0,,0,5
9/15/2012 0:00:00,"MBO","FMMP2012",18.8,80.00,,,,0,,5
9/16/2012 0:00:00,"MBO","FMMP2012",14.8,80.00,,,,0,,5
9/17/2012 0:00:00,"MBO","FMMP2012",14.3,80.00,0,0,0,,0,5
9/18/2012 0:00:00,"MBO","FMMP2012",14.8,64.00,0,0,0,,0,4.5
9/19/2012 0:00:00,"MBO","FMMP2012",22,70.00,0,0,0,,0,4.5
9/20/2012 0:00:00,"MBO","FMMP2012",19,80.00,0,0,0,,0,5
9/21/2012 0:00:00,"MBO","FMMP2012",19,56.00,,,,,,4.5
9/22/2012 0:00:00,"MBO","FMMP2012",24.8,80.00,0,0,0,,0,5
9/23/2012 0:00:00,"MBO","FMMP2012",17.8,80.00,,,,,,5
9/24/2012 0:00:00,"MBO","FMMP2012",22,80.00,,,,,,5
9/25/2012 0:00:00,"MBO","FMMP2012",19.5,68.00,,,,,,4.5
9/26/2012 0:00:00,"MBO","FMMP2012",10.5,80.00,0,0,0,,0,5
9/26/2012 0:00:00,"MBO","OWLS2012",,85.30,,,,,,
9/27/2012 0:00:00,"MBO","FMMP2012",19,80.00,0,0,0,,0,5
9/27/2012 0:00:00,"MBO","OWLS2012",,88.00,,,,,,
9/28/2012 0:00:00,"MBO","FMMP2012",17.5,80.00,,,,,,5
9/28/2012 0:00:00,"MBO","OWLS2012",,88.00,,,,,,
9/29/2012 0:00:00,"MBO","FMMP2012",19.5,80.00,,,,,,5
9/29/2012 0:00:00,"MBO","OWLS2012",,44.00,,,,,,
9/30/2012 0:00:00,"MBO","FMMP2012",22.3,72.00,0,0,0,,0,4.5
10/1/2012 0:00:00,"MBO","FMMP2012",22.8,80.00,,,,,,5
10/1/2012 0:00:00,"MBO","OWLS2012",,90.80,,,,,,
10/2/2012 0:00:00,"MBO","FMMP2012",14.8,80.00,0,0,0,,0,5
10/2/2012 0:00:00,"MBO","OWLS2012",,89.80,,,,,,
10/3/2012 0:00:00,"MBO","FMMP2012",36.5,80.00,0,0,0,,0,5
10/3/2012 0:00:00,"MBO","OWLS2012",,68.80,,,,,,
10/4/2012 0:00:00,"MBO","FMMP2012",18.5,80.00,,,,,,5
10/4/2012 0:00:00,"MBO","OWLS2012",,68.80,,,,,,
10/5/2012 0:00:00,"MBO","FMMP2012",22.5,75.00,,,,,,5
10/5/2012 0:00:00,"MBO","OWLS2012",,32.00,,,,,,
10/6/2012 0:00:00,"MBO","FMMP2012",3.5,5.00,0,0,0,,0,2.5
10/6/2012 0:00:00,"MBO","OWLS2012",,52.50,,,,,,
10/7/2012 0:00:00,"MBO","FMMP2012",30.3,80.00,0,0,0,,0,5
10/7/2012 0:00:00,"MBO","OWLS2012",,59.00,,,,,,
10/8/2012 0:00:00,"MBO","FMMP2012",16,80.00,0,0,0,,0,5
10/8/2012 0:00:00,"MBO","OWLS2012",,93.50,,,,,,
10/9/2012 0:00:00,"MBO","FMMP2012",12.5,77.50,,,,,,5
10/9/2012 0:00:00,"MBO","OWLS2012",,93.50,,,,,,
10/10/2012 0:00:00,"MBO","FMMP2012",10.5,63.00,,,,,,4.5
10/10/2012 0:00:00,"MBO","OWLS2012",,47.30,,,,,,
10/11/2012 0:00:00,"MBO","FMMP2012",9.8,72.00,,,,,,4.5
10/12/2012 0:00:00,"MBO","FMMP2012",9.8,60.00,,,,,,4.5
10/12/2012 0:00:00,"MBO","OWLS2012",,95.30,,,,,,
10/13/2012 0:00:00,"MBO","FMMP2012",14.5,80.00,,,,,,5
10/13/2012 0:00:00,"MBO","OWLS2012",,44.00,,,,,,
10/14/2012 0:00:00,"MBO","FMMP2012",14.5,64.00,,,,,,4.5
10/14/2012 0:00:00,"MBO","OWLS2012",,26.30,,,,,,
10/15/2012 0:00:00,"MBO","FMMP2012",14,80.00,,,,,,5
10/15/2012 0:00:00,"MBO","OWLS2012",,98.10,,,,,,
10/16/2012 0:00:00,"MBO","FMMP2012",9,60.00,,,,,,4.5
10/16/2012 0:00:00,"MBO","OWLS2012",,97.20,,,,,,
10/17/2012 0:00:00,"MBO","FMMP2012",15.8,80.00,,,,,,5
10/17/2012 0:00:00,"MBO","OWLS2012",,106.00,,,,,,
10/18/2012 0:00:00,"MBO","FMMP2012",7,80.00,0,0,0,,0,4.5
10/18/2012 0:00:00,"MBO","OWLS2012",,107.00,,,,,,
10/19/2012 0:00:00,"MBO","FMMP2012",2.8,21.00,,,,,,2
10/20/2012 0:00:00,"MBO","FMMP2012",10,69.00,,,,,,4.5
10/20/2012 0:00:00,"MBO","OWLS2012",,109.00,,,,,,
10/21/2012 0:00:00,"MBO","FMMP2012",15,64.00,,,,,,4.5
10/21/2012 0:00:00,"MBO","OWLS2012",,28.60,,,,,,
10/22/2012 0:00:00,"MBO","FMMP2012",6.3,60.00,,,,,,4
10/22/2012 0:00:00,"MBO","OWLS2012",,110.00,,,,,,
10/23/2012 0:00:00,"MBO","FMMP2012",13,80.00,,,,,,5
10/23/2012 0:00:00,"MBO","OWLS2012",,110.00,,,,,,
10/24/2012 0:00:00,"MBO","FMMP2012",16.5,80.00,,,,,,5
10/24/2012 0:00:00,"MBO","OWLS2012",,110.00,,,,,,
10/25/2012 0:00:00,"MBO","FMMP2012",8.5,80.00,,,,,,4.5
10/25/2012 0:00:00,"MBO","OWLS2012",,112.00,,,,,,
10/26/2012 0:00:00,"MBO","FMMP2012",13,80.00,,,,,,5
10/26/2012 0:00:00,"MBO","OWLS2012",,102.00,,,,,,
10/27/2012 0:00:00,"MBO","FMMP2012",13.3,80.00,,,,,,5
10/27/2012 0:00:00,"MBO","OWLS2012",,111.00,,,,,,
10/28/2012 0:00:00,"MBO","FMMP2012",13.5,80.00,,,,,,5
10/28/2012 0:00:00,"MBO","OWLS2012",,59.50,,,,,,
10/29/2012 0:00:00,"MBO","FMMP2012",13.3,80.00,,,,,,5
10/30/2012 0:00:00,"MBO","FMMP2012",14.3,24.00,,,,,,3.5
10/30/2012 0:00:00,"MBO","OWLS2012",,26.30,,,,,,
10/31/2012 0:00:00,"MBO","OWLS2012",,75.00,,,,,,
10/31/2012 0:00:00,"MBO","WINTER2012-13",0,12.50,0,0,0,,0,0
11/3/2012 0:00:00,"MBO","OWLS2012",,36.80,,,,,,
11/4/2012 0:00:00,"MBO","OWLS2012",,120.00,,,,,,
11/5/2012 0:00:00,"MBO","OWLS2012",,132.00,,,,,,
11/6/2012 0:00:00,"MBO","OWLS2012",,126.00,,,,,,
11/7/2012 0:00:00,"MBO","OWLS2012",,111.00,,,,,,
11/7/2012 0:00:00,"MBO","WINTER2012-13",,18.70,,,,,,
11/9/2012 0:00:00,"MBO","OWLS2012",,146.00,,,,,,
11/9/2012 0:00:00,"MBO","WINTER2012-13",0,21.20,0,0,0,,0,0
11/10/2012 0:00:00,"MBO","OWLS2012",,108.00,,,,,,
11/10/2012 0:00:00,"MBO","WINTER2012-13",,,,,,,,
11/11/2012 0:00:00,"MBO","OWLS2012",,132.00,,,,,,
11/12/2012 0:00:00,"MBO","OWLS2012",,72.00,,,,,,
11/13/2012 0:00:00,"MBO","OWLS2012",,138.00,,,,,,
11/14/2012 0:00:00,"MBO","OWLS2012",,117.00,,,,,,
11/14/2012 0:00:00,"MBO","WINTER2012-13",0,25.00,0,0,0,,0,0
11/15/2012 0:00:00,"MBO","OWLS2012",,129.00,,,,,,
11/16/2012 0:00:00,"MBO","OWLS2012",,132.00,,,,,,
11/16/2012 0:00:00,"MBO","WINTER2012-13",0,25.00,0,0,0,,0,0
11/17/2012 0:00:00,"MBO","OWLS2012",,120.00,,,,,,
11/18/2012 0:00:00,"MBO","OWLS2012",,120.00,,,,,,
11/19/2012 0:00:00,"MBO","OWLS2012",,120.00,,,,,,
11/20/2012 0:00:00,"MBO","OWLS2012",,96.00,,,,,,
11/21/2012 0:00:00,"MBO","OWLS2012",,84.00,,,,,,
11/21/2012 0:00:00,"MBO","WINTER2012-13",0,15.00,0,0,0,,0,0
11/22/2012 0:00:00,"MBO","OWLS2012",,84.00,,,,,,
11/24/2012 0:00:00,"MBO","WINTER2012-13",0,1.00,0,0,0,,0,0
12/3/2012 0:00:00,"MBO","WINTER2012-13",0,7.00,0,0,0,,0,0
12/7/2012 0:00:00,"MBO","WINTER2012-13",,11.00,,,,,,
12/14/2012 0:00:00,"MBO","WINTER2012-13",0,6.00,0,0,0,,0,0
12/18/2012 0:00:00,"MBO","WINTER2012-13",,,,,,,,
12/22/2012 0:00:00,"MBO","WINTER2012-13",,,,,,,,
12/26/2012 0:00:00,"MBO","WINTER2012-13",,,,,,,,
12/29/2012 0:00:00,"MBO","WINTER2012-13",,,,,,,,
1/3/2013 0:00:00,"MBO","WINTER2012-13",,,,,,,,
1/5/2013 0:00:00,"MBO","WINTER2012-13",0,0.00,0,0,0,,0,0
1/6/2013 0:00:00,"MBO","WINTER2012-13",,,,,,,,
1/7/2013 0:00:00,"MBO","WINTER2012-13",,,,,,,,
1/8/2013 0:00:00,"MIR","SNBU2012-13",,0.00,,,,0,,
1/9/2013 0:00:00,"MBO","WINTER2012-13",,,,,,,,
1/11/2013 0:00:00,"MIR","SNBU2012-13",,0.00,,,,0,,
1/12/2013 0:00:00,"MBO","WINTER2012-13",,,,,,,,
1/17/2013 0:00:00,"MIR","SNBU2012-13",,0.00,,,,0,,
1/18/2013 0:00:00,"MBO","WINTER2012-13",,,,,,,,
1/19/2013 0:00:00,"MBO","WINTER2012-13",,,,,,,,
1/19/2013 0:00:00,"MIR","SNBU2012-13",,0.00,,,,0,,
1/20/2013 0:00:00,"MIR","SNBU2012-13",,0.00,,,,0,,
1/21/2013 0:00:00,"MBO","WINTER2012-13",,,,,,,,
1/24/2013 0:00:00,"MBO","WINTER2012-13",,,,,,,,
1/24/2013 0:00:00,"MIR","SNBU2012-13",,0.00,,,,0,,
1/26/2013 0:00:00,"MBO","WINTER2012-13",,,,,,,,
1/27/2013 0:00:00,"MBO","WINTER2012-13",,,,,,,,
1/28/2013 0:00:00,"MBO","WINTER2012-13",,,,,,,,
1/29/2013 0:00:00,"MIR","SNBU2012-13",,0.00,,,,0,,
1/30/2013 0:00:00,"MBO","WINTER2012-13",,,,,,,,
2/3/2013 0:00:00,"MIR","SNBU2012-13",,0.00,,,,0,,
2/6/2013 0:00:00,"MBO","WINTER2012-13",,,,,,,,
2/6/2013 0:00:00,"MIR","SNBU2012-13",,0.00,,,,0,,
2/9/2013 0:00:00,"MIR","SNBU2012-13",,0.00,,,,0,,
2/10/2013 0:00:00,"MBO","WINTER2012-13",,,,,,,,
2/16/2013 0:00:00,"MBO","WINTER2012-13",,,,,,,,
2/20/2013 0:00:00,"MIR","SNBU2012-13",,0.00,,,,0,,
2/21/2013 0:00:00,"MIR","SNBU2012-13",,0.00,,,,0,,
2/22/2013 0:00:00,"MBO","WINTER2012-13",0,4.00,0,0,0,,0,0
2/23/2013 0:00:00,"MIR","SNBU2012-13",,0.00,,,,0,,
2/24/2013 0:00:00,"MBO","WINTER2012-13",0,7.00,0,0,0,,0,0
2/28/2013 0:00:00,"MIR","SNBU2012-13",,0.00,,,,0,,
3/1/2013 0:00:00,"MIR","SNBU2012-13",,0.00,,,,0,,
3/2/2013 0:00:00,"MBO","WINTER2012-13",,,,,,,,
3/2/2013 0:00:00,"MIR","SNBU2012-13",,0.00,,,,0,,
3/3/2013 0:00:00,"MIR","SNBU2012-13",,0.00,,,,0,,
3/4/2013 0:00:00,"MIR","SNBU2012-13",,0.00,,,,0,,
3/5/2013 0:00:00,"MIR","SNBU2012-13",,0.00,,,,0,,
3/7/2013 0:00:00,"MBO","WINTER2012-13",,,,,,,,
3/7/2013 0:00:00,"MIR","SNBU2012-13",,0.00,,,,0,,
3/9/2013 0:00:00,"MBO","WINTER2012-13",,,,,,,,
3/9/2013 0:00:00,"MIR","SNBU2012-13",,0.00,,,,0,,
3/10/2013 0:00:00,"MBO","WINTER2012-13",0,8.00,0,0,0,,0,0
3/11/2013 0:00:00,"MBO","WINTER2012-13",,,,,,,,
3/13/2013 0:00:00,"MBO","WINTER2012-13",,,,,,,,
3/14/2013 0:00:00,"MBO","WINTER2012-13",,,,,,,,
3/16/2013 0:00:00,"MBO","WINTER2012-13",,,,,,,,
3/18/2013 0:00:00,"MBO","WINTER2012-13",,,,,,,,
3/21/2013 0:00:00,"MBO","WINTER2012-13",,,,,,,,
3/22/2013 0:00:00,"MBO","WINTER2012-13",0,7.00,0,0,0,,0,0
3/24/2013 0:00:00,"MBO","WINTER2012-13",0,8.00,0,0,0,,0,0
3/26/2013 0:00:00,"MBO","WINTER2012-13",0,8.50,0,0,0,,0,0
3/27/2013 0:00:00,"MBO","WINTER2012-13",0,12.50,0,0,0,,0,0
3/28/2013 0:00:00,"MBO","SMMP2013",,,,,,,,1
3/29/2013 0:00:00,"MBO","SMMP2013",,,,,,,,1
3/30/2013 0:00:00,"MBO","SMMP2013",0.5,0.00,,,,,,1.5
3/31/2013 0:00:00,"MBO","SMMP2013",,,,,,,,1
4/1/2013 0:00:00,"MBO","SMMP2013",,,,,,,,1
4/2/2013 0:00:00,"MBO","SMMP2013",,,,,,,,1
4/3/2013 0:00:00,"MBO","SMMP2013",,,,,,,,1
4/4/2013 0:00:00,"MBO","SMMP2013",,,,,,,,1
4/5/2013 0:00:00,"MBO","SMMP2013",1,,,,,,,1.5
4/6/2013 0:00:00,"MBO","SMMP2013",0.5,,,,,,,1.5
4/7/2013 0:00:00,"MBO","SMMP2013",2,,,,,,,1.5
4/8/2013 0:00:00,"MBO","SMMP2013",,,,,,,,1
4/9/2013 0:00:00,"MBO","SMMP2013",,,,,,,,1
4/10/2013 0:00:00,"MBO","SMMP2013",,,,,,,,1
4/11/2013 0:00:00,"MBO","SMMP2013",,,,,,,,1
4/12/2013 0:00:00,"MBO","SMMP2013",,,,,,,,1
4/13/2013 0:00:00,"MBO","SMMP2013",0.5,,,,,,,1.5
4/14/2013 0:00:00,"MBO","SMMP2013",,,,,,,,1
4/15/2013 0:00:00,"MBO","SMMP2013",,,,,,,,1
4/16/2013 0:00:00,"MBO","SMMP2013",,,,,,,,1
4/17/2013 0:00:00,"MBO","SMMP2013",,,,,,,,1
4/18/2013 0:00:00,"MBO","SMMP2013",9,60.00,0,0,0,,0,4.5
4/19/2013 0:00:00,"MBO","SMMP2013",15.5,80.00,,,,,,5
4/20/2013 0:00:00,"MBO","SMMP2013",11,60.00,,,,,,4.5
4/21/2013 0:00:00,"MBO","SMMP2013",15,75.00,,,,,,5
4/22/2013 0:00:00,"MBO","SMMP2013",12,76.00,,,,,,5
4/23/2013 0:00:00,"MBO","SMMP2013",17,80.00,0,0,0,,0,5
4/24/2013 0:00:00,"MBO","SMMP2013",16.8,80.00,,,,,,5
4/25/2013 0:00:00,"MBO","SMMP2013",5.5,5.00,,,,,,2.5
4/26/2013 0:00:00,"MBO","SMMP2013",13,40.00,,,,,,4
4/27/2013 0:00:00,"MBO","SMMP2013",8,80.00,0,0,0,,0,4.5
4/28/2013 0:00:00,"MBO","SMMP2013",9.5,80.00,,,,,,5
4/29/2013 0:00:00,"MBO","SMMP2013",15.3,80.00,,,,,,5
4/30/2013 0:00:00,"MBO","SMMP2013",19.5,34.00,,,,,,4
5/1/2013 0:00:00,"MBO","SMMP2013",27.3,80.00,,,,,,5
5/2/2013 0:00:00,"MBO","SMMP2013",13.3,80.00,,,,,,5
5/3/2013 0:00:00,"MBO","SMMP2013",18.8,80.00,,,,,,5
5/4/2013 0:00:00,"MBO","SMMP2013",12.5,80.00,,,,,,5
5/5/2013 0:00:00,"MBO","SMMP2013",16.5,80.00,,,,,,5
5/6/2013 0:00:00,"MBO","SMMP2013",9,80.00,,,,,,5
5/7/2013 0:00:00,"MBO","SMMP2013",18.9,80.00,,,,,,5
5/8/2013 0:00:00,"MBO","SMMP2013",19,80.00,,,,,,5
5/9/2013 0:00:00,"MBO","SMMP2013",16,80.00,,,,,,5
5/10/2013 0:00:00,"MBO","SMMP2013",14.5,80.00,,,,,,5
5/11/2013 0:00:00,"MBO","SMMP2013",5,22.00,,,,,,2.5
5/12/2013 0:00:00,"MBO","SMMP2013",15.5,64.00,,,,,,4.5
5/13/2013 0:00:00,"MBO","SMMP2013",4.3,1.00,,,,,,2.5
5/14/2013 0:00:00,"MBO","SMMP2013",16.3,80.00,,,,,,5
5/15/2013 0:00:00,"MBO","SMMP2013",11.5,80.00,,,,,,5
5/16/2013 0:00:00,"HIN","GWWA2013",,0.00,,,,0,,
5/16/2013 0:00:00,"MBO","SMMP2013",21.5,80.00,,,,,,5
5/17/2013 0:00:00,"HIN","GWWA2013",,0.00,,,,0,,
5/17/2013 0:00:00,"MBO","SMMP2013",11.5,80.00,,,,,,5
5/18/2013 0:00:00,"HIN","GWWA2013",,0.00,,,,0,,
5/18/2013 0:00:00,"MBO","SMMP2013",9,80.00,,,,,,5
5/19/2013 0:00:00,"HIN","GWWA2013",,0.00,,,,0,,
5/19/2013 0:00:00,"MBO","SMMP2013",15.8,80.00,,,,,,5
5/20/2013 0:00:00,"HIN","GWWA2013",,0.00,,,,0,,
5/20/2013 0:00:00,"MBO","SMMP2013",13,52.00,,,,,,4.5
5/21/2013 0:00:00,"HIN","GWWA2013",,0.00,,,,0,,
5/21/2013 0:00:00,"MBO","SMMP2013",3.8,30.00,,,,,,3
5/22/2013 0:00:00,"HIN","GWWA2013",,0.00,,,,0,,
5/22/2013 0:00:00,"MBO","SMMP2013",15,80.00,,,,,,5
5/23/2013 0:00:00,"MBO","SMMP2013",10.5,72.00,,,,,,4.5
5/23/2013 0:00:00,"VICT","PEFA",,0.00,,,,0,,
5/24/2013 0:00:00,"MBO","SMMP2013",0,0.00,,,,,,1
5/25/2013 0:00:00,"MBO","SMMP2013",4,52.80,,,,,,3.5
5/26/2013 0:00:00,"MBO","SMMP2013",2.5,0.00,,,,,,1.5
5/27/2013 0:00:00,"MBO","SMMP2013",17.5,80.00,,,,,,5
5/28/2013 0:00:00,"MBO","SMMP2013",19.3,80.00,,,,,,5
5/29/2013 0:00:00,"MBO","SMMP2013",13,40.00,,,,,,4
5/30/2013 0:00:00,"MBO","SMMP2013",12.5,80.00,,,,,,5
5/31/2013 0:00:00,"MBO","NEST2013",0,0.00,0,0,0,,0,0
5/31/2013 0:00:00,"MBO","SMMP2013",16.8,80.00,,,,,,5
6/1/2013 0:00:00,"MBO","SMMP2013",7.8,80.00,,,,,,4.5
6/2/2013 0:00:00,"MBO","SMMP2013",0,0.00,,,,,,1
6/3/2013 0:00:00,"MBO","SMMP2013",,,,,,,,1
6/4/2013 0:00:00,"MBO","SMMP2013",0,0.00,,,,,,1
6/4/2013 0:00:00,"UDEM","PEFA",,0.00,,,,0,,
6/5/2013 0:00:00,"MBO","SMMP2013",0,0.00,,,,,,1
6/6/2013 0:00:00,"MBO","MAPS2013",0,54.00,0,0,0,,0,0
6/15/2013 0:00:00,"MBO","MAPS2013",0,54.00,0,0,0,,0,0
6/23/2013 0:00:00,"MBO","MAPS2013",0,54.00,0,0,0,,0,0
6/25/2013 0:00:00,"MBO","NEST2013",0,0.00,0,0,0,,0,0
7/6/2013 0:00:00,"MBO","MAPS2013",0,54.00,0,0,0,,0,0
7/12/2013 0:00:00,"ARBO","NEST2013",,0.00,,,,0,,
7/14/2013 0:00:00,"DORV","NEST2013",,0.00,,,,0,,
7/14/2013 0:00:00,"MBO","MAPS2013",0,54.00,0,0,0,,0,0
7/16/2013 0:00:00,"NICH","NICHOIR",,0.00,,,,0,,
7/21/2013 0:00:00,"MBO","MAPS2013",0,54.00,0,0,0,,0,0
7/29/2013 0:00:00,"MBO","MAPS2013",0,54.00,0,0,0,,0,0
8/1/2013 0:00:00,"MBO","FMMP2013",19.5,80.00,0,0,0,,0,5
8/2/2013 0:00:00,"MBO","FMMP2013",9.5,80.00,,,,,,5
8/3/2013 0:00:00,"MBO","FMMP2013",11.5,80.00,,,,,,5
8/4/2013 0:00:00,"MBO","FMMP2013",14,80.00,,,,,,5
8/5/2013 0:00:00,"MBO","FMMP2013",10.5,80.00,,,,,,5
8/6/2013 0:00:00,"MBO","FMMP2013",8.5,80.00,,,,,,4.5
8/7/2013 0:00:00,"MBO","FMMP2013",8,80.00,,,,,,4.5
8/8/2013 0:00:00,"MBO","FMMP2013",7,80.00,,,,,,4.5
8/9/2013 0:00:00,"MBO","FMMP2013",9.5,80.00,,,,,,5
8/10/2013 0:00:00,"MBO","FMMP2013",8.5,80.00,,,,,,4.5
8/11/2013 0:00:00,"MBO","FMMP2013",13,80.00,,,,,,5
8/12/2013 0:00:00,"MBO","FMMP2013",11,80.00,,,,,,5
8/13/2013 0:00:00,"MBO","FMMP2013",2,48.00,,,,,,2.5
8/14/2013 0:00:00,"MBO","FMMP2013",9,42.00,,,,,,4
8/15/2013 0:00:00,"MBO","FMMP2013",11.5,80.00,,,,,,5
8/15/2013 0:00:00,"NICH","NICHOIR",,0.00,,,,0,,
8/16/2013 0:00:00,"MBO","FMMP2013",10.5,80.00,,,,,,5
8/17/2013 0:00:00,"MBO","FMMP2013",15,80.00,0,0,0,,0,5
8/18/2013 0:00:00,"MBO","FMMP2013",21.5,80.00,0,0,0,,0,5
8/19/2013 0:00:00,"MBO","FMMP2013",10,80.00,0,0,0,,0,5
8/20/2013 0:00:00,"MBO","FMMP2013",14.8,80.00,0,0,0,,0,5
8/21/2013 0:00:00,"MBO","FMMP2013",16.8,80.00,0,0,0,,0,5
8/22/2013 0:00:00,"MBO","FMMP2013",6.5,60.00,0,0,0,,0,4
8/23/2013 0:00:00,"MBO","FMMP2013",8.4,80.00,0,0,0,,0,4.5
8/24/2013 0:00:00,"MBO","FMMP2013",11,79.50,0,0,0,,0,5
8/25/2013 0:00:00,"MBO","FMMP2013",6,80.00,0,0,0,,0,4.5
8/26/2013 0:00:00,"MBO","FMMP2013",5.5,80.00,0,0,0,,0,4
8/27/2013 0:00:00,"MBO","FMMP2013",14,80.00,0,0,0,,0,5
8/28/2013 0:00:00,"MBO","FMMP2013",14,80.00,0,0,0,,0,5
8/29/2013 0:00:00,"MBO","FMMP2013",8.5,80.00,0,0,0,,0,4.5
8/30/2013 0:00:00,"MBO","FMMP2013",10,80.00,0,0,0,,0,5
8/31/2013 0:00:00,"MBO","FMMP2013",9,80.00,0,0,0,,0,5
9/1/2013 0:00:00,"MBO","FMMP2013",15,80.00,0,0,0,,0,5
9/2/2013 0:00:00,"MBO","FMMP2013",6.8,46.00,0,0,0,,0,3.5
9/3/2013 0:00:00,"MBO","FMMP2013",1.5,80.00,0,0,0,,0,3.5
9/4/2013 0:00:00,"MBO","FMMP2013",8.5,80.00,0,0,0,,0,4.5
9/5/2013 0:00:00,"MBO","FMMP2013",11,80.00,0,0,0,,0,5
9/6/2013 0:00:00,"MBO","FMMP2013",9.3,80.00,0,0,0,,0,5
9/7/2013 0:00:00,"MBO","FMMP2013",13.8,80.00,0,0,0,,0,5
9/8/2013 0:00:00,"MBO","FMMP2013",10.8,80.00,0,0,0,,0,5
9/9/2013 0:00:00,"MBO","FMMP2013",10.5,80.00,0,0,0,,0,5
9/10/2013 0:00:00,"MBO","FMMP2013",1,0.00,,,,,,1.5
9/11/2013 0:00:00,"MBO","FMMP2013",18,80.00,0,0,0,,0,5
9/12/2013 0:00:00,"MBO","FMMP2013",1.5,12.50,,,,,,2
9/13/2013 0:00:00,"MBO","FMMP2013",8.5,73.00,0,0,0,,0,4
9/14/2013 0:00:00,"MBO","FMMP2013",16.5,80.00,,,,,,5
9/15/2013 0:00:00,"MBO","FMMP2013",13.5,80.00,,,,,,5
9/16/2013 0:00:00,"MBO","FMMP2013",8.5,64.00,,,,,,4
9/17/2013 0:00:00,"MBO","FMMP2013",12,80.00,,,,,,5
9/18/2013 0:00:00,"MBO","FMMP2013",23,80.00,,,,,,5
9/19/2013 0:00:00,"MBO","FMMP2013",9.5,80.00,0,0,0,,0,5
9/20/2013 0:00:00,"MBO","FMMP2013",15.3,80.00,0,0,0,,0,5
9/21/2013 0:00:00,"MBO","FMMP2013",23,80.00,0,0,0,,0,5
9/22/2013 0:00:00,"MBO","FMMP2013",15,65.60,0,0,0,,0,4.5
9/23/2013 0:00:00,"MBO","FMMP2013",12,80.00,0,0,0,,0,5
9/24/2013 0:00:00,"MBO","FMMP2013",11.8,76.00,0,0,0,,0,5
9/25/2013 0:00:00,"MBO","FMMP2013",20.3,80.00,0,0,0,,0,5
9/26/2013 0:00:00,"MBO","FMMP2013",17.5,80.00,0,0,0,,0,5
9/26/2013 0:00:00,"MBO","OWLS2013",0,56.00,0,0,0,,0,0
9/27/2013 0:00:00,"MBO","FMMP2013",8,80.00,0,0,0,,0,4.5
9/27/2013 0:00:00,"MBO","OWLS2013",0,56.00,0,0,0,,0,0
9/28/2013 0:00:00,"MBO","FMMP2013",17.8,72.00,0,0,0,,0,4.5
9/28/2013 0:00:00,"MBO","OWLS2013",0,56.00,0,0,0,,0,0
9/29/2013 0:00:00,"MBO","FMMP2013",18,76.00,0,0,0,,0,5
9/29/2013 0:00:00,"MBO","OWLS2013",0,56.70,0,0,0,,0,0
9/30/2013 0:00:00,"MBO","FMMP2013",7,80.00,0,0,0,,0,4.5
9/30/2013 0:00:00,"MBO","OWLS2013",0,58.10,0,0,0,,0,0
10/1/2013 0:00:00,"MBO","FMMP2013",10.5,78.00,0,0,0,,0,5
10/1/2013 0:00:00,"MBO","OWLS2013",0,37.00,0,0,0,,0,0
10/2/2013 0:00:00,"MBO","FMMP2013",12,80.00,0,0,0,,0,5
10/2/2013 0:00:00,"MBO","OWLS2013",0,58.10,0,0,0,,0,0
10/3/2013 0:00:00,"MBO","FMMP2013",8,80.00,0,0,0,,0,4.5
10/3/2013 0:00:00,"MBO","OWLS2013",0,58.10,0,0,0,,0,0
10/4/2013 0:00:00,"MBO","FMMP2013",9,63.00,0,0,0,,0,4.5
10/4/2013 0:00:00,"MBO","OWLS2013",0,58.80,0,0,0,,0,0
10/5/2013 0:00:00,"MBO","FMMP2013",19.8,80.00,0,0,0,,0,5
10/5/2013 0:00:00,"MBO","OWLS2013",0,58.80,0,0,0,,0,0
10/6/2013 0:00:00,"MBO","FMMP2013",17.5,68.00,0,0,0,,0,4.5
10/7/2013 0:00:00,"MBO","FMMP2013",7.8,54.00,0,0,0,,0,4
10/8/2013 0:00:00,"MBO","FMMP2013",15,80.00,0,0,0,,0,5
10/8/2013 0:00:00,"MBO","OWLS2013",0,60.20,0,0,0,,0,0
10/9/2013 0:00:00,"MBO","FMMP2013",18.8,80.00,0,0,0,,0,5
10/9/2013 0:00:00,"MBO","OWLS2013",0,60.20,0,0,0,,0,0
10/10/2013 0:00:00,"MBO","FMMP2013",8.3,80.00,,,,,,4.5
10/10/2013 0:00:00,"MBO","OWLS2013",0,60.20,0,0,0,,0,0
10/11/2013 0:00:00,"MBO","FMMP2013",12.5,80.00,,,,,,5
10/11/2013 0:00:00,"MBO","OWLS2013",0,60.20,0,0,0,,0,0
10/12/2013 0:00:00,"MBO","FMMP2013",9.5,80.00,,,,,,5
10/12/2013 0:00:00,"MBO","OWLS2013",0,60.90,0,0,0,,0,0
10/13/2013 0:00:00,"MBO","FMMP2013",16,80.00,,,,,,5
10/13/2013 0:00:00,"MBO","OWLS2013",0,44.10,0,0,0,,0,0
10/14/2013 0:00:00,"MBO","FMMP2013",10.5,42.00,,,,,,4
10/14/2013 0:00:00,"MBO","OWLS2013",0,61.60,0,0,0,,0,0
10/15/2013 0:00:00,"MBO","FMMP2013",8,80.00,,,,,,4.5
10/15/2013 0:00:00,"MBO","OWLS2013",0,61.60,0,0,0,,0,0
10/16/2013 0:00:00,"MBO","FMMP2013",13.8,55.50,,,,,,4.5
10/16/2013 0:00:00,"MBO","OWLS2013",0,26.60,0,0,0,,0,0
10/17/2013 0:00:00,"MBO","FMMP2013",10,63.00,,,,,,4.5
10/17/2013 0:00:00,"MBO","OWLS2013",0,37.10,0,0,0,,0,0
10/18/2013 0:00:00,"MBO","FMMP2013",10.3,56.00,,,,,,4.5
10/19/2013 0:00:00,"MBO","FMMP2013",15.8,80.00,,,,,,5
10/20/2013 0:00:00,"MBO","FMMP2013",6,0.00,,,,,,2.5
10/20/2013 0:00:00,"MBO","OWLS2013",0,63.70,0,0,0,,0,0
10/21/2013 0:00:00,"MBO","FMMP2013",9,64.00,,,,,,4.5
10/21/2013 0:00:00,"MBO","OWLS2013",0,53.90,0,0,0,,0,0
10/22/2013 0:00:00,"MBO","FMMP2013",2,0.00,,,,,,1.5
10/22/2013 0:00:00,"MBO","OWLS2013",0,64.40,0,0,0,,0,0
10/23/2013 0:00:00,"MBO","FMMP2013",7.3,80.00,,,,,,4.5
10/23/2013 0:00:00,"MBO","OWLS2013",0,64.40,0,0,0,,0,0
10/24/2013 0:00:00,"MBO","FMMP2013",7,80.00,,,,,,4.5
10/24/2013 0:00:00,"MBO","OWLS2013",0,47.60,0,0,0,,0,0
10/25/2013 0:00:00,"MBO","FMMP2013",13.3,80.00,,,,,,5
10/25/2013 0:00:00,"MBO","OWLS2013",0,65.10,0,0,0,,0,0
10/26/2013 0:00:00,"MBO","FMMP2013",1,0.00,,,,,,1.5
10/27/2013 0:00:00,"MBO","FMMP2013",4,80.00,,,,,,4
10/27/2013 0:00:00,"MBO","OWLS2013",0,65.10,0,0,0,,0,0
10/28/2013 0:00:00,"MBO","FMMP2013",6.5,31.20,,,,,,3.5
10/28/2013 0:00:00,"MBO","OWLS2013",0,65.10,0,0,0,,0,0
10/29/2013 0:00:00,"MBO","FMMP2013",13.5,80.00,,,,,,5
10/29/2013 0:00:00,"MBO","OWLS2013",0,65.80,0,0,0,,0,0
10/30/2013 0:00:00,"MBO","FMMP2013",14.8,80.00,,,,,,5
10/30/2013 0:00:00,"MBO","OWLS2013",0,66.50,0,0,0,,0,0
11/2/2013 0:00:00,"MBO","OWLS2013",0,56.70,0,0,0,,0,0
11/3/2013 0:00:00,"MBO","OWLS2013",0,67.90,0,0,0,,0,0
11/3/2013 0:00:00,"MBO","WINTER2013-14",0,7.00,0,0,0,,0,0
11/4/2013 0:00:00,"MBO","OWLS2013",0,67.90,0,0,0,,0,0
11/5/2013 0:00:00,"MBO","OWLS2013",0,67.90,0,0,0,,0,0
11/6/2013 0:00:00,"MBO","WINTER2013-14",,6.00,,,,,,
11/9/2013 0:00:00,"MBO","WINTER2013-14",0,7.00,0,0,0,,0,0
11/17/2013 0:00:00,"MBO","WINTER2013-14",0,9.00,0,0,0,,0,0
11/21/2013 0:00:00,"MBO","WINTER2013-14",0,10.50,0,0,0,,0,0
12/3/2013 0:00:00,"MBO","WINTER2013-14",0,8.00,0,0,0,,0,0
12/18/2013 0:00:00,"MIR","SNBU2013-14",,0.00,,,,0,,
12/19/2013 0:00:00,"MBO","WINTER2013-14",,,,,,,,
12/20/2013 0:00:00,"MIR","SNBU2013-14",,0.00,,,,0,,
12/20/2013 0:00:00,"SAWY","SNBU2013-14",,0.00,,,,0,,
12/21/2013 0:00:00,"MIR","SNBU2013-14",,0.00,,,,0,,
12/23/2013 0:00:00,"MIR","SNBU2013-14",,0.00,,,,0,,
12/26/2013 0:00:00,"MBO","WINTER2013-14",,,,,,,,
12/27/2013 0:00:00,"MIR","SNBU2013-14",,0.00,,,,0,,
12/28/2013 0:00:00,"MBO","WINTER2013-14",,,,,,,,
12/28/2013 0:00:00,"MIR","SNBU2013-14",,0.00,,,,0,,
1/4/2014 0:00:00,"MBO","WINTER2013-14",,,,,,,,
1/5/2014 0:00:00,"MBO","WINTER2013-14",,,,,,,,
1/7/2014 0:00:00,"MIR","SNBU2013-14",,0.00,,,,0,,
1/9/2014 0:00:00,"MIR","SNBU2013-14",,0.00,,,,0,,
1/10/2014 0:00:00,"MIR","SNBU2013-14",,0.00,,,,0,,
1/12/2014 0:00:00,"MBO","WINTER2013-14",,,,,,,,
1/15/2014 0:00:00,"STRO","SNBU2013-14",,0.00,,,,0,,
1/18/2014 0:00:00,"MIR","SNBU2013-14",,0.00,,,,0,,
1/18/2014 0:00:00,"MTLA","SNBU2013-14",,0.00,,,,0,,
1/19/2014 0:00:00,"MBO","WINTER2013-14",,,,,,,,
1/19/2014 0:00:00,"STRO","SNBU2013-14",,0.00,,,,0,,
1/20/2014 0:00:00,"MIR","SNBU2013-14",,0.00,,,,0,,
1/21/2014 0:00:00,"MIR","SNBU2013-14",,0.00,,,,0,,
1/21/2014 0:00:00,"MTLA","SNBU2013-14",,0.00,,,,0,,
1/23/2014 0:00:00,"MBO","WINTER2013-14",,,,,,,,
1/23/2014 0:00:00,"MIR","SNBU2013-14",,0.00,,,,0,,
1/24/2014 0:00:00,"MIR","SNBU2013-14",,0.00,,,,0,,
1/24/2014 0:00:00,"STRO","SNBU2013-14",,0.00,,,,0,,
1/25/2014 0:00:00,"MBO","WINTER2013-14",,,,,,,,
1/25/2014 0:00:00,"MIR","SNBU2013-14",,0.00,,,,0,,
1/25/2014 0:00:00,"MTLA","SNBU2013-14",,0.00,,,,0,,
1/26/2014 0:00:00,"MIR","SNBU2013-14",,0.00,,,,0,,
1/26/2014 0:00:00,"STRO","SNBU2013-14",,0.00,,,,0,,
1/27/2014 0:00:00,"MIR","SNBU2013-14",,0.00,,,,0,,
1/28/2014 0:00:00,"MIR","SNBU2013-14",,0.00,,,,0,,
1/29/2014 0:00:00,"COOK","SNBU2013-14",,0.00,,,,0,,
1/29/2014 0:00:00,"STRO","SNBU2013-14",,0.00,,,,0,,
1/30/2014 0:00:00,"MBO","WINTER2013-14",,,,,,,,
1/30/2014 0:00:00,"MIR","SNBU2013-14",,0.00,,,,0,,
1/30/2014 0:00:00,"MTCH","SNBU2013-14",,0.00,,,,0,,
1/30/2014 0:00:00,"MTLA","SNBU2013-14",,0.00,,,,0,,
1/30/2014 0:00:00,"STRO","SNBU2013-14",,0.00,,,,0,,
1/31/2014 0:00:00,"MIR","SNBU2013-14",,0.00,,,,0,,
2/1/2014 0:00:00,"MBO","WINTER2013-14",,,,,,,,
2/1/2014 0:00:00,"MIR","SNBU2013-14",,0.00,,,,0,,
2/1/2014 0:00:00,"MTCH","SNBU2013-14",,0.00,,,,0,,
2/1/2014 0:00:00,"STRO","SNBU2013-14",,0.00,,,,0,,
2/2/2014 0:00:00,"MBO","WINTER2013-14",,,,,,,,
2/2/2014 0:00:00,"MIR","SNBU2013-14",,0.00,,,,0,,
2/3/2014 0:00:00,"COOK","SNBU2013-14",,0.00,,,,0,,
2/3/2014 0:00:00,"MBO","WINTER2013-14",,,,,,,,
2/3/2014 0:00:00,"MIR","SNBU2013-14",,0.00,,,,0,,
2/4/2014 0:00:00,"COOK","SNBU2013-14",,0.00,,,,0,,
2/4/2014 0:00:00,"MBO","WINTER2013-14",,,,,,,,
2/4/2014 0:00:00,"MTCH","SNBU2013-14",,0.00,,,,0,,
2/4/2014 0:00:00,"STRO","SNBU2013-14",,0.00,,,,0,,
2/5/2014 0:00:00,"COOK","SNBU2013-14",,0.00,,,,0,,
2/5/2014 0:00:00,"MIR","SNBU2013-14",,0.00,,,,0,,
2/5/2014 0:00:00,"MTCH","SNBU2013-14",,0.00,,,,0,,
2/5/2014 0:00:00,"STRO","SNBU2013-14",,0.00,,,,0,,
2/6/2014 0:00:00,"MBO","WINTER2013-14",,,,,,,,
2/6/2014 0:00:00,"MIR","SNBU2013-14",,0.00,,,,0,,
2/6/2014 0:00:00,"MTCH","SNBU2013-14",,0.00,,,,0,,
2/7/2014 0:00:00,"COOK","SNBU2013-14",,0.00,,,,0,,
2/7/2014 0:00:00,"MIR","SNBU2013-14",,0.00,,,,0,,
2/7/2014 0:00:00,"STRO","SNBU2013-14",,0.00,,,,0,,
2/8/2014 0:00:00,"COOK","SNBU2013-14",,0.00,,,,0,,
2/8/2014 0:00:00,"MBO","WINTER2013-14",,,,,,,,
2/8/2014 0:00:00,"MIR","SNBU2013-14",,0.00,,,,0,,
2/8/2014 0:00:00,"MTCH","SNBU2013-14",,0.00,,,,0,,
2/9/2014 0:00:00,"STRO","SNBU2013-14",,0.00,,,,0,,
2/10/2014 0:00:00,"COOK","SNBU2013-14",,0.00,,,,0,,
2/10/2014 0:00:00,"MIR","SNBU2013-14",,0.00,,,,0,,
2/10/2014 0:00:00,"MTCH","SNBU2013-14",,0.00,,,,0,,
2/11/2014 0:00:00,"BARN","SNBU2013-14",,0.00,,,,0,,
2/11/2014 0:00:00,"MIR","SNBU2013-14",,0.00,,,,0,,
2/11/2014 0:00:00,"MTCH","SNBU2013-14",,0.00,,,,0,,
2/12/2014 0:00:00,"COOK","SNBU2013-14",,0.00,,,,0,,
2/12/2014 0:00:00,"MIR","SNBU2013-14",,0.00,,,,0,,
2/12/2014 0:00:00,"MTCH","SNBU2013-14",,0.00,,,,0,,
2/13/2014 0:00:00,"COOK","SNBU2013-14",,0.00,,,,0,,
2/13/2014 0:00:00,"MBO","WINTER2013-14",,,,,,,,
2/13/2014 0:00:00,"MIR","SNBU2013-14",,0.00,,,,0,,
2/14/2014 0:00:00,"MIR","SNBU2013-14",,0.00,,,,0,,
2/15/2014 0:00:00,"COOK","SNBU2013-14",,0.00,,,,0,,
2/15/2014 0:00:00,"MBO","WINTER2013-14",,,,,,,,
2/15/2014 0:00:00,"MIR","SNBU2013-14",,0.00,,,,0,,
2/16/2014 0:00:00,"MIR","SNBU2013-14",,0.00,,,,0,,
2/17/2014 0:00:00,"MTCH","SNBU2013-14",,0.00,,,,0,,
2/18/2014 0:00:00,"SAWY","SNBU2013-14",,0.00,,,,0,,
2/19/2014 0:00:00,"COOK","SNBU2013-14",,0.00,,,,0,,
2/19/2014 0:00:00,"MIR","SNBU2013-14",,0.00,,,,0,,
2/19/2014 0:00:00,"MTCH","SNBU2013-14",,0.00,,,,0,,
2/20/2014 0:00:00,"MIR","SNBU2013-14",,0.00,,,,0,,
2/20/2014 0:00:00,"MTCH","SNBU2013-14",,0.00,,,,0,,
2/22/2014 0:00:00,"STRO","SNBU2013-14",,0.00,,,,0,,
2/23/2014 0:00:00,"MTCH","SNBU2013-14",,0.00,,,,0,,
2/23/2014 0:00:00,"RIVO","SNBU2013-14",,0.00,,,,0,,
2/24/2014 0:00:00,"MIR","SNBU2013-14",,0.00,,,,0,,
2/24/2014 0:00:00,"STRO","SNBU2013-14",,0.00,,,,0,,
2/25/2014 0:00:00,"MIR","SNBU2013-14",,0.00,,,,0,,
2/25/2014 0:00:00,"MTCH","SNBU2013-14",,0.00,,,,0,,
2/25/2014 0:00:00,"RIVO","SNBU2013-14",,0.00,,,,0,,
2/26/2014 0:00:00,"MIR","SNBU2013-14",,0.00,,,,0,,
2/26/2014 0:00:00,"MTCH","SNBU2013-14",,0.00,,,,0,,
2/26/2014 0:00:00,"STRO","SNBU2013-14",,0.00,,,,0,,
2/27/2014 0:00:00,"COOK","SNBU2013-14",,0.00,,,,0,,
2/27/2014 0:00:00,"MIR","SNBU2013-14",,0.00,,,,0,,
2/27/2014 0:00:00,"STRO","SNBU2013-14",,0.00,,,,0,,
2/28/2014 0:00:00,"COOK","SNBU2013-14",,0.00,,,,0,,
2/28/2014 0:00:00,"MIR","SNBU2013-14",,0.00,,,,0,,
2/28/2014 0:00:00,"STRO","SNBU2013-14",,0.00,,,,0,,
3/1/2014 0:00:00,"COOK","SNBU2013-14",,0.00,,,,0,,
3/1/2014 0:00:00,"MIR","SNBU2013-14",,0.00,,,,0,,
3/1/2014 0:00:00,"STRO","SNBU2013-14",,0.00,,,,0,,
3/3/2014 0:00:00,"COOK","SNBU2013-14",,0.00,,,,0,,
3/3/2014 0:00:00,"MIR","SNBU2013-14",,0.00,,,,0,,
3/3/2014 0:00:00,"MTCH","SNBU2013-14",,0.00,,,,0,,
3/3/2014 0:00:00,"STRO","SNBU2013-14",,0.00,,,,0,,
3/4/2014 0:00:00,"MIR","SNBU2013-14",,0.00,,,,0,,
3/5/2014 0:00:00,"COOK","SNBU2013-14",,0.00,,,,0,,
3/5/2014 0:00:00,"STRO","SNBU2013-14",,0.00,,,,0,,
3/6/2014 0:00:00,"STRO","SNBU2013-14",,0.00,,,,0,,
3/7/2014 0:00:00,"COOK","SNBU2013-14",,0.00,,,,0,,
3/7/2014 0:00:00,"STRO","SNBU2013-14",,0.00,,,,0,,
3/8/2014 0:00:00,"MTCH","SNBU2013-14",,0.00,,,,0,,
3/8/2014 0:00:00,"STRO","SNBU2013-14",,0.00,,,,0,,
3/9/2014 0:00:00,"COOK","SNBU2013-14",,0.00,,,,0,,
3/10/2014 0:00:00,"COOK","SNBU2013-14",,0.00,,,,0,,
3/10/2014 0:00:00,"MIR","SNBU2013-14",,0.00,,,,0,,
3/10/2014 0:00:00,"STRO","SNBU2013-14",,0.00,,,,0,,
3/11/2014 0:00:00,"COOK","SNBU2013-14",,0.00,,,,0,,
3/11/2014 0:00:00,"MIR","SNBU2013-14",,0.00,,,,0,,
3/12/2014 0:00:00,"COOK","SNBU2013-14",,0.00,,,,0,,
3/14/2014 0:00:00,"COOK","SNBU2013-14",,0.00,,,,0,,
3/14/2014 0:00:00,"MBO","WINTER2013-14",,,,,,,,
3/15/2014 0:00:00,"COOK","SNBU2013-14",,0.00,,,,0,,
3/15/2014 0:00:00,"MBO","WINTER2013-14",,,,,,,,
3/15/2014 0:00:00,"STRO","SNBU2013-14",,0.00,,,,0,,
3/16/2014 0:00:00,"COOK","SNBU2013-14",,0.00,,,,0,,
3/16/2014 0:00:00,"MBO","WINTER2013-14",,,,,,,,
3/16/2014 0:00:00,"MIR","SNBU2013-14",,0.00,,,,0,,
3/16/2014 0:00:00,"STRO","SNBU2013-14",,0.00,,,,0,,
3/17/2014 0:00:00,"MIR","SNBU2013-14",,0.00,,,,0,,
3/17/2014 0:00:00,"STRO","SNBU2013-14",,0.00,,,,0,,
3/18/2014 0:00:00,"MIR","SNBU2013-14",,0.00,,,,0,,
3/19/2014 0:00:00,"MIR","SNBU2013-14",,0.00,,,,0,,
3/19/2014 0:00:00,"STRO","SNBU2013-14",,0.00,,,,0,,
3/20/2014 0:00:00,"MBO","WINTER2013-14",,,,,,,,
3/20/2014 0:00:00,"MIR","SNBU2013-14",,0.00,,,,0,,
3/21/2014 0:00:00,"COOK","SNBU2013-14",,0.00,,,,0,,
3/21/2014 0:00:00,"MIR","SNBU2013-14",,0.00,,,,0,,
3/21/2014 0:00:00,"STRO","SNBU2013-14",,0.00,,,,0,,
3/22/2014 0:00:00,"COOK","SNBU2013-14",,0.00,,,,0,,
3/22/2014 0:00:00,"MIR","SNBU2013-14",,0.00,,,,0,,
3/23/2014 0:00:00,"COOK","SNBU2013-14",,0.00,,,,0,,
3/23/2014 0:00:00,"MBO","WINTER2013-14",,,,,,,,
3/23/2014 0:00:00,"MIR","SNBU2013-14",,0.00,,,,0,,
3/24/2014 0:00:00,"COOK","SNBU2013-14",,0.00,,,,0,,
3/24/2014 0:00:00,"MIR","SNBU2013-14",,0.00,,,,0,,
3/24/2014 0:00:00,"MTCH","SNBU2013-14",,0.00,,,,0,,
3/24/2014 0:00:00,"STRO","SNBU2013-14",,0.00,,,,0,,
3/25/2014 0:00:00,"COOK","SNBU2013-14",,0.00,,,,0,,
3/25/2014 0:00:00,"MIR","SNBU2013-14",,0.00,,,,0,,
3/25/2014 0:00:00,"MTCH","SNBU2013-14",,0.00,,,,0,,
3/25/2014 0:00:00,"STRO","SNBU2013-14",,0.00,,,,0,,
3/26/2014 0:00:00,"COOK","SNBU2013-14",,0.00,,,,0,,
3/26/2014 0:00:00,"MIR","SNBU2013-14",,0.00,,,,0,,
3/26/2014 0:00:00,"MTCH","SNBU2013-14",,0.00,,,,0,,
3/27/2014 0:00:00,"COOK","SNBU2013-14",,0.00,,,,0,,
3/27/2014 0:00:00,"MIR","SNBU2013-14",,0.00,,,,0,,
3/27/2014 0:00:00,"STRO","SNBU2013-14",,0.00,,,,0,,
3/28/2014 0:00:00,"COOK","SNBU2013-14",,0.00,,,,0,,
3/28/2014 0:00:00,"MIR","SNBU2013-14",,0.00,,,,0,,
3/28/2014 0:00:00,"MTCH","SNBU2013-14",,0.00,,,,0,,
3/28/2014 0:00:00,"STRO","SNBU2013-14",,0.00,,,,0,,
3/29/2014 0:00:00,"COOK","SNBU2013-14",,0.00,,,,0,,
3/29/2014 0:00:00,"MBO","SMMP2014",,,,,,,,1
3/29/2014 0:00:00,"MIR","SNBU2013-14",,0.00,,,,0,,
3/29/2014 0:00:00,"STRO","SNBU2013-14",,0.00,,,,0,,
3/30/2014 0:00:00,"COOK","SNBU2013-14",,0.00,,,,0,,
3/30/2014 0:00:00,"MBO","SMMP2014",,,,,,,,1
3/30/2014 0:00:00,"MIR","SNBU2013-14",,0.00,,,,0,,
3/31/2014 0:00:00,"COOK","SNBU2013-14",,0.00,,,,0,,
3/31/2014 0:00:00,"MBO","SMMP2014",,,,,,,,1
3/31/2014 0:00:00,"MIR","SNBU2013-14",,0.00,,,,0,,
3/31/2014 0:00:00,"STRO","SNBU2013-14",,0.00,,,,0,,
4/1/2014 0:00:00,"COOK","SNBU2013-14",,0.00,,,,0,,
4/1/2014 0:00:00,"MBO","SMMP2014",,,,,,,,1
4/1/2014 0:00:00,"MIR","SNBU2013-14",,0.00,,,,0,,
4/1/2014 0:00:00,"STRO","SNBU2013-14",,0.00,,,,0,,
4/2/2014 0:00:00,"MBO","SMMP2014",,,,,,,,1
4/2/2014 0:00:00,"MIR","SNBU2013-14",,0.00,,,,0,,
4/3/2014 0:00:00,"MBO","SMMP2014",,,,,,,,1
4/4/2014 0:00:00,"MBO","SMMP2014",,,,,,,,1
4/5/2014 0:00:00,"MBO","SMMP2014",,,,,,,,1
4/6/2014 0:00:00,"MBO","SMMP2014",,,,,,,,1
4/7/2014 0:00:00,"MBO","SMMP2014",,,,,,,,1
4/8/2014 0:00:00,"MBO","SMMP2014",,,,,,,,1
4/9/2014 0:00:00,"MBO","SMMP2014",,,,,,,,1
4/10/2014 0:00:00,"MBO","SMMP2014",,,,,,,,1
4/11/2014 0:00:00,"MBO","SMMP2014",,,,,,,,1
4/12/2014 0:00:00,"MBO","SMMP2014",,,,,,,,1
4/13/2014 0:00:00,"MBO","SMMP2014",,,,,,,,1
4/14/2014 0:00:00,"MBO","SMMP2014",,,,,,,,1
4/15/2014 0:00:00,"MBO","SMMP2014",,,,,,,,1
4/16/2014 0:00:00,"MBO","SMMP2014",,,,,,,,1
4/17/2014 0:00:00,"MBO","SMMP2014",,,,,,,,1
4/18/2014 0:00:00,"MBO","SMMP2014",29.3,75.00,,,,,,5
4/19/2014 0:00:00,"MBO","SMMP2014",19.8,60.00,,,,,,4.5
4/20/2014 0:00:00,"MBO","SMMP2014",13.5,75.00,,,,,,5
4/21/2014 0:00:00,"MBO","SMMP2014",14.5,75.00,,,,,,5
4/22/2014 0:00:00,"MBO","SMMP2014",10,67.50,,,,,,4.5
4/23/2014 0:00:00,"MBO","SMMP2014",13.5,75.00,,,,,,5
4/24/2014 0:00:00,"MBO","SMMP2014",13.5,75.00,,,,,,5
4/25/2014 0:00:00,"MBO","SMMP2014",4.8,75.00,,,,,,4
4/26/2014 0:00:00,"MBO","SMMP2014",6.8,19.50,,,,,,3
4/27/2014 0:00:00,"MBO","SMMP2014",18.3,41.00,,,,,,4
4/28/2014 0:00:00,"MBO","SMMP2014",7.5,75.00,0,0,0,,0,4.5
4/29/2014 0:00:00,"MBO","SMMP2014",12,75.00,,,,,,5
4/30/2014 0:00:00,"MBO","SMMP2014",18,71.25,,,,,,4.5
5/1/2014 0:00:00,"MBO","SMMP2014",1,0.00,,,,,,1.5
5/2/2014 0:00:00,"MBO","SMMP2014",9,63.75,,,,,,4.5
5/3/2014 0:00:00,"COOK","SNBU2013-14",,0.00,,,,0,,
5/3/2014 0:00:00,"MBO","SMMP2014",7.5,37.50,0,0,0,,0,3.5
5/4/2014 0:00:00,"MBO","SMMP2014",3.3,0.00,,,,,,2
5/5/2014 0:00:00,"MBO","SMMP2014",7.8,52.50,0,0,0,,0,4
5/6/2014 0:00:00,"MBO","SMMP2014",10,75.00,,,,,,5
5/7/2014 0:00:00,"MBO","SMMP2014",7.3,75.00,0,0,0,,0,4.5
5/8/2014 0:00:00,"MBO","SMMP2014",9,75.00,0,0,0,,0,5
5/9/2014 0:00:00,"MBO","SMMP2014",7.5,48.75,0,0,0,,0,3.5
5/10/2014 0:00:00,"MBO","SMMP2014",4,75.00,0,0,0,,0,4
5/11/2014 0:00:00,"MBO","SMMP2014",14.8,80.00,,,,,,5
5/12/2014 0:00:00,"MBO","SMMP2014",8,80.00,0,0,0,,0,4.5
5/13/2014 0:00:00,"MBO","SMMP2014",6.5,80.00,,,,,,4.5
5/14/2014 0:00:00,"MBO","SMMP2014",11,80.00,,,,,,5
5/15/2014 0:00:00,"MBO","SMMP2014",11.8,80.00,,,,,,5
5/16/2014 0:00:00,"MBO","SMMP2014",14.3,64.00,,,,,,4.5
5/17/2014 0:00:00,"MBO","SMMP2014",40,40.00,,,,,,4
5/18/2014 0:00:00,"MBO","SMMP2014",24.8,75.00,,,,,,5
5/19/2014 0:00:00,"MBO","SMMP2014",12.8,80.00,,,,,,5
5/20/2014 0:00:00,"MBO","SMMP2014",14,80.00,,,,,,5
5/21/2014 0:00:00,"MBO","SMMP2014",5.3,80.00,,,,,,4
5/22/2014 0:00:00,"MBO","SMMP2014",15.8,80.00,,,,,,5
5/23/2014 0:00:00,"MBO","SMMP2014",10.3,80.00,,,,,,5
5/24/2014 0:00:00,"MBO","SMMP2014",16,80.00,,,,,,5
5/25/2014 0:00:00,"MBO","SMMP2014",24.3,80.00,,,,,,5
5/26/2014 0:00:00,"MBO","SMMP2014",7.5,80.00,,,,,,4.5
5/27/2014 0:00:00,"MBO","SMMP2014",8,56.00,,,,,,4
5/28/2014 0:00:00,"MBO","SMMP2014",12.8,72.00,,,,,,4.5
5/29/2014 0:00:00,"MBO","SMMP2014",6.3,80.00,,,,,,4.5
5/30/2014 0:00:00,"MBO","SMMP2014",9,56.00,,,,,,4.5
5/30/2014 0:00:00,"UDEM","PEFA",,0.00,,,,0,,
5/31/2014 0:00:00,"MBO","SMMP2014",19.8,80.00,,,,,,5
6/1/2014 0:00:00,"MBO","SMMP2014",18.3,80.00,,,,,,5
6/2/2014 0:00:00,"MBO","SMMP2014",0,0.00,,,,,,1
6/3/2014 0:00:00,"MBO","SMMP2014",0,0.00,,,,,,1
6/4/2014 0:00:00,"MBO","SMMP2014",0,0.00,,,,,,1
6/6/2014 0:00:00,"MBO","MAPS2014",,56.00,,,,,,
6/15/2014 0:00:00,"MBO","MAPS2014",,56.00,,,,,,
6/22/2014 0:00:00,"MBO","MAPS2014",,56.00,,,,,,
6/24/2014 0:00:00,"NICH","NEST2014",,0.00,,,,0,,
6/24/2014 0:00:00,"NICH","NICHOIR",,0.00,,,,0,,
7/5/2014 0:00:00,"MBO","MAPS2014",,56.00,,,,,,
7/8/2014 0:00:00,"NICH","NICHOIR",,0.00,,,,0,,
7/14/2014 0:00:00,"MBO","MAPS2014",,56.00,,,,,,
7/16/2014 0:00:00,"NICH","NICHOIR",,0.00,,,,0,,
7/20/2014 0:00:00,"MBO","MAPS2014",0,56.00,0,0,0,,0,0
7/30/2014 0:00:00,"MBO","MAPS2014",0,56.00,0,0,0,,0,0
8/1/2014 0:00:00,"MBO","FMMP2014",5.5,80.00,,,,,,4
8/2/2014 0:00:00,"MBO","FMMP2014",9,80.00,,,,,,5
8/3/2014 0:00:00,"MBO","FMMP2014",12,80.00,0,0,0,,0,5
8/4/2014 0:00:00,"MBO","FMMP2014",8.5,72.00,,,,,,4
8/5/2014 0:00:00,"MBO","FMMP2014",14.5,80.00,,,,,,5
8/5/2014 0:00:00,"NICH","NICHOIR",,0.00,,,,0,,
8/6/2014 0:00:00,"MBO","FMMP2014",8.3,80.00,,,,,,4.5
8/7/2014 0:00:00,"MBO","FMMP2014",15.3,76.00,,,,,,5
8/8/2014 0:00:00,"MBO","FMMP2014",12.8,80.00,,,,,,5
8/9/2014 0:00:00,"MBO","FMMP2014",6.5,80.00,,,,,,4.5
8/10/2014 0:00:00,"MBO","FMMP2014",17.3,80.00,,,,,,5
8/11/2014 0:00:00,"MBO","FMMP2014",13.8,80.00,,,,,,5
8/12/2014 0:00:00,"MBO","FMMP2014",12.3,80.00,,,,,,5
8/13/2014 0:00:00,"MBO","FMMP2014",0,0.00,,,,,,1
8/14/2014 0:00:00,"MBO","FMMP2014",10,71.00,,,,,,4.5
8/15/2014 0:00:00,"MBO","FMMP2014",1.7,0.00,,,,,,1.5
8/15/2014 0:00:00,"NICH","NICHOIR",,0.00,,,,0,,
8/16/2014 0:00:00,"MBO","FMMP2014",11.8,60.00,,,,,,4.5
8/17/2014 0:00:00,"MBO","FMMP2014",20,80.00,,,,,,5
8/18/2014 0:00:00,"MBO","FMMP2014",16,80.00,,,,,,5
8/19/2014 0:00:00,"MBO","FMMP2014",12.8,80.00,,,,,,5
8/20/2014 0:00:00,"MBO","FMMP2014",11.5,80.00,,,,,,5
8/21/2014 0:00:00,"MBO","FMMP2014",12,64.00,,,,,,4.5
8/21/2014 0:00:00,"NICH","NICHOIR",,0.00,,,,0,,
8/22/2014 0:00:00,"MBO","FMMP2014",10,80.00,,,,,,5
8/23/2014 0:00:00,"MBO","FMMP2014",11,80.00,,,,,,5
8/24/2014 0:00:00,"MBO","FMMP2014",13.5,80.00,,,,,,5
8/25/2014 0:00:00,"MBO","FMMP2014",19.8,80.00,,,,,,5
8/25/2014 0:00:00,"MBO","NICHOIR",,,,,,0,,
8/26/2014 0:00:00,"MBO","FMMP2014",13.3,80.00,,,,,,5
8/27/2014 0:00:00,"MBO","FMMP2014",12.8,80.00,,,,,,5
8/28/2014 0:00:00,"MBO","FMMP2014",12,80.00,,,,,,5
8/29/2014 0:00:00,"MBO","FMMP2014",9.3,80.00,,,,,,5
8/30/2014 0:00:00,"MBO","FMMP2014",10,80.00,,,,,,5
8/31/2014 0:00:00,"MBO","FMMP2014",11.5,80.00,,,,,,5
9/1/2014 0:00:00,"MBO","FMMP2014",15.8,80.00,,,,,,5
9/2/2014 0:00:00,"MBO","FMMP2014",21.8,80.00,,,,,,5
9/3/2014 0:00:00,"MBO","FMMP2014",12.8,80.00,,,,,,5
9/4/2014 0:00:00,"MBO","FMMP2014",10,80.00,,,,,,5
9/5/2014 0:00:00,"MBO","FMMP2014",14.3,78.00,,,,,,5
9/6/2014 0:00:00,"MBO","FMMP2014",11,51.00,,,,,,4.5
9/7/2014 0:00:00,"MBO","FMMP2014",15.5,80.00,,,,,,5
9/8/2014 0:00:00,"MBO","FMMP2014",11.5,80.00,,,,,,5
9/9/2014 0:00:00,"MBO","FMMP2014",15.5,80.00,,,,,,5
9/10/2014 0:00:00,"MBO","FMMP2014",13.3,80.00,,,,,,5
9/11/2014 0:00:00,"MBO","FMMP2014",5.8,30.00,,,,,,3
9/12/2014 0:00:00,"MBO","FMMP2014",11.3,80.00,,,,,,5
9/13/2014 0:00:00,"MBO","FMMP2014",20,80.00,,,,,,5
9/14/2014 0:00:00,"MBO","FMMP2014",17,80.00,,,,,,5
9/15/2014 0:00:00,"MBO","FMMP2014",12.5,80.00,,,,,,5
9/16/2014 0:00:00,"MBO","FMMP2014",14.8,80.00,,,,,,5
9/17/2014 0:00:00,"MBO","FMMP2014",22.8,80.00,,,,,,5
9/18/2014 0:00:00,"MBO","FMMP2014",12.3,80.00,,,,,,5
9/19/2014 0:00:00,"MBO","FMMP2014",11,80.00,,,,,,5
9/20/2014 0:00:00,"MBO","FMMP2014",12.5,80.00,,,,,,5
9/21/2014 0:00:00,"MBO","FMMP2014",8,64.00,,,,,,4
9/22/2014 0:00:00,"MBO","FMMP2014",10,68.00,,,,,,4.5
9/23/2014 0:00:00,"MBO","FMMP2014",15.3,64.00,,,,,,4.5
9/24/2014 0:00:00,"MBO","FMMP2014",26.3,80.00,,,,,,5
9/25/2014 0:00:00,"MBO","FMMP2014",18.5,80.00,,,,,,5
9/26/2014 0:00:00,"MBO","FMMP2014",9.5,80.00,,,,,,5
9/26/2014 0:00:00,"MBO","OWLS2014",0,30.40,0,0,0,,0,0
9/27/2014 0:00:00,"MBO","FMMP2014",15.3,79.50,,,,,,5
9/27/2014 0:00:00,"MBO","OWLS2014",0,55.30,0,0,0,,0,0
9/28/2014 0:00:00,"MBO","FMMP2014",19.5,72.00,,,,,,4.5
9/28/2014 0:00:00,"MBO","OWLS2014",0,31.20,0,0,0,,0,0
9/29/2014 0:00:00,"MBO","FMMP2014",6.5,70.00,,,,,,4
9/29/2014 0:00:00,"MBO","OWLS2014",0,55.30,0,0,0,,0,0
9/30/2014 0:00:00,"MBO","FMMP2014",20.5,80.00,,,,,,5
9/30/2014 0:00:00,"MBO","OWLS2014",0,31.60,0,0,0,,0,0
10/1/2014 0:00:00,"MBO","FMMP2014",12.5,79.50,,,,,,5
10/1/2014 0:00:00,"MBO","OWLS2014",0,54.60,0,0,0,,0,0
10/2/2014 0:00:00,"MBO","FMMP2014",12.8,80.00,,,,,,5
10/2/2014 0:00:00,"MBO","OWLS2014",0,31.20,0,0,0,,0,0
10/3/2014 0:00:00,"MBO","FMMP2014",13.5,75.00,,,,,,5
10/3/2014 0:00:00,"MBO","OWLS2014",0,44.10,0,0,0,,0,0
10/4/2014 0:00:00,"MBO","FMMP2014",0,0.00,,,,,,1
10/5/2014 0:00:00,"MBO","FMMP2014",26.8,74.00,,,,,,4.5
10/5/2014 0:00:00,"MBO","OWLS2014",0,32.40,0,0,0,,0,0
10/6/2014 0:00:00,"MBO","FMMP2014",18.8,80.00,,,,,,5
10/6/2014 0:00:00,"MBO","OWLS2014",0,33.60,0,0,0,,0,0
10/7/2014 0:00:00,"MBO","FMMP2014",4.5,16.00,,,,,,2.5
10/7/2014 0:00:00,"MBO","OWLS2014",0,25.20,0,0,0,,0,0
10/8/2014 0:00:00,"MBO","FMMP2014",3.5,7.25,,,,,,2.5
10/9/2014 0:00:00,"MBO","FMMP2014",15.5,76.00,,,,,,5
10/10/2014 0:00:00,"MBO","FMMP2014",15.8,80.00,,,,,,5
10/10/2014 0:00:00,"MBO","OWLS2014",0,58.10,0,0,0,,0,0
10/11/2014 0:00:00,"MBO","FMMP2014",20.5,80.00,,,,,,5
10/11/2014 0:00:00,"MBO","OWLS2014",0,52.50,0,0,0,,0,0
10/12/2014 0:00:00,"MBO","FMMP2014",23,79.00,,,,,,5
10/12/2014 0:00:00,"MBO","OWLS2014",0,32.80,0,0,0,,0,0
10/13/2014 0:00:00,"MBO","FMMP2014",21,80.00,,,,,,5
10/13/2014 0:00:00,"MBO","OWLS2014",0,33.20,0,0,0,,0,0
10/14/2014 0:00:00,"MBO","FMMP2014",22.3,80.00,,,,,,5
10/14/2014 0:00:00,"MBO","OWLS2014",0,58.10,0,0,0,,0,0
10/15/2014 0:00:00,"MBO","FMMP2014",12.8,63.00,,,,,,4.5
10/16/2014 0:00:00,"MBO","FMMP2014",8.8,4.00,,,,,,3
10/17/2014 0:00:00,"MBO","FMMP2014",9.8,72.00,,,,,,4.5
10/18/2014 0:00:00,"MBO","FMMP2014",15.5,72.00,,,,,,4.5
10/18/2014 0:00:00,"MBO","OWLS2014",0,34.80,0,0,0,,0,0
10/19/2014 0:00:00,"MBO","FMMP2014",18.3,80.00,,,,,,5
10/19/2014 0:00:00,"MBO","OWLS2014",0,62.30,0,0,0,,0,0
10/20/2014 0:00:00,"MBO","FMMP2014",13,80.00,,,,,,5
10/20/2014 0:00:00,"MBO","OWLS2014",0,18.00,0,0,0,,0,0
10/21/2014 0:00:00,"MBO","FMMP2014",16,22.50,,,,,,3.5
10/21/2014 0:00:00,"MBO","OWLS2014",0,33.60,0,0,0,,0,0
10/22/2014 0:00:00,"MBO","FMMP2014",13.5,75.00,,,,,,5
10/22/2014 0:00:00,"MBO","OWLS2014",0,35.20,0,0,0,,0,0
10/23/2014 0:00:00,"MBO","FMMP2014",11.8,60.00,,,,,,4.5
10/23/2014 0:00:00,"MBO","OWLS2014",0,54.60,0,0,0,,0,0
10/24/2014 0:00:00,"MBO","FMMP2014",16.5,56.00,0,0,0,,0,4.5
10/24/2014 0:00:00,"MBO","OWLS2014",0,35.20,0,0,0,,0,0
10/25/2014 0:00:00,"MBO","FMMP2014",20,80.00,,,,,,5
10/26/2014 0:00:00,"MBO","FMMP2014",19.3,72.00,,,,,,4.5
10/26/2014 0:00:00,"MBO","OWLS2014",0,54.60,0,0,0,,0,0
10/27/2014 0:00:00,"MBO","FMMP2014",15.5,80.00,,,,,,5
10/27/2014 0:00:00,"MBO","OWLS2014",0,28.00,0,0,0,,0,0
10/28/2014 0:00:00,"MBO","FMMP2014",22.8,64.00,,,,,,4.5
10/29/2014 0:00:00,"MBO","FMMP2014",8.3,56.00,,,,,,4
10/29/2014 0:00:00,"MBO","OWLS2014",0,63.00,0,0,0,,0,0
10/30/2014 0:00:00,"MBO","FMMP2014",17,80.00,,,,,,5
10/30/2014 0:00:00,"MBO","OWLS2014",0,36.00,0,0,0,,0,0
10/31/2014 0:00:00,"MBO","OWLS2014",0,68.60,0,0,0,,0,0
10/31/2014 0:00:00,"MBO","WINTER2014-15",13.5,80.00,0,0,0,,0,0
11/1/2014 0:00:00,"MBO","OWLS2014",0,33.60,0,0,0,,0,0
11/1/2014 0:00:00,"MBO","WINTER2014-15",12,80.00,0,0,0,,0,0
11/2/2014 0:00:00,"MBO","OWLS2014",0,35.20,0,0,0,,0,0
11/2/2014 0:00:00,"MBO","WINTER2014-15",12.5,80.00,0,0,0,,0,0
11/3/2014 0:00:00,"MBO","OWLS2014",0,65.10,0,0,0,,0,0
11/3/2014 0:00:00,"MBO","WINTER2014-15",16.8,80.00,0,0,0,,0,0
11/4/2014 0:00:00,"MBO","WINTER2014-15",17.3,72.00,0,0,0,,0,0
11/5/2014 0:00:00,"MBO","OWLS2014",0,65.10,0,0,0,,0,0
11/5/2014 0:00:00,"MBO","WINTER2014-15",8.8,27.00,0,0,0,,0,0
11/6/2014 0:00:00,"MBO","WINTER2014-15",19.3,80.00,0,0,0,,0,0
11/8/2014 0:00:00,"MBO","WINTER2014-15",4.5,10.50,0,0,0,,0,0
11/11/2014 0:00:00,"MBO","WINTER2014-15",14.5,18.00,0,0,0,,0,0
11/13/2014 0:00:00,"MBO","WINTER2014-15",1,,,,,,,
11/13/2014 0:00:00,"NICH","NICHOIR",,0.00,,,,0,,
11/19/2014 0:00:00,"MIR","SNBU2014-15",,0.00,,,,0,,
11/20/2014 0:00:00,"MBO","WINTER2014-15",2,,,,,,,
11/20/2014 0:00:00,"MIR","SNBU2014-15",,0.00,,,,0,,
11/21/2014 0:00:00,"MBO","WINTER2014-15",2,,,,,,,
11/21/2014 0:00:00,"MIR","SNBU2014-15",,0.00,,,,0,,
11/22/2014 0:00:00,"MIR","SNBU2014-15",,0.00,,,,0,,
11/23/2014 0:00:00,"MBO","WINTER2014-15",5,12.00,0,0,0,,0,0
11/25/2014 0:00:00,"MBO","WINTER2014-15",1,,,,,,,
11/26/2014 0:00:00,"MBO","WINTER2014-15",7.5,13.50,0,0,0,,0,0
11/30/2014 0:00:00,"MBO","WINTER2014-15",3,12.00,0,0,0,,0,0
12/4/2014 0:00:00,"MIR","SNBU2014-15",,0.00,,,,0,,
12/5/2014 0:00:00,"MIR","SNBU2014-15",,0.00,,,,0,,
12/6/2014 0:00:00,"MBO","WINTER2014-15",5,7.50,0,0,0,,0,0
12/6/2014 0:00:00,"MIR","SNBU2014-15",,0.00,,,,0,,
12/7/2014 0:00:00,"STRO","SNBU2014-15",,0.00,,,,0,,
12/8/2014 0:00:00,"MIR","SNBU2014-15",,0.00,,,,0,,
12/8/2014 0:00:00,"STRO","SNBU2014-15",,0.00,,,,0,,
12/9/2014 0:00:00,"STRO","SNBU2014-15",,0.00,,,,0,,
12/10/2014 0:00:00,"MIR","SNBU2014-15",,0.00,,,,0,,
12/11/2014 0:00:00,"MIR","SNBU2014-15",,0.00,,,,0,,
12/11/2014 0:00:00,"MTCH","SNBU2014-15",,0.00,,,,0,,
12/12/2014 0:00:00,"MIR","SNBU2014-15",,0.00,,,,0,,
12/12/2014 0:00:00,"MTCH","SNBU2014-15",,0.00,,,,0,,
12/13/2014 0:00:00,"MTCH","SNBU2014-15",,0.00,,,,0,,
12/13/2014 0:00:00,"STRO","SNBU2014-15",,0.00,,,,0,,
12/14/2014 0:00:00,"MTCH","SNBU2014-15",,0.00,,,,0,,
12/14/2014 0:00:00,"STRO","SNBU2014-15",,0.00,,,,0,,
12/15/2014 0:00:00,"MTCH","SNBU2014-15",,0.00,,,,0,,
12/15/2014 0:00:00,"STRO","SNBU2014-15",,0.00,,,,0,,
12/16/2014 0:00:00,"MIR","SNBU2014-15",,0.00,,,,0,,
12/16/2014 0:00:00,"MTCH","SNBU2014-15",,0.00,,,,0,,
12/16/2014 0:00:00,"STRO","SNBU2014-15",,0.00,,,,0,,
12/18/2014 0:00:00,"MIR","SNBU2014-15",,0.00,,,,0,,
12/18/2014 0:00:00,"STRO","SNBU2014-15",,0.00,,,,0,,
12/19/2014 0:00:00,"MIR","SNBU2014-15",,0.00,,,,0,,
12/19/2014 0:00:00,"MTCH","SNBU2014-15",,0.00,,,,0,,
12/19/2014 0:00:00,"STRO","SNBU2014-15",,0.00,,,,0,,
12/20/2014 0:00:00,"MIR","SNBU2014-15",,0.00,,,,0,,
12/20/2014 0:00:00,"MTCH","SNBU2014-15",,0.00,,,,0,,
12/20/2014 0:00:00,"STRO","SNBU2014-15",,0.00,,,,0,,
12/21/2014 0:00:00,"MIR","SNBU2014-15",,0.00,,,,0,,
12/21/2014 0:00:00,"MTCH","SNBU2014-15",,0.00,,,,0,,
12/21/2014 0:00:00,"SL3R","SNBU2014-15",,0.00,,,,0,,
12/21/2014 0:00:00,"STRO","SNBU2014-15",,0.00,,,,0,,
12/22/2014 0:00:00,"MIR","SNBU2014-15",,0.00,,,,0,,
12/22/2014 0:00:00,"MTCH","SNBU2014-15",,0.00,,,,0,,
12/22/2014 0:00:00,"STRO","SNBU2014-15",,0.00,,,,0,,
12/23/2014 0:00:00,"MIR","SNBU2014-15",,0.00,,,,0,,
12/23/2014 0:00:00,"STRO","SNBU2014-15",,0.00,,,,0,,
1/3/2015 0:00:00,"MIR","SNBU2014-15",,0.00,,,,0,,
1/4/2015 0:00:00,"MIR","SNBU2014-15",,0.00,,,,0,,
1/5/2015 0:00:00,"MIR","SNBU2014-15",,0.00,,,,0,,
1/5/2015 0:00:00,"STRO","SNBU2014-15",,0.00,,,,0,,
1/6/2015 0:00:00,"MIR","SNBU2014-15",,0.00,,,,0,,
1/6/2015 0:00:00,"MTCH","SNBU2014-15",,0.00,,,,0,,
1/6/2015 0:00:00,"STRO","SNBU2014-15",,0.00,,,,0,,
1/7/2015 0:00:00,"MIR","SNBU2014-15",,0.00,,,,0,,
1/7/2015 0:00:00,"MTCH","SNBU2014-15",,0.00,,,,0,,
1/7/2015 0:00:00,"STRO","SNBU2014-15",,0.00,,,,0,,
1/8/2015 0:00:00,"MIR","SNBU2014-15",,0.00,,,,0,,
1/8/2015 0:00:00,"SL3R","SNBU2014-15",,0.00,,,,0,,
1/8/2015 0:00:00,"STRO","SNBU2014-15",,0.00,,,,0,,
1/9/2015 0:00:00,"MIR","SNBU2014-15",,0.00,,,,0,,
1/9/2015 0:00:00,"SL3R","SNBU2014-15",,0.00,,,,0,,
1/10/2015 0:00:00,"MIR","SNBU2014-15",,0.00,,,,0,,
1/10/2015 0:00:00,"SL3R","SNBU2014-15",,0.00,,,,0,,
1/11/2015 0:00:00,"MTCH","SNBU2014-15",,0.00,,,,0,,
1/11/2015 0:00:00,"SL3R","SNBU2014-15",,0.00,,,,0,,
1/12/2015 0:00:00,"MIR","SNBU2014-15",,0.00,,,,0,,
1/13/2015 0:00:00,"MIR","SNBU2014-15",,0.00,,,,0,,
1/13/2015 0:00:00,"SL3R","SNBU2014-15",,0.00,,,,0,,
1/14/2015 0:00:00,"MTCH","SNBU2014-15",,0.00,,,,0,,
1/14/2015 0:00:00,"SL3R","SNBU2014-15",,0.00,,,,0,,
1/15/2015 0:00:00,"MIR","SNBU2014-15",,0.00,,,,0,,
1/15/2015 0:00:00,"MTCH","SNBU2014-15",,0.00,,,,0,,
1/15/2015 0:00:00,"SL3R","SNBU2014-15",,0.00,,,,0,,
1/15/2015 0:00:00,"STRO","SNBU2014-15",,0.00,,,,0,,
1/16/2015 0:00:00,"MIR","SNBU2014-15",,0.00,,,,0,,
1/16/2015 0:00:00,"STRO","SNBU2014-15",,0.00,,,,0,,
1/17/2015 0:00:00,"MIR","SNBU2014-15",,0.00,,,,0,,
1/17/2015 0:00:00,"MTCH","SNBU2014-15",,0.00,,,,0,,
1/17/2015 0:00:00,"SL3R","SNBU2014-15",,0.00,,,,0,,
1/17/2015 0:00:00,"STRO","SNBU2014-15",,0.00,,,,0,,
1/18/2015 0:00:00,"MIR","SNBU2014-15",,0.00,,,,0,,
1/18/2015 0:00:00,"MTCH","SNBU2014-15",,0.00,,,,0,,
1/18/2015 0:00:00,"SL3R","SNBU2014-15",,0.00,,,,0,,
1/18/2015 0:00:00,"STRO","SNBU2014-15",,0.00,,,,0,,
1/19/2015 0:00:00,"MIR","SNBU2014-15",,0.00,,,,0,,
1/19/2015 0:00:00,"MTCH","SNBU2014-15",,0.00,,,,0,,
1/20/2015 0:00:00,"MBO","WINTER2014-15",,,,,,,,
1/20/2015 0:00:00,"MIR","SNBU2014-15",,0.00,,,,0,,
1/20/2015 0:00:00,"MTCH","SNBU2014-15",,0.00,,,,0,,
1/21/2015 0:00:00,"MIR","SNBU2014-15",,0.00,,,,0,,
1/21/2015 0:00:00,"MTCH","SNBU2014-15",,0.00,,,,0,,
1/21/2015 0:00:00,"STRO","SNBU2014-15",,0.00,,,,0,,
1/22/2015 0:00:00,"MTCH","SNBU2014-15",,0.00,,,,0,,
1/22/2015 0:00:00,"STRO","SNBU2014-15",,0.00,,,,0,,
1/23/2015 0:00:00,"MIR","SNBU2014-15",,0.00,,,,0,,
1/23/2015 0:00:00,"MTCH","SNBU2014-15",,0.00,,,,0,,
1/23/2015 0:00:00,"STRO","SNBU2014-15",,0.00,,,,0,,
1/24/2015 0:00:00,"MIR","SNBU2014-15",,0.00,,,,0,,
1/24/2015 0:00:00,"MTCH","SNBU2014-15",,0.00,,,,0,,
1/24/2015 0:00:00,"SL3R","SNBU2014-15",,0.00,,,,0,,
1/24/2015 0:00:00,"STRO","SNBU2014-15",,0.00,,,,0,,
1/25/2015 0:00:00,"MIR","SNBU2014-15",,0.00,,,,0,,
1/25/2015 0:00:00,"MTCH","SNBU2014-15",,0.00,,,,0,,
1/25/2015 0:00:00,"SL3R","SNBU2014-15",,0.00,,,,0,,
1/25/2015 0:00:00,"STRO","SNBU2014-15",,0.00,,,,0,,
1/26/2015 0:00:00,"MIR","SNBU2014-15",,0.00,,,,0,,
1/26/2015 0:00:00,"MTCH","SNBU2014-15",,0.00,,,,0,,
1/26/2015 0:00:00,"STRO","SNBU2014-15",,0.00,,,,0,,
1/27/2015 0:00:00,"MIR","SNBU2014-15",,0.00,,,,0,,
1/29/2015 0:00:00,"MTCH","SNBU2014-15",,0.00,,,,0,,
1/29/2015 0:00:00,"STRO","SNBU2014-15",,0.00,,,,0,,
1/30/2015 0:00:00,"MIR","SNBU2014-15",,0.00,,,,0,,
1/30/2015 0:00:00,"MTCH","SNBU2014-15",,0.00,,,,0,,
1/30/2015 0:00:00,"SL3R","SNBU2014-15",,0.00,,,,0,,
1/31/2015 0:00:00,"MIR","SNBU2014-15",,0.00,,,,0,,
1/31/2015 0:00:00,"SL3R","SNBU2014-15",,0.00,,,,0,,
2/1/2015 0:00:00,"MIR","SNBU2014-15",,0.00,,,,0,,
2/1/2015 0:00:00,"MTCH","SNBU2014-15",,0.00,,,,0,,
2/1/2015 0:00:00,"SL3R","SNBU2014-15",,0.00,,,,0,,
2/3/2015 0:00:00,"MTCH","SNBU2014-15",,0.00,,,,0,,
2/4/2015 0:00:00,"MTCH","SNBU2014-15",,0.00,,,,0,,
2/4/2015 0:00:00,"STRO","SNBU2014-15",,0.00,,,,0,,
2/5/2015 0:00:00,"MTCH","SNBU2014-15",,0.00,,,,0,,
2/5/2015 0:00:00,"SL3R","SNBU2014-15",,0.00,,,,0,,
2/6/2015 0:00:00,"MIR","SNBU2014-15",,0.00,,,,0,,
2/6/2015 0:00:00,"MTCH","SNBU2014-15",,0.00,,,,0,,
2/6/2015 0:00:00,"STRO","SNBU2014-15",,0.00,,,,0,,
2/7/2015 0:00:00,"MIR","SNBU2014-15",,0.00,,,,0,,
2/7/2015 0:00:00,"MTCH","SNBU2014-15",,0.00,,,,0,,
2/7/2015 0:00:00,"SL3R","SNBU2014-15",,0.00,,,,0,,
2/8/2015 0:00:00,"MTCH","SNBU2014-15",,0.00,,,,0,,
2/10/2015 0:00:00,"SL3R","SNBU2014-15",,0.00,,,,0,,
2/10/2015 0:00:00,"STRO","SNBU2014-15",,0.00,,,,0,,
2/12/2015 0:00:00,"MIR","SNBU2014-15",,0.00,,,,0,,
2/13/2015 0:00:00,"MIR","SNBU2014-15",,0.00,,,,0,,
2/13/2015 0:00:00,"MTCH","SNBU2014-15",,0.00,,,,0,,
2/14/2015 0:00:00,"MIR","SNBU2014-15",,0.00,,,,0,,
2/14/2015 0:00:00,"MTCH","SNBU2014-15",,0.00,,,,0,,
2/15/2015 0:00:00,"MIR","SNBU2014-15",,0.00,,,,0,,
2/15/2015 0:00:00,"MTCH","SNBU2014-15",,0.00,,,,0,,
2/16/2015 0:00:00,"MIR","SNBU2014-15",,0.00,,,,0,,
2/16/2015 0:00:00,"MTCH","SNBU2014-15",,0.00,,,,0,,
2/16/2015 0:00:00,"STRO","SNBU2014-15",,0.00,,,,0,,
2/17/2015 0:00:00,"MBO","WINTER2014-15",,,,,,,,
2/17/2015 0:00:00,"MTCH","SNBU2014-15",,0.00,,,,0,,
2/17/2015 0:00:00,"SL3R","SNBU2014-15",,0.00,,,,0,,
2/17/2015 0:00:00,"STRO","SNBU2014-15",,0.00,,,,0,,
2/18/2015 0:00:00,"MTCH","SNBU2014-15",,0.00,,,,0,,
2/18/2015 0:00:00,"SL3R","SNBU2014-15",,0.00,,,,0,,
2/19/2015 0:00:00,"MIR","SNBU2014-15",,0.00,,,,0,,
2/19/2015 0:00:00,"MTCH","SNBU2014-15",,0.00,,,,0,,
2/19/2015 0:00:00,"SL3R","SNBU2014-15",,0.00,,,,0,,
2/21/2015 0:00:00,"MIR","SNBU2014-15",,0.00,,,,0,,
2/21/2015 0:00:00,"MTCH","SNBU2014-15",,0.00,,,,0,,
2/22/2015 0:00:00,"MIR","SNBU2014-15",,0.00,,,,0,,
2/22/2015 0:00:00,"MTCH","SNBU2014-15",,0.00,,,,0,,
2/22/2015 0:00:00,"SL3R","SNBU2014-15",,0.00,,,,0,,
2/23/2015 0:00:00,"SL3R","SNBU2014-15",,0.00,,,,0,,
2/24/2015 0:00:00,"MIR","SNBU2014-15",,0.00,,,,0,,
2/24/2015 0:00:00,"MTCH","SNBU2014-15",,0.00,,,,0,,
2/25/2015 0:00:00,"MIR","SNBU2014-15",,0.00,,,,0,,
2/25/2015 0:00:00,"SL3R","SNBU2014-15",,0.00,,,,0,,
2/26/2015 0:00:00,"MIR","SNBU2014-15",,0.00,,,,0,,
2/26/2015 0:00:00,"MTCH","SNBU2014-15",,0.00,,,,0,,
2/27/2015 0:00:00,"MTCH","SNBU2014-15",,0.00,,,,0,,
2/28/2015 0:00:00,"MIR","SNBU2014-15",,0.00,,,,0,,
2/28/2015 0:00:00,"MTCH","SNBU2014-15",,0.00,,,,0,,
2/28/2015 0:00:00,"SL3R","SNBU2014-15",,0.00,,,,0,,
3/1/2015 0:00:00,"SL3R","SNBU2014-15",,0.00,,,,0,,
3/2/2015 0:00:00,"STRO","SNBU2014-15",,0.00,,,,0,,
3/3/2015 0:00:00,"MIR","SNBU2014-15",,0.00,,,,0,,
3/3/2015 0:00:00,"MTCH","SNBU2014-15",,0.00,,,,0,,
3/3/2015 0:00:00,"SL3R","SNBU2014-15",,0.00,,,,0,,
3/3/2015 0:00:00,"STRO","SNBU2014-15",,0.00,,,,0,,
3/4/2015 0:00:00,"MIR","SNBU2014-15",,0.00,,,,0,,
3/5/2015 0:00:00,"SL3R","SNBU2014-15",,0.00,,,,0,,
3/5/2015 0:00:00,"STRO","SNBU2014-15",,0.00,,,,0,,
3/6/2015 0:00:00,"MIR","SNBU2014-15",,0.00,,,,0,,
3/7/2015 0:00:00,"MIR","SNBU2014-15",,0.00,,,,0,,
3/8/2015 0:00:00,"MIR","SNBU2014-15",,0.00,,,,0,,
3/8/2015 0:00:00,"MTCH","SNBU2014-15",,0.00,,,,0,,
3/9/2015 0:00:00,"MIR","SNBU2014-15",,0.00,,,,0,,
3/9/2015 0:00:00,"MTCH","SNBU2014-15",,0.00,,,,0,,
3/10/2015 0:00:00,"MBO","WINTER2014-15",0,9.00,0,0,0,,0,0
3/10/2015 0:00:00,"MIR","SNBU2014-15",,0.00,,,,0,,
3/10/2015 0:00:00,"MTCH","SNBU2014-15",,0.00,,,,0,,
3/10/2015 0:00:00,"STRO","SNBU2014-15",,0.00,,,,0,,
3/11/2015 0:00:00,"MBO","WINTER2014-15",,,,,,,,
3/11/2015 0:00:00,"STRO","SNBU2014-15",,0.00,,,,0,,
3/12/2015 0:00:00,"MIR","SNBU2014-15",,0.00,,,,0,,
3/12/2015 0:00:00,"MTCH","SNBU2014-15",,0.00,,,,0,,
3/13/2015 0:00:00,"STRO","SNBU2014-15",,0.00,,,,0,,
3/14/2015 0:00:00,"MIR","SNBU2014-15",,0.00,,,,0,,
3/15/2015 0:00:00,"MIR","SNBU2014-15",,0.00,,,,0,,
3/15/2015 0:00:00,"MTCH","SNBU2014-15",,0.00,,,,0,,
3/16/2015 0:00:00,"MIR","SNBU2014-15",,0.00,,,,0,,
3/16/2015 0:00:00,"STRO","SNBU2014-15",,0.00,,,,0,,
3/17/2015 0:00:00,"MIR","SNBU2014-15",,0.00,,,,0,,
3/17/2015 0:00:00,"MTCH","SNBU2014-15",,0.00,,,,0,,
3/17/2015 0:00:00,"STRO","SNBU2014-15",,0.00,,,,0,,
3/18/2015 0:00:00,"MIR","SNBU2014-15",,0.00,,,,0,,
3/18/2015 0:00:00,"SL3R","SNBU2014-15",,0.00,,,,0,,
3/18/2015 0:00:00,"STRO","SNBU2014-15",,0.00,,,,0,,
3/19/2015 0:00:00,"MIR","SNBU2014-15",,0.00,,,,0,,
3/19/2015 0:00:00,"MTCH","SNBU2014-15",,0.00,,,,0,,
3/19/2015 0:00:00,"SL3R","SNBU2014-15",,0.00,,,,0,,
3/20/2015 0:00:00,"MBO","WINTER2014-15",0,2.00,0,0,0,,0,0
3/20/2015 0:00:00,"MIR","SNBU2014-15",,0.00,,,,0,,
3/20/2015 0:00:00,"MTCH","SNBU2014-15",,0.00,,,,0,,
3/21/2015 0:00:00,"MBO","WINTER2014-15",0,13.50,0,0,0,,0,0
3/21/2015 0:00:00,"MIR","SNBU2014-15",,0.00,,,,0,,
3/21/2015 0:00:00,"MTCH","SNBU2014-15",,0.00,,,,0,,
3/21/2015 0:00:00,"STRO","SNBU2014-15",,0.00,,,,0,,
3/22/2015 0:00:00,"MIR","SNBU2014-15",,0.00,,,,0,,
3/22/2015 0:00:00,"MTCH","SNBU2014-15",,0.00,,,,0,,
3/22/2015 0:00:00,"SL3R","SNBU2014-15",,0.00,,,,0,,
3/22/2015 0:00:00,"STRO","SNBU2014-15",,0.00,,,,0,,
3/23/2015 0:00:00,"MIR","SNBU2014-15",,0.00,,,,0,,
3/23/2015 0:00:00,"MTCH","SNBU2014-15",,0.00,,,,0,,
3/23/2015 0:00:00,"SL3R","SNBU2014-15",,0.00,,,,0,,
3/23/2015 0:00:00,"STRO","SNBU2014-15",,0.00,,,,0,,
3/24/2015 0:00:00,"MIR","SNBU2014-15",,0.00,,,,0,,
3/24/2015 0:00:00,"MTCH","SNBU2014-15",,0.00,,,,0,,
3/24/2015 0:00:00,"STRO","SNBU2014-15",,0.00,,,,0,,
3/25/2015 0:00:00,"MIR","SNBU2014-15",,0.00,,,,0,,
3/25/2015 0:00:00,"MTCH","SNBU2014-15",,0.00,,,,0,,
3/27/2015 0:00:00,"MBO","WINTER2014-15",0,10.50,0,0,0,,0,0
3/28/2015 0:00:00,"MBO","SMMP2015",,,,,,,,1
3/29/2015 0:00:00,"MBO","SMMP2015",,,,,,,,1
3/30/2015 0:00:00,"MBO","SMMP2015",,,,,,,,1
3/31/2015 0:00:00,"MBO","SMMP2015",,,,,,,,1
4/1/2015 0:00:00,"MBO","SMMP2015",,,,,,,,1
4/2/2015 0:00:00,"MBO","SMMP2015",,,,,,,,1
4/3/2015 0:00:00,"MBO","SMMP2015",,,,,,,,1
4/4/2015 0:00:00,"MBO","SMMP2015",,,,,,,,1
4/5/2015 0:00:00,"MBO","SMMP2015",,,,,,,,1
4/6/2015 0:00:00,"MBO","SMMP2015",,,,,,,,1
4/7/2015 0:00:00,"MBO","SMMP2015",,,,,,,,1
4/8/2015 0:00:00,"MBO","SMMP2015",,,,,,,,1
4/9/2015 0:00:00,"MBO","SMMP2015",,,,,,,,1
4/10/2015 0:00:00,"MBO","SMMP2015",,,,,,,,1
4/11/2015 0:00:00,"MBO","SMMP2015",,,,,,,,1
4/12/2015 0:00:00,"MBO","SMMP2015",,,,,,,,1
4/13/2015 0:00:00,"MBO","SMMP2015",,,,,,,,1
4/14/2015 0:00:00,"MBO","SMMP2015",,,,,,,,1
4/15/2015 0:00:00,"MBO","SMMP2015",,,,,,,,1
4/16/2015 0:00:00,"MBO","SMMP2015",,,,,,,,1
4/17/2015 0:00:00,"MBO","SMMP2015",,,,,,,,1
4/18/2015 0:00:00,"MBO","SMMP2015",23.8,75.00,,,,,,5
4/19/2015 0:00:00,"MBO","SMMP2015",14.3,75.00,,,,,,5
4/20/2015 0:00:00,"MBO","SMMP2015",7.5,52.50,,,,,,4
4/21/2015 0:00:00,"MBO","SMMP2015",3,0.00,,,,,,2
4/22/2015 0:00:00,"MBO","SMMP2015",11,56.25,,,,,,4.5
4/23/2015 0:00:00,"MBO","SMMP2015",8,31.50,,,,,,3.5
4/24/2015 0:00:00,"MBO","SMMP2015",15.8,75.00,,,,,,5
4/25/2015 0:00:00,"MBO","SMMP2015",17.3,75.00,,,,,,5
4/26/2015 0:00:00,"MBO","SMMP2015",20,75.00,,,,,,5
4/27/2015 0:00:00,"MBO","SMMP2015",11,63.00,,,,,,4.5
4/28/2015 0:00:00,"MBO","SMMP2015",10,75.00,,,,,,5
4/29/2015 0:00:00,"MBO","SMMP2015",18,79.00,,,,,,5
4/30/2015 0:00:00,"MBO","SMMP2015",5.5,80.00,,,,,,4
5/1/2015 0:00:00,"MBO","SMMP2015",14.5,80.00,,,,,,5
5/2/2015 0:00:00,"MBO","SMMP2015",15.8,80.00,,,,,,5
5/3/2015 0:00:00,"MBO","NEST2015",0,0.00,0,0,0,,0,0
5/3/2015 0:00:00,"MBO","SMMP2015",15.3,80.00,,,,,,5
5/4/2015 0:00:00,"MBO","SMMP2015",13.5,80.00,,,,,,5
5/5/2015 0:00:00,"MBO","SMMP2015",19.5,80.00,,,,,,5
5/6/2015 0:00:00,"MBO","SMMP2015",19.5,80.00,,,,,,5
5/7/2015 0:00:00,"MBO","SMMP2015",13.8,80.00,0,0,0,,0,5
5/8/2015 0:00:00,"MBO","SMMP2015",16.5,80.00,0,0,0,,0,5
5/9/2015 0:00:00,"MBO","SMMP2015",21.3,80.00,0,0,0,,0,5
5/10/2015 0:00:00,"MBO","SMMP2015",13.8,80.00,0,0,0,,0,5
5/11/2015 0:00:00,"MBO","SMMP2015",0.8,0.00,,,,,,1.5
5/12/2015 0:00:00,"MBO","SMMP2015",9,37.50,0,0,0,,0,4
5/13/2015 0:00:00,"MBO","SMMP2015",10.8,80.00,0,0,0,,0,5
5/14/2015 0:00:00,"MBO","SMMP2015",9,80.00,0,0,0,,0,5
5/15/2015 0:00:00,"MBO","SMMP2015",10,80.00,0,0,0,,0,5
5/16/2015 0:00:00,"MBO","SMMP2015",13,80.00,,,,,,5
5/17/2015 0:00:00,"MBO","SMMP2015",12,80.00,,,,,,5
5/18/2015 0:00:00,"MBO","SMMP2015",13.3,80.00,,,,,,5
5/19/2015 0:00:00,"MBO","SMMP2015",13.3,80.00,,,,,,5
5/20/2015 0:00:00,"MBO","SMMP2015",12.3,80.00,,,,,,5
5/21/2015 0:00:00,"MBO","SMMP2015",9.3,80.00,,,,,,5
5/22/2015 0:00:00,"MBO","SMMP2015",10.5,76.00,,,,,,5
5/23/2015 0:00:00,"MBO","SMMP2015",9.3,80.00,,,,,,5
5/24/2015 0:00:00,"MBO","SMMP2015",9.8,76.80,,,,,,5
5/25/2015 0:00:00,"MBO","SMMP2015",16.5,72.00,,,,,,4.5
5/26/2015 0:00:00,"MBO","SMMP2015",8.3,80.00,,,,,,4.5
5/27/2015 0:00:00,"MBO","SMMP2015",9,80.00,,,,,,5
5/28/2015 0:00:00,"MBO","SMMP2015",6.5,80.00,,,,,,4.5
5/29/2015 0:00:00,"MBO","SMMP2015",15,80.00,,,,,,5
5/30/2015 0:00:00,"MBO","SMMP2015",12.5,72.00,,,,,,4.5
5/31/2015 0:00:00,"MBO","SMMP2015",1.5,1.20,,,,,,2
6/1/2015 0:00:00,"MBO","SMMP2015",4,12.00,,,,,,2.5
6/2/2015 0:00:00,"MBO","SMMP2015",,,,,,,,1
6/3/2015 0:00:00,"MBO","SMMP2015",,,,,,,,1
6/4/2015 0:00:00,"MBO","SMMP2015",,,,,,,,1
6/5/2015 0:00:00,"MBO","SMMP2015",,,,,,,,1
6/6/2015 0:00:00,"MBO","MAPS2015",,54.00,,,,,,
6/14/2015 0:00:00,"MBO","MAPS2015",,54.00,,,,,,
6/16/2015 0:00:00,"UDEM","PEFA",,0.00,,,,0,,
6/17/2015 0:00:00,"MBO","NEST2015",0,0.00,0,0,0,,0,0
6/22/2015 0:00:00,"BSTM","NEST2015",,0.00,,,,0,,
6/25/2015 0:00:00,"NICH","NICHOIR",,0.00,,,,0,,
6/27/2015 0:00:00,"MBO","MAPS2015",,54.00,,,,,,
7/4/2015 0:00:00,"MBO","MAPS2015",,54.00,,,,,,
7/8/2015 0:00:00,"NICH","NICHOIR",,0.00,,,,0,,
7/12/2015 0:00:00,"MBO","MAPS2015",,54.00,,,,,,
7/20/2015 0:00:00,"MBO","MAPS2015",,54.00,,,,,,
7/23/2015 0:00:00,"NICH","NICHOIR",,0.00,,,,0,,
7/27/2015 0:00:00,"NICH","NICHOIR",,0.00,,,,0,,
7/31/2015 0:00:00,"MBO","MAPS2015",,54.00,,,,,,
8/1/2015 0:00:00,"MBO","FMMP2015",25.3,80.00,,,,,,5
8/2/2015 0:00:00,"MBO","FMMP2015",14,80.00,,,,,,5
8/3/2015 0:00:00,"MBO","FMMP2015",19,80.00,,,,,,5
8/4/2015 0:00:00,"MBO","FMMP2015",20.3,80.00,,,,,,5
8/5/2015 0:00:00,"MBO","FMMP2015",14,76.50,,,,,,5
8/6/2015 0:00:00,"MBO","FMMP2015",11,80.00,,,,,,5
8/7/2015 0:00:00,"MBO","FMMP2015",11.3,80.00,,,,,,5
8/8/2015 0:00:00,"MBO","FMMP2015",13.5,80.00,,,,,,5
8/9/2015 0:00:00,"MBO","FMMP2015",12.8,80.00,,,,,,5
8/10/2015 0:00:00,"MBO","FMMP2015",7,80.00,,,,,,4.5
8/11/2015 0:00:00,"MBO","FMMP2015",0,0.00,,,,,,1
8/12/2015 0:00:00,"MBO","FMMP2015",13,56.00,,,,,,4.5
8/13/2015 0:00:00,"MBO","FMMP2015",14,80.00,,,,,,5
8/14/2015 0:00:00,"MBO","FMMP2015",5.5,42.50,0,0,0,,0,3
8/15/2015 0:00:00,"MBO","FMMP2015",14.8,80.00,,,,,,5
8/16/2015 0:00:00,"MBO","FMMP2015",18.3,80.00,,,,,,5
8/17/2015 0:00:00,"MBO","FMMP2015",11,78.40,,,,,,5
8/18/2015 0:00:00,"MBO","FMMP2015",17.3,72.00,,,,,,4.5
8/19/2015 0:00:00,"MBO","FMMP2015",8.5,72.00,,,,,,4
8/20/2015 0:00:00,"MBO","FMMP2015",12,80.00,,,,,,5
8/20/2015 0:00:00,"NICH","NICHOIR",,0.00,,,,0,,
8/21/2015 0:00:00,"MBO","FMMP2015",8,80.00,,,,,,4.5
8/22/2015 0:00:00,"MBO","FMMP2015",27.3,80.00,,,,,,5
8/23/2015 0:00:00,"MBO","FMMP2015",20.8,80.00,,,,,,5
8/24/2015 0:00:00,"MBO","FMMP2015",16.3,80.00,,,,,,5
8/25/2015 0:00:00,"MBO","FMMP2015",13.5,80.00,,,,,,5
8/26/2015 0:00:00,"MBO","FMMP2015",21.3,80.00,,,,,,5
8/27/2015 0:00:00,"MBO","FMMP2015",15.3,80.00,,,,,,5
8/28/2015 0:00:00,"MBO","FMMP2015",13.8,80.00,,,,,,5
8/29/2015 0:00:00,"MBO","FMMP2015",15,80.00,,,,,,5
8/30/2015 0:00:00,"MBO","FMMP2015",16.3,80.00,,,,,,5
8/31/2015 0:00:00,"MBO","FMMP2015",15,80.00,,,,,,5
9/1/2015 0:00:00,"MBO","FMMP2015",16,80.00,,,,,,5
9/2/2015 0:00:00,"MBO","FMMP2015",16.3,80.00,,,,,,5
9/3/2015 0:00:00,"MBO","FMMP2015",13.8,80.00,,,,,,5
9/4/2015 0:00:00,"MBO","FMMP2015",14.8,80.00,,,,,,5
9/5/2015 0:00:00,"MBO","FMMP2015",18.3,80.00,0,0,0,,0,5
9/6/2015 0:00:00,"MBO","FMMP2015",12.8,76.80,,,,,,5
9/7/2015 0:00:00,"MBO","FMMP2015",18.5,72.00,,,,,,4.5
9/8/2015 0:00:00,"MBO","FMMP2015",11.8,80.00,,,,,,5
9/9/2015 0:00:00,"MBO","FMMP2015",15.8,77.00,,,,,,5
9/10/2015 0:00:00,"MBO","FMMP2015",13,80.00,,,,,,5
9/11/2015 0:00:00,"MBO","FMMP2015",14,80.00,,,,,,5
9/12/2015 0:00:00,"MBO","FMMP2015",10.3,32.00,,,,,,4
9/13/2015 0:00:00,"MBO","FMMP2015",9.5,35.25,,,,,,4
9/14/2015 0:00:00,"MBO","FMMP2015",13,48.00,,,,,,4
9/15/2015 0:00:00,"MBO","FMMP2015",12,80.00,,,,,,5
9/16/2015 0:00:00,"MBO","FMMP2015",9,80.00,,,,,,5
9/17/2015 0:00:00,"MBO","FMMP2015",14,80.00,,,,,,5
9/18/2015 0:00:00,"MBO","FMMP2015",9.5,80.00,,,,,,5
9/19/2015 0:00:00,"MBO","FMMP2015",12.3,80.00,,,,,,5
9/20/2015 0:00:00,"MBO","FMMP2015",8.3,80.00,,,,,,4.5
9/21/2015 0:00:00,"MBO","FMMP2015",20.5,80.00,,,,,,5
9/22/2015 0:00:00,"MBO","FMMP2015",19.5,80.00,,,,,,5
9/23/2015 0:00:00,"MBO","FMMP2015",18,80.00,,,,,,5
9/23/2015 0:00:00,"NICH","NEST2016",,,,,,0,,
9/23/2015 0:00:00,"NICH","NICHOIR",,0.00,,,,0,,
9/24/2015 0:00:00,"MBO","FMMP2015",14.5,80.00,,,,,,5
9/25/2015 0:00:00,"MBO","FMMP2015",11.5,80.00,,,,,,5
9/26/2015 0:00:00,"MBO","FMMP2015",17.5,80.00,,,,,,5
9/26/2015 0:00:00,"MBO","OWLS2015",0,55.44,0,0,0,,0,0
9/27/2015 0:00:00,"MBO","FMMP2015",26,80.00,,,,,,5
9/27/2015 0:00:00,"MBO","OWLS2015",0,55.44,0,0,0,,0,0
9/28/2015 0:00:00,"MBO","FMMP2015",18.3,80.00,,,,,,5
9/29/2015 0:00:00,"MBO","FMMP2015",8.5,80.00,,,,,,4.5
9/30/2015 0:00:00,"MBO","FMMP2015",4.5,6.00,,,,,,2.5
9/30/2015 0:00:00,"MBO","OWLS2015",0,54.81,0,0,0,,0,0
10/1/2015 0:00:00,"MBO","FMMP2015",16.5,80.00,,,,,,5
10/1/2015 0:00:00,"MBO","OWLS2015",0,55.44,0,0,0,,0,0
10/2/2015 0:00:00,"MBO","FMMP2015",15,80.00,,,,,,5
10/2/2015 0:00:00,"MBO","OWLS2015",0,55.44,0,0,0,,0,0
10/3/2015 0:00:00,"MBO","FMMP2015",12.5,76.00,,,,,,5
10/3/2015 0:00:00,"MBO","OWLS2015",,56.00,,,,,,
10/4/2015 0:00:00,"MBO","FMMP2015",18.5,80.00,,,,,,5
10/4/2015 0:00:00,"MBO","OWLS2015",0,57.19,0,0,0,,0,0
10/5/2015 0:00:00,"MBO","FMMP2015",11.8,80.00,,,,,,5
10/5/2015 0:00:00,"MBO","OWLS2015",0,57.75,0,0,0,,0,0
10/6/2015 0:00:00,"MBO","FMMP2015",13.3,80.00,,,,,,5
10/6/2015 0:00:00,"MBO","OWLS2015",0,57.75,0,0,0,,0,0
10/7/2015 0:00:00,"MBO","FMMP2015",22.8,80.00,,,,,,5
10/7/2015 0:00:00,"MBO","OWLS2015",0,57.75,0,0,0,,0,0
10/8/2015 0:00:00,"MBO","FMMP2015",17.8,80.00,,,,,,5
10/8/2015 0:00:00,"MBO","OWLS2015",0,48.48,0,0,0,,0,0
10/9/2015 0:00:00,"MBO","FMMP2015",2.5,0.00,,,,,,1.5
10/9/2015 0:00:00,"MBO","OWLS2015",0,49.50,0,0,0,,0,0
10/10/2015 0:00:00,"MBO","FMMP2015",19.8,77.50,,,,,,5
10/10/2015 0:00:00,"MBO","OWLS2015",0,58.94,0,0,0,,0,0
10/11/2015 0:00:00,"MBO","FMMP2015",14,74.00,,,,,,4.5
10/11/2015 0:00:00,"MBO","OWLS2015",0,58.94,0,0,0,,0,0
10/12/2015 0:00:00,"MBO","FMMP2015",17.3,80.00,,,,,,5
10/12/2015 0:00:00,"MBO","OWLS2015",0,57.94,0,0,0,,0,0
10/13/2015 0:00:00,"MBO","FMMP2015",14.5,72.00,,,,,,4.5
10/13/2015 0:00:00,"MBO","OWLS2015",0,28.00,0,0,0,,0,0
10/14/2015 0:00:00,"MBO","FMMP2015",11.3,72.00,,,,,,4.5
10/14/2015 0:00:00,"MBO","OWLS2015",0,58.94,0,0,0,,0,0
10/15/2015 0:00:00,"MBO","FMMP2015",16,46.00,,,,,,4
10/16/2015 0:00:00,"MBO","FMMP2015",10.5,72.00,,,,,,4.5
10/16/2015 0:00:00,"MBO","OWLS2015",0,22.75,0,0,0,,0,0
10/17/2015 0:00:00,"MBO","FMMP2015",1,0.00,,,,,,1.5
10/17/2015 0:00:00,"MBO","OWLS2015",0,62.44,0,0,0,,0,0
10/18/2015 0:00:00,"MBO","FMMP2015",17.8,79.00,,,,,,5
10/18/2015 0:00:00,"MBO","OWLS2015",0,63.00,0,0,0,,0,0
10/19/2015 0:00:00,"MBO","FMMP2015",13.5,64.00,,,,,,4.5
10/19/2015 0:00:00,"MBO","OWLS2015",0,63.00,0,0,0,,0,0
10/20/2015 0:00:00,"MBO","FMMP2015",23.8,80.00,,,,,,5
10/20/2015 0:00:00,"MBO","OWLS2015",0,62.44,0,0,0,,0,0
10/21/2015 0:00:00,"MBO","FMMP2015",6.8,80.00,,,,,,4.5
10/21/2015 0:00:00,"MBO","OWLS2015",0,57.75,0,0,0,,0,0
10/22/2015 0:00:00,"MBO","FMMP2015",19.8,72.00,,,,,,4.5
10/22/2015 0:00:00,"MBO","OWLS2015",0,62.44,0,0,0,,0,0
10/23/2015 0:00:00,"MBO","FMMP2015",12.3,80.00,,,,,,5
10/23/2015 0:00:00,"MBO","OWLS2015",0,54.00,0,0,0,,0,0
10/24/2015 0:00:00,"MBO","FMMP2015",25.5,77.75,,,,,,5
10/24/2015 0:00:00,"MBO","OWLS2015",0,28.50,0,0,0,,0,0
10/25/2015 0:00:00,"MBO","FMMP2015",16,61.50,,,,,,4.5
10/25/2015 0:00:00,"MBO","OWLS2015",0,63.00,0,0,0,,0,0
10/26/2015 0:00:00,"MBO","FMMP2015",21,80.00,,,,,,5
10/26/2015 0:00:00,"MBO","OWLS2015",0,63.56,0,0,0,,0,0
10/27/2015 0:00:00,"MBO","FMMP2015",18,75.00,,,,,,5
10/27/2015 0:00:00,"MBO","OWLS2015",0,63.00,0,0,0,,0,0
10/28/2015 0:00:00,"MBO","FMMP2015",14,80.00,,,,,,5
10/29/2015 0:00:00,"MBO","FMMP2015",11,72.00,,,,,,4.5
10/30/2015 0:00:00,"MBO","FMMP2015",18,80.00,,,,,,5
10/30/2015 0:00:00,"MBO","OWLS2015",0,63.56,0,0,0,,0,0
10/31/2015 0:00:00,"MBO","FMMP2015",19,80.00,,,,,,5
10/31/2015 0:00:00,"MBO","OWLS2015",0,64.75,0,0,0,,0,0
11/1/2015 0:00:00,"MBO","FMMP2015",3.5,0.00,,,,,,2
11/1/2015 0:00:00,"MBO","OWLS2015",0,33.25,0,0,0,,0,0
11/2/2015 0:00:00,"MBO","FMMP2015",19.5,80.00,,,,,,5
11/2/2015 0:00:00,"MBO","OWLS2015",0,47.25,0,0,0,,0,0
11/3/2015 0:00:00,"MBO","FMMP2015",13,80.00,,,,,,5
11/3/2015 0:00:00,"MBO","OWLS2015",0,64.75,0,0,0,,0,0
11/4/2015 0:00:00,"MBO","FMMP2015",16.8,78.00,,,,,,5
11/4/2015 0:00:00,"MBO","OWLS2015",0,65.31,0,0,0,,0,0
11/5/2015 0:00:00,"MBO","FMMP2015",15.3,80.00,,,,,,5
11/5/2015 0:00:00,"MBO","OWLS2015",0,65.31,0,0,0,,0,0
11/6/2015 0:00:00,"MBO","FMMP2015",12,80.00,,,,,,5
11/8/2015 0:00:00,"MBO","WINTER2015-16",1,,,,,,,
11/10/2015 0:00:00,"MBO","WINTER2015-16",8.5,10.50,0,0,0,,0,0
11/11/2015 0:00:00,"MBO","WINTER2015-16",7.5,12.00,,,,,,
11/16/2015 0:00:00,"MBO","WINTER2015-16",5,12.00,,,,,,
11/18/2015 0:00:00,"MBO","WINTER2015-16",9.5,12.00,,,,,,
11/21/2015 0:00:00,"MBO","WINTER2015-16",7.5,12.00,,,,,,
11/25/2015 0:00:00,"MBO","WINTER2015-16",9.8,10.50,,,,,,
11/26/2015 0:00:00,"MBO","WINTER2015-16",7.5,13.50,,,,,,
12/5/2015 0:00:00,"MBO","WINTER2015-16",6.5,10.50,0,0,0,,0,0
12/8/2015 0:00:00,"MBO","WINTER2015-16",3,7.50,0,0,0,,0,0
12/10/2015 0:00:00,"MBO","WINTER2015-16",3.5,,,,,,,
12/13/2015 0:00:00,"MBO","WINTER2015-16",4,9.00,0,0,0,,0,0
12/16/2015 0:00:00,"MBO","WINTER2015-16",2.5,9.00,0,0,0,,0,0
12/18/2015 0:00:00,"MBO","WINTER2015-16",7.5,12.00,0,0,0,,0,0
12/23/2015 0:00:00,"MBO","WINTER2015-16",5,12.00,0,0,0,,0,0
12/26/2015 0:00:00,"MBO","WINTER2015-16",3,9.00,0,0,0,,0,0
12/29/2015 0:00:00,"MIR","SNBU2015-16",,0.00,,,,0,,
1/1/2016 0:00:00,"MTCH","SNBU2015-16",,0.00,,,,0,,
1/2/2016 0:00:00,"MIR","SNBU2015-16",,0.00,,,,0,,
1/2/2016 0:00:00,"MTCH","SNBU2015-16",,0.00,,,,0,,
1/2/2016 0:00:00,"STRO","SNBU2015-16",,0.00,,,,0,,
1/3/2016 0:00:00,"MIR","SNBU2015-16",,0.00,,,,0,,
1/4/2016 0:00:00,"MIR","SNBU2015-16",,0.00,,,,0,,
1/5/2016 0:00:00,"MTCH","SNBU2015-16",,0.00,,,,0,,
1/5/2016 0:00:00,"STRO","SNBU2015-16",,0.00,,,,0,,
1/7/2016 0:00:00,"MBO","WINTER2015-16",,,,,,,,
1/7/2016 0:00:00,"STRO","SNBU2015-16",,0.00,,,,0,,
1/8/2016 0:00:00,"MIR","SNBU2015-16",,0.00,,,,0,,
1/8/2016 0:00:00,"STRO","SNBU2015-16",,0.00,,,,0,,
1/9/2016 0:00:00,"MIR","SNBU2015-16",,0.00,,,,0,,
1/13/2016 0:00:00,"MBO","WINTER2015-16",,,,,,,,
1/13/2016 0:00:00,"MIR","SNBU2015-16",,0.00,,,,0,,
1/13/2016 0:00:00,"WBCC","PEFA",,0.00,,,,0,,
1/14/2016 0:00:00,"MIR","SNBU2015-16",,0.00,,,,0,,
1/15/2016 0:00:00,"SL3R","SNBU2015-16",,0.00,,,,0,,
1/16/2016 0:00:00,"MBO","WINTER2015-16",,,,,,,,
1/16/2016 0:00:00,"SL3R","SNBU2015-16",,0.00,,,,0,,
1/16/2016 0:00:00,"STRO","SNBU2015-16",,0.00,,,,0,,
1/17/2016 0:00:00,"MBO","WINTER2015-16",,,,,,,,
1/17/2016 0:00:00,"MIR","SNBU2015-16",,0.00,,,,0,,
1/18/2016 0:00:00,"MIR","SNBU2015-16",,0.00,,,,0,,
1/18/2016 0:00:00,"MTCH","SNBU2015-16",,0.00,,,,0,,
1/19/2016 0:00:00,"MBO","WINTER2015-16",,,,,,,,
1/19/2016 0:00:00,"MIR","SNBU2015-16",,0.00,,,,0,,
1/20/2016 0:00:00,"MBO","WINTER2015-16",,,,,,,,
1/20/2016 0:00:00,"MIR","SNBU2015-16",,0.00,,,,0,,
1/20/2016 0:00:00,"STRO","SNBU2015-16",,0.00,,,,0,,
1/21/2016 0:00:00,"MTCH","SNBU2015-16",,0.00,,,,0,,
1/21/2016 0:00:00,"STRO","SNBU2015-16",,0.00,,,,0,,
1/22/2016 0:00:00,"BR3R","SNBU2015-16",,0.00,,,,0,,
1/22/2016 0:00:00,"MBO","WINTER2015-16",,,,,,,,
1/22/2016 0:00:00,"MTCH","SNBU2015-16",,0.00,,,,0,,
1/22/2016 0:00:00,"STRO","SNBU2015-16",,0.00,,,,0,,
1/23/2016 0:00:00,"MTCH","SNBU2015-16",,0.00,,,,0,,
1/24/2016 0:00:00,"BR3R","SNBU2015-16",,0.00,,,,0,,
1/24/2016 0:00:00,"MBO","WINTER2015-16",,,,,,,,
1/24/2016 0:00:00,"MTCH","SNBU2015-16",,0.00,,,,0,,
1/25/2016 0:00:00,"MBO","WINTER2015-16",,,,,,,,
1/25/2016 0:00:00,"MIR","SNBU2015-16",,0.00,,,,0,,
1/25/2016 0:00:00,"MTCH","SNBU2015-16",,0.00,,,,0,,
1/25/2016 0:00:00,"STRO","SNBU2015-16",,0.00,,,,0,,
1/26/2016 0:00:00,"MBO","WINTER2015-16",,,,,,,,
1/26/2016 0:00:00,"MTCH","SNBU2015-16",,0.00,,,,0,,
1/26/2016 0:00:00,"STRO","SNBU2015-16",,0.00,,,,0,,
1/27/2016 0:00:00,"MIR","SNBU2015-16",,0.00,,,,0,,
1/28/2016 0:00:00,"BR3R","SNBU2015-16",,0.00,,,,0,,
1/28/2016 0:00:00,"MBO","WINTER2015-16",,,,,,,,
1/28/2016 0:00:00,"MIR","SNBU2015-16",,0.00,,,,0,,
1/28/2016 0:00:00,"MTCH","SNBU2015-16",,0.00,,,,0,,
1/28/2016 0:00:00,"STRO","SNBU2015-16",,0.00,,,,0,,
1/29/2016 0:00:00,"MIR","SNBU2015-16",,0.00,,,,0,,
1/29/2016 0:00:00,"MTCH","SNBU2015-16",,0.00,,,,0,,
1/29/2016 0:00:00,"STRO","SNBU2015-16",,0.00,,,,0,,
1/30/2016 0:00:00,"MIR","SNBU2015-16",,0.00,,,,0,,
1/30/2016 0:00:00,"MTCH","SNBU2015-16",,0.00,,,,0,,
1/30/2016 0:00:00,"STRO","SNBU2015-16",,0.00,,,,0,,
1/31/2016 0:00:00,"MBO","WINTER2015-16",5,12.00,0,0,0,,0,0
1/31/2016 0:00:00,"MTCH","SNBU2015-16",,0.00,,,,0,,
2/2/2016 0:00:00,"MBO","WINTER2015-16",0.8,,,,,,,
2/3/2016 0:00:00,"MIR","SNBU2015-16",,0.00,,,,0,,
2/4/2016 0:00:00,"MBO","WINTER2015-16",,,,,,,,
2/6/2016 0:00:00,"MBO","WINTER2015-16",,,,,,,,
2/7/2016 0:00:00,"MBO","WINTER2015-16",,,,,,,,
2/8/2016 0:00:00,"MTCH","SNBU2015-16",,0.00,,,,0,,
2/9/2016 0:00:00,"MBO","WINTER2015-16",,,,,,,,
2/9/2016 0:00:00,"MTCH","SNBU2015-16",,0.00,,,,0,,
2/10/2016 0:00:00,"BR2R","SNBU2015-16",,0.00,,,,0,,
2/10/2016 0:00:00,"MTCH","SNBU2015-16",,0.00,,,,0,,
2/11/2016 0:00:00,"MTCH","SNBU2015-16",,0.00,,,,0,,
2/12/2016 0:00:00,"MBO","WINTER2015-16",,,,,,,,
2/12/2016 0:00:00,"MIR","SNBU2015-16",,0.00,,,,0,,
2/12/2016 0:00:00,"MTCH","SNBU2015-16",,0.00,,,,0,,
2/13/2016 0:00:00,"MIR","SNBU2015-16",,0.00,,,,0,,
2/13/2016 0:00:00,"MTCH","SNBU2015-16",,0.00,,,,0,,
2/14/2016 0:00:00,"MIR","SNBU2015-16",,0.00,,,,0,,
2/15/2016 0:00:00,"MBO","WINTER2015-16",,,,,,,,
2/15/2016 0:00:00,"MIR","SNBU2015-16",,0.00,,,,0,,
2/15/2016 0:00:00,"MTCH","SNBU2015-16",,0.00,,,,0,,
2/16/2016 0:00:00,"MIR","SNBU2015-16",,0.00,,,,0,,
2/16/2016 0:00:00,"SL3R","SNBU2015-16",,0.00,,,,0,,
2/17/2016 0:00:00,"MBO","WINTER2015-16",,,,,,,,
2/17/2016 0:00:00,"MIR","SNBU2015-16",,0.00,,,,0,,
2/18/2016 0:00:00,"MIR","SNBU2015-16",,0.00,,,,0,,
2/18/2016 0:00:00,"MTCH","SNBU2015-16",,0.00,,,,0,,
2/19/2016 0:00:00,"MIR","SNBU2015-16",,0.00,,,,0,,
2/19/2016 0:00:00,"MTCH","SNBU2015-16",,0.00,,,,0,,
2/20/2016 0:00:00,"MIR","SNBU2015-16",,0.00,,,,0,,
2/21/2016 0:00:00,"MBO","WINTER2015-16",,,,,,,,
2/23/2016 0:00:00,"MBO","WINTER2015-16",,,,,,,,
2/23/2016 0:00:00,"MIR","SNBU2015-16",,0.00,,,,0,,
2/23/2016 0:00:00,"STRO","SNBU2015-16",,0.00,,,,0,,
2/24/2016 0:00:00,"BR2R","SNBU2015-16",,0.00,,,,0,,
2/24/2016 0:00:00,"MIR","SNBU2015-16",,0.00,,,,0,,
2/24/2016 0:00:00,"MTCH","SNBU2015-16",,0.00,,,,0,,
2/25/2016 0:00:00,"MIR","SNBU2015-16",,0.00,,,,0,,
2/27/2016 0:00:00,"MBO","WINTER2015-16",,,,,,,,
2/27/2016 0:00:00,"MIR","SNBU2015-16",,0.00,,,,0,,
2/27/2016 0:00:00,"MTCH","SNBU2015-16",,0.00,,,,0,,
2/27/2016 0:00:00,"SL3R","SNBU2015-16",,0.00,,,,0,,
2/28/2016 0:00:00,"MBO","WINTER2015-16",,,,,,,,
2/28/2016 0:00:00,"MIR","SNBU2015-16",,0.00,,,,0,,
2/28/2016 0:00:00,"MTCH","SNBU2015-16",,0.00,,,,0,,
2/28/2016 0:00:00,"SL3R","SNBU2015-16",,0.00,,,,0,,
2/29/2016 0:00:00,"MIR","SNBU2015-16",,0.00,,,,0,,
2/29/2016 0:00:00,"SL3R","SNBU2015-16",,0.00,,,,0,,
3/1/2016 0:00:00,"MBO","WINTER2015-16",,,,,,,,
3/1/2016 0:00:00,"MIR","SNBU2015-16",,0.00,,,,0,,
3/1/2016 0:00:00,"MTCH","SNBU2015-16",,0.00,,,,0,,
3/3/2016 0:00:00,"MTCH","SNBU2015-16",,0.00,,,,0,,
3/4/2016 0:00:00,"MBO","WINTER2015-16",0,0.00,0,0,0,,0,0
3/4/2016 0:00:00,"MTCH","SNBU2015-16",,0.00,,,,0,,
3/4/2016 0:00:00,"SL3R","SNBU2015-16",,0.00,,,,0,,
3/5/2016 0:00:00,"MTCH","SNBU2015-16",,0.00,,,,0,,
3/5/2016 0:00:00,"SL3R","SNBU2015-16",,0.00,,,,0,,
3/6/2016 0:00:00,"BR3R","SNBU2015-16",,0.00,,,,0,,
3/7/2016 0:00:00,"MBO","WINTER2015-16",,,,,,,,
3/7/2016 0:00:00,"MTCH","SNBU2015-16",,0.00,,,,0,,
3/8/2016 0:00:00,"MBO","WINTER2015-16",5.5,12.75,0,0,0,,0,0
3/9/2016 0:00:00,"STRO","SNBU2015-16",,0.00,,,,0,,
3/10/2016 0:00:00,"MBO","WINTER2015-16",6.5,13.50,,,,,,
3/12/2016 0:00:00,"MBO","WINTER2015-16",7.5,9.00,,,,,,
3/12/2016 0:00:00,"SL3R","SNBU2015-16",,0.00,,,,0,,
3/13/2016 0:00:00,"MBO","WINTER2015-16",,,,,,,,
3/15/2016 0:00:00,"MBO","WINTER2015-16",,,,,,,,
3/16/2016 0:00:00,"SL3R","SNBU2015-16",,0.00,,,,0,,
3/17/2016 0:00:00,"MBO","WINTER2015-16",6.5,12.00,,,,,,
3/19/2016 0:00:00,"MBO","WINTER2015-16",,,,,,,,
3/20/2016 0:00:00,"MBO","WINTER2015-16",,,,,,,,
3/20/2016 0:00:00,"SL3R","SNBU2015-16",,0.00,,,,0,,
3/22/2016 0:00:00,"BR3R","SNBU2015-16",,0.00,,,,0,,
3/22/2016 0:00:00,"MBO","WINTER2015-16",,,,,,,,
3/23/2016 0:00:00,"MBO","WINTER2015-16",5,13.50,,,,,,
3/24/2016 0:00:00,"SL3R","SNBU2015-16",,0.00,,,,0,,
3/28/2016 0:00:00,"MBO","SMMP2016",,,,,,,,1
3/29/2016 0:00:00,"MBO","SMMP2016",,,,,,,,1
3/30/2016 0:00:00,"MBO","SMMP2016",,,,,,,,1
3/31/2016 0:00:00,"MBO","SMMP2016",,,,,,,,1
4/1/2016 0:00:00,"MBO","SMMP2016",,,,,,,,1
4/2/2016 0:00:00,"MBO","SMMP2016",,,,,,,,1
4/3/2016 0:00:00,"MBO","SMMP2016",,,,,,,,1
4/4/2016 0:00:00,"MBO","SMMP2016",,,,,,,,1
4/5/2016 0:00:00,"MBO","SMMP2016",,,,,,,,1
4/6/2016 0:00:00,"MBO","SMMP2016",,,,,,,,1
4/7/2016 0:00:00,"MBO","SMMP2016",,,,,,,,1
4/8/2016 0:00:00,"MBO","SMMP2016",,,,,,,,1
4/9/2016 0:00:00,"MBO","SMMP2016",,,,,,,,1
4/10/2016 0:00:00,"MBO","SMMP2016",,,,,,,,1
4/11/2016 0:00:00,"MBO","SMMP2016",,,,,,,,1
4/12/2016 0:00:00,"MBO","SMMP2016",,,,,,,,1
4/13/2016 0:00:00,"MBO","SMMP2016",,,,,,,,1
4/14/2016 0:00:00,"MBO","SMMP2016",,,,,,,,1
4/15/2016 0:00:00,"MBO","SMMP2016",,,,,,,,1
4/16/2016 0:00:00,"MBO","SMMP2016",,,,,,,,1
4/17/2016 0:00:00,"MBO","SMMP2016",,,,,,,,1
4/18/2016 0:00:00,"MBO","SMMP2016",25,75.00,,,,,,5
4/19/2016 0:00:00,"MBO","SMMP2016",17,75.00,,,,,,5
4/20/2016 0:00:00,"MBO","SMMP2016",16,75.00,,,,,,5
4/21/2016 0:00:00,"MBO","SMMP2016",22.5,75.00,,,,,,5
4/22/2016 0:00:00,"MBO","SMMP2016",1.2,0.00,,,,,,1.5
4/23/2016 0:00:00,"MBO","SMMP2016",22.8,75.00,,,,,,5
4/24/2016 0:00:00,"MBO","SMMP2016",19.5,75.00,,,,,,5
4/25/2016 0:00:00,"MBO","SMMP2016",22.5,75.00,,,,,,5
4/26/2016 0:00:00,"MBO","SMMP2016",13.5,80.00,,,,,,5
4/27/2016 0:00:00,"MBO","SMMP2016",16.5,80.00,,,,,,5
4/28/2016 0:00:00,"MBO","SMMP2016",19.5,80.00,,,,,,5
4/29/2016 0:00:00,"MBO","SMMP2016",15.2,80.00,,,,,,5
4/30/2016 0:00:00,"MBO","SMMP2016",23.2,80.00,,,,,,5
5/1/2016 0:00:00,"MBO","SMMP2016",12,80.00,,,,,,5
5/2/2016 0:00:00,"MBO","SMMP2016",10,80.00,0,0,0,,0,5
5/3/2016 0:00:00,"MBO","SMMP2016",18.8,80.00,,,,,,5
5/4/2016 0:00:00,"MBO","SMMP2016",19,80.00,,,,,,5
5/5/2016 0:00:00,"MBO","SMMP2016",13.2,80.00,,,,,,5
5/6/2016 0:00:00,"MBO","SMMP2016",14,80.00,,,,,,5
5/7/2016 0:00:00,"MBO","SMMP2016",9.2,80.00,,,,,,5
5/8/2016 0:00:00,"MBO","SMMP2016",2.5,4.00,,,,,,2
5/9/2016 0:00:00,"MBO","SMMP2016",21.8,80.00,,,,,,5
5/10/2016 0:00:00,"MBO","SMMP2016",13.8,80.00,0,0,0,,0,5
5/11/2016 0:00:00,"MBO","SMMP2016",12.8,80.00,0,0,0,,0,5
5/12/2016 0:00:00,"MBO","SMMP2016",16,80.00,0,0,0,,0,5
5/13/2016 0:00:00,"MBO","SMMP2016",17,80.00,0,0,0,,0,5
5/14/2016 0:00:00,"MBO","SMMP2016",22.2,80.00,0,0,0,,0,5
5/15/2016 0:00:00,"MBO","SMMP2016",18.8,78.00,0,0,0,,0,5
5/16/2016 0:00:00,"MBO","SMMP2016",12.8,40.00,0,0,0,,0,4
5/17/2016 0:00:00,"MBO","SMMP2016",14.3,80.00,0,0,0,,0,5
5/18/2016 0:00:00,"MBO","SMMP2016",26,80.00,0,0,0,,0,5
5/19/2016 0:00:00,"MBO","SMMP2016",16.8,80.00,0,0,0,,0,5
5/20/2016 0:00:00,"MBO","SMMP2016",14.5,80.00,0,0,0,,0,5
5/21/2016 0:00:00,"MBO","SMMP2016",19.8,80.00,0,0,0,,0,5
5/22/2016 0:00:00,"MBO","SMMP2016",18.5,80.00,0,0,0,,0,5
5/23/2016 0:00:00,"MBO","SMMP2016",17,80.00,0,0,0,,0,5
5/24/2016 0:00:00,"MBO","SMMP2016",11.2,80.00,0,0,0,,0,5
5/25/2016 0:00:00,"MBO","SMMP2016",15.8,80.00,0,0,0,,0,5
5/26/2016 0:00:00,"MBO","SMMP2016",23.2,80.00,,,,,,5
5/27/2016 0:00:00,"MBO","SMMP2016",13.2,80.00,0,0,0,,0,5
5/28/2016 0:00:00,"MBO","SMMP2016",18,80.00,0,0,0,,0,5
5/29/2016 0:00:00,"MBO","SMMP2016",18,64.00,0,0,0,,0,4.5
5/30/2016 0:00:00,"MBO","SMMP2016",16,72.00,0,0,0,,0,4.5
5/31/2016 0:00:00,"MBO","SMMP2016",17,80.00,0,0,0,,0,5
6/1/2016 0:00:00,"MBO","SMMP2016",17.5,80.00,0,0,0,,0,5
6/2/2016 0:00:00,"MBO","SMMP2016",,,,,,,,1
6/3/2016 0:00:00,"MBO","SMMP2016",,,,,,,,1
6/4/2016 0:00:00,"MBO","SMMP2016",,,,,,,,1
6/5/2016 0:00:00,"MBO","SMMP2016",,,,,,,,1
6/6/2016 0:00:00,"MBO","MAPS2016",,49.50,,,,0,,
6/8/2016 0:00:00,"NICH","NICHOIR",,0.00,,,,0,,
6/10/2016 0:00:00,"NICH","NICHOIR",,0.00,,,,0,,
6/11/2016 0:00:00,"MBO","MAPS2016",,45.00,,,,0,,
6/15/2016 0:00:00,"MBO","MAPS2016",,0.00,,,,,,
6/21/2016 0:00:00,"MBO","NEST2016",0,0.00,0,0,0,,0,0
6/22/2016 0:00:00,"MBO","NEST2016",0,0.00,0,0,0,,0,0
6/24/2016 0:00:00,"MBO","MAPS2016",,54.00,,,,0,,
6/24/2016 0:00:00,"MBO","NEST2016",0,0.00,0,0,0,,0,0
6/30/2016 0:00:00,"MBO","NEST2016",0,0.00,0,0,0,,0,0
7/1/2016 0:00:00,"MRC","NEST2016",,0.00,,,,0,,
7/2/2016 0:00:00,"STON","NEST2016",,0.00,,,,0,,
7/3/2016 0:00:00,"MBO","MAPS2016",,54.00,,,,0,,
7/7/2016 0:00:00,"NICH","NICHOIR",,0.00,,,,0,,
7/13/2016 0:00:00,"MRC","NEST2016",,0.00,,,,0,,
7/15/2016 0:00:00,"COOK","NEST2016",,0.00,,,,0,,
7/17/2016 0:00:00,"MBO","MAPS2016",,54.00,,,,0,,
7/20/2016 0:00:00,"MRC","NEST2016",,0.00,,,,0,,
7/22/2016 0:00:00,"NICH","NICHOIR",,0.00,,,,0,,
7/23/2016 0:00:00,"BUPM","NEST2016",,0.00,,,,0,,
7/24/2016 0:00:00,"MBO","MAPS2016",,54.00,,,,0,,
7/30/2016 0:00:00,"MBO","MAPS2016",,54.00,,,,0,,
8/1/2016 0:00:00,"MBO","FMMP2016",16.5,80.00,,,,0,,5
8/2/2016 0:00:00,"MBO","FMMP2016",17.5,80.00,,,,0,,5
8/3/2016 0:00:00,"MBO","FMMP2016",9,80.00,,,,0,,5
8/4/2016 0:00:00,"MBO","FMMP2016",12.2,80.00,,,,0,,5
8/5/2016 0:00:00,"MBO","FMMP2016",15,80.00,,,,0,,5
8/6/2016 0:00:00,"MBO","FMMP2016",19.2,80.00,,,,0,,5
8/7/2016 0:00:00,"MBO","FMMP2016",20,80.00,,,,0,,5
8/7/2016 0:00:00,"MRC","NEST2016",,0.00,,,,0,,
8/8/2016 0:00:00,"MBO","FMMP2016",19,80.00,,,,0,,5
8/9/2016 0:00:00,"MBO","FMMP2016",10.5,80.00,,,,0,,5
8/10/2016 0:00:00,"MBO","FMMP2016",11,75.92,,,,0,,5
8/10/2016 0:00:00,"NICH","NICHOIR",,0.00,,,,0,,
8/11/2016 0:00:00,"MBO","FMMP2016",11.5,80.00,,,,0,,5
8/12/2016 0:00:00,"MBO","FMMP2016",11.5,16.00,,,,0,,3.5
8/13/2016 0:00:00,"MBO","FMMP2016",1.5,0.00,,,,,,1.5
8/14/2016 0:00:00,"MBO","FMMP2016",13.8,56.00,,,,0,,4.5
8/15/2016 0:00:00,"MBO","FMMP2016",14.5,80.00,,,,0,,5
8/16/2016 0:00:00,"MBO","FMMP2016",13.8,80.00,,,,0,,5
8/17/2016 0:00:00,"MBO","FMMP2016",23.2,80.00,,,,0,,5
8/18/2016 0:00:00,"MBO","FMMP2016",14.5,80.00,,,,0,,5
8/19/2016 0:00:00,"MBO","FMMP2016",10.5,80.00,,,,0,,5
8/20/2016 0:00:00,"MBO","FMMP2016",20.5,80.00,,,,0,,5
8/21/2016 0:00:00,"MBO","FMMP2016",14.8,80.00,,,,0,,5
8/22/2016 0:00:00,"MBO","FMMP2016",21.5,80.00,,,,0,,5
8/22/2016 0:00:00,"NICH","NICHOIR",,0.00,,,,0,,
8/23/2016 0:00:00,"MBO","FMMP2016",15.2,80.00,,,,0,,5
8/24/2016 0:00:00,"MBO","FMMP2016",12.8,80.00,,,,0,,5
8/25/2016 0:00:00,"MBO","FMMP2016",17.8,80.00,,,,0,,5
8/26/2016 0:00:00,"MBO","FMMP2016",7.5,80.00,,,,0,,4.5
8/27/2016 0:00:00,"MBO","FMMP2016",15.8,80.00,,,,0,,5
8/28/2016 0:00:00,"MBO","FMMP2016",23,72.00,,,,0,,4.5
8/29/2016 0:00:00,"MBO","FMMP2016",15.5,80.00,,,,0,,5
8/30/2016 0:00:00,"MBO","FMMP2016",21,80.00,,,,0,,5
8/30/2016 0:00:00,"NICH","NICHOIR",,0.00,,,,0,,
8/31/2016 0:00:00,"MBO","FMMP2016",9.8,80.00,,,,0,,5
9/1/2016 0:00:00,"MBO","FMMP2016",13.5,80.00,,,,0,,5
9/2/2016 0:00:00,"MBO","FMMP2016",9.5,80.00,,,,0,,5
9/3/2016 0:00:00,"MBO","FMMP2016",15,80.00,,,,0,,5
9/4/2016 0:00:00,"MBO","FMMP2016",21.8,80.00,,,,0,,5
9/5/2016 0:00:00,"MBO","FMMP2016",14,80.00,,,,0,,5
9/6/2016 0:00:00,"MBO","FMMP2016",23.5,80.00,,,,0,,5
9/7/2016 0:00:00,"MBO","FMMP2016",18,80.00,,,,0,,5
9/8/2016 0:00:00,"MBO","FMMP2016",12.5,80.00,,,,0,,5
9/9/2016 0:00:00,"MBO","FMMP2016",15.5,80.00,,,,0,,5
9/10/2016 0:00:00,"MBO","FMMP2016",21.2,80.00,,,,0,,5
9/11/2016 0:00:00,"MBO","FMMP2016",2,0.00,,,,,,1.5
9/12/2016 0:00:00,"MBO","FMMP2016",19.5,80.00,,,,0,,5
9/13/2016 0:00:00,"MBO","FMMP2016",26.5,80.00,,,,0,,5
9/14/2016 0:00:00,"MBO","FMMP2016",9.2,56.00,,,,,,4.5
9/15/2016 0:00:00,"MBO","FMMP2016",21.5,80.00,,,,0,,5
9/16/2016 0:00:00,"MBO","FMMP2016",9,80.00,,,,0,,5
9/17/2016 0:00:00,"MBO","FMMP2016",18,80.00,,,,0,,5
9/18/2016 0:00:00,"MBO","FMMP2016",17.5,80.00,,,,0,,5
9/19/2016 0:00:00,"MBO","FMMP2016",16.2,80.00,,,,0,,5
9/20/2016 0:00:00,"MBO","FMMP2016",21.2,80.00,,,,0,,5
9/21/2016 0:00:00,"MBO","FMMP2016",16,80.00,,,,0,,5
9/22/2016 0:00:00,"MBO","FMMP2016",15,80.00,,,,0,,5
9/23/2016 0:00:00,"MBO","FMMP2016",19.5,42.56,,,,0,,4
9/24/2016 0:00:00,"MBO","FMMP2016",22.2,80.00,,,,0,,5
9/25/2016 0:00:00,"MBO","FMMP2016",17.8,80.00,,,,0,,5
9/26/2016 0:00:00,"MBO","FMMP2016",15,80.00,,,,0,,5
9/26/2016 0:00:00,"MBO","OWLS2016",,45.50,,,,0,,
9/27/2016 0:00:00,"MBO","FMMP2016",24.2,80.00,,,,0,,5
9/27/2016 0:00:00,"MBO","OWLS2016",,112.00,,,,0,,
9/28/2016 0:00:00,"MBO","FMMP2016",14.5,80.00,,,,0,,5
9/28/2016 0:00:00,"MBO","OWLS2016",,112.00,,,,0,,
9/29/2016 0:00:00,"MBO","FMMP2016",11.5,80.00,,,,0,,5
9/29/2016 0:00:00,"MBO","OWLS2016",,112.00,,,,0,,
9/30/2016 0:00:00,"MBO","FMMP2016",10.8,80.00,,,,0,,5
9/30/2016 0:00:00,"MBO","OWLS2016",,112.00,,,,0,,
10/1/2016 0:00:00,"MBO","FMMP2016",17.2,72.00,,,,0,,4.5
10/1/2016 0:00:00,"MBO","OWLS2016",,112.00,,,,0,,
10/2/2016 0:00:00,"MBO","FMMP2016",26,72.00,,,,0,,4.5
10/2/2016 0:00:00,"MBO","OWLS2016",,112.00,,,,0,,
10/3/2016 0:00:00,"MBO","FMMP2016",20.5,80.00,,,,0,,5
10/3/2016 0:00:00,"MBO","OWLS2016",,115.50,,,,0,,
10/4/2016 0:00:00,"MBO","FMMP2016",22.8,80.00,,,,0,,5
10/4/2016 0:00:00,"MBO","OWLS2016",,115.50,,,,0,,
10/5/2016 0:00:00,"MBO","FMMP2016",,80.00,,,,0,,3
10/5/2016 0:00:00,"MBO","OWLS2016",,115.50,,,,0,,
10/6/2016 0:00:00,"MBO","FMMP2016",15.8,80.00,,,,0,,5
10/6/2016 0:00:00,"MBO","OWLS2016",,115.50,,,,0,,
10/7/2016 0:00:00,"MBO","FMMP2016",13,80.00,,,,0,,5
10/7/2016 0:00:00,"MBO","OWLS2016",,115.50,,,,0,,
10/8/2016 0:00:00,"MBO","FMMP2016",1.8,0.00,,,,,,1.5
10/8/2016 0:00:00,"MBO","OWLS2016",,115.50,,,,0,,
10/9/2016 0:00:00,"MBO","FMMP2016",20.8,80.00,,,,0,,5
10/9/2016 0:00:00,"MBO","OWLS2016",,115.50,,,,0,,
10/10/2016 0:00:00,"MBO","FMMP2016",22.8,80.00,,,,0,,5
10/10/2016 0:00:00,"MBO","OWLS2016",,119.00,,,,0,,
10/11/2016 0:00:00,"MBO","FMMP2016",20,80.00,,,,0,,5
10/11/2016 0:00:00,"MBO","OWLS2016",,119.00,,,,0,,
10/12/2016 0:00:00,"MBO","FMMP2016",22.2,80.00,,,,0,,5
10/12/2016 0:00:00,"MBO","OWLS2016",,56.00,,,,0,,
10/13/2016 0:00:00,"MBO","FMMP2016",8.8,40.00,,,,0,,3.5
10/13/2016 0:00:00,"MBO","OWLS2016",,119.00,,,,0,,
10/14/2016 0:00:00,"MBO","FMMP2016",11.5,80.00,,,,0,,5
10/14/2016 0:00:00,"MBO","OWLS2016",,119.00,,,,0,,
10/15/2016 0:00:00,"MBO","FMMP2016",16.5,80.00,,,,0,,5
10/15/2016 0:00:00,"MBO","OWLS2016",,56.00,,,,0,,
10/16/2016 0:00:00,"MBO","FMMP2016",12.5,32.00,,,,0,,4
10/16/2016 0:00:00,"MBO","OWLS2016",,35.00,,,,0,,
10/17/2016 0:00:00,"MBO","FMMP2016",20.8,65.00,,,,0,,4.5
10/18/2016 0:00:00,"MBO","FMMP2016",11,42.00,,,,0,,4
10/19/2016 0:00:00,"MBO","FMMP2016",22.2,80.00,,,,0,,5
10/19/2016 0:00:00,"MBO","OWLS2016",,126.00,,,,0,,
10/20/2016 0:00:00,"MBO","FMMP2016",13.5,72.00,,,,0,,4.5
10/21/2016 0:00:00,"MBO","FMMP2016",,,,,,,,1
10/22/2016 0:00:00,"MBO","FMMP2016",2.5,0.00,,,,,,1.5
10/23/2016 0:00:00,"MBO","FMMP2016",4.5,0.00,,,,,,2
10/23/2016 0:00:00,"MBO","OWLS2016",,126.00,,,,0,,
10/24/2016 0:00:00,"MBO","FMMP2016",9,56.00,,,,0,,4.5
10/24/2016 0:00:00,"MBO","OWLS2016",,129.50,,,,0,,
10/25/2016 0:00:00,"MBO","FMMP2016",13.5,64.00,,,,0,,4.5
10/25/2016 0:00:00,"MBO","OWLS2016",,129.50,,,,0,,
10/26/2016 0:00:00,"MBO","FMMP2016",13.2,80.00,,,,0,,5
10/26/2016 0:00:00,"MBO","OWLS2016",,129.50,,,,0,,
10/27/2016 0:00:00,"MBO","FMMP2016",19,80.00,,,,0,,5
10/28/2016 0:00:00,"MBO","FMMP2016",4.8,0.00,,,,,,2
10/28/2016 0:00:00,"MBO","OWLS2016",,129.50,,,,0,,
10/29/2016 0:00:00,"MBO","FMMP2016",8.2,20.00,,,,0,,3
10/29/2016 0:00:00,"MBO","OWLS2016",,129.50,,,,0,,
10/30/2016 0:00:00,"MBO","FMMP2016",17.5,80.00,,,,0,,5
10/30/2016 0:00:00,"MBO","OWLS2016",,129.50,,,,0,,
10/31/2016 0:00:00,"MBO","FMMP2016",,80.00,,,,0,,3
10/31/2016 0:00:00,"MBO","OWLS2016",,133.00,,,,0,,
11/1/2016 0:00:00,"MBO","FMMP2016",14,72.00,,,,0,,4.5
11/2/2016 0:00:00,"MBO","FMMP2016",16.2,80.00,,,,0,,5
11/2/2016 0:00:00,"MBO","OWLS2016",,133.00,,,,0,,
11/3/2016 0:00:00,"MBO","FMMP2016",1.8,20.00,,,,0,,2
11/3/2016 0:00:00,"MBO","OWLS2016",,14.00,,,,0,,
11/4/2016 0:00:00,"MBO","FMMP2016",13.2,80.00,,,,0,,5
11/4/2016 0:00:00,"MBO","OWLS2016",,130.62,,,,0,,
11/5/2016 0:00:00,"MBO","FMMP2016",,56.00,,,,0,,2.5
11/5/2016 0:00:00,"MBO","OWLS2016",,64.12,,,,0,,
11/6/2016 0:00:00,"MBO","FMMP2016",23,80.00,,,,0,,5
11/6/2016 0:00:00,"MBO","OWLS2016",,131.74,,,,0,,
11/8/2016 0:00:00,"MBO","WINTER2016-17",11,12.00,,,,0,,
11/10/2016 0:00:00,"MBO","WINTER2016-17",9.2,9.00,,,,0,,
11/14/2016 0:00:00,"MBO","WINTER2016-17",4.5,9.00,,,,0,,
11/17/2016 0:00:00,"MBO","WINTER2016-17",5,9.00,,,,0,,
11/18/2016 0:00:00,"MBO","WINTER2016-17",1.5,7.50,,,,0,,
11/24/2016 0:00:00,"MBO","WINTER2016-17",5,7.50,,,,0,,
11/27/2016 0:00:00,"MBO","WINTER2016-17",,,,,,,,
11/28/2016 0:00:00,"MBO","WINTER2016-17",4,10.50,,,,0,,
11/30/2016 0:00:00,"MBO","WINTER2016-17",3,9.75,,,,0,,
12/5/2016 0:00:00,"MBO","WINTER2016-17",,,,,,,,
12/6/2016 0:00:00,"MBO","WINTER2016-17",4,10.50,,,,0,,
12/19/2016 0:00:00,"MTCH","SNBU2016-17",,0.00,,,,0,,
12/20/2016 0:00:00,"MIR","SNBU2016-17",,0.00,,,,0,,
12/21/2016 0:00:00,"MIR","SNBU2016-17",,0.00,,,,0,,
12/22/2016 0:00:00,"MIR","SNBU2016-17",,0.00,,,,0,,
12/23/2016 0:00:00,"SL3R","SNBU2016-17",,0.00,,,,0,,
12/25/2016 0:00:00,"MIR","SNBU2016-17",,0.00,,,,0,,
12/26/2016 0:00:00,"MIR","SNBU2016-17",,0.00,,,,0,,
12/28/2016 0:00:00,"MIR","SNBU2016-17",,0.00,,,,0,,
1/1/2017 0:00:00,"MBO","WINTER2016-17",,,,,,,,
1/3/2017 0:00:00,"MIR","SNBU2016-17",,0.00,,,,0,,
1/4/2017 0:00:00,"MIR","SNBU2016-17",,0.00,,,,0,,
1/4/2017 0:00:00,"SL3R","SNBU2016-17",,0.00,,,,0,,
1/6/2017 0:00:00,"MIR","SNBU2016-17",,0.00,,,,0,,
1/6/2017 0:00:00,"MTCH","SNBU2016-17",,0.00,,,,0,,
1/6/2017 0:00:00,"SL3R","SNBU2016-17",,0.00,,,,0,,
1/7/2017 0:00:00,"MBO","WINTER2016-17",,,,,,,,
1/7/2017 0:00:00,"MIR","SNBU2016-17",,0.00,,,,0,,
1/7/2017 0:00:00,"MTCH","SNBU2016-17",,0.00,,,,0,,
1/7/2017 0:00:00,"SL3R","SNBU2016-17",,0.00,,,,0,,
1/8/2017 0:00:00,"SL3R","SNBU2016-17",,0.00,,,,0,,
1/10/2017 0:00:00,"MIR","SNBU2016-17",,0.00,,,,0,,
1/10/2017 0:00:00,"SL3R","SNBU2016-17",,0.00,,,,0,,
1/14/2017 0:00:00,"MBO","WINTER2016-17",,,,,,,,
1/14/2017 0:00:00,"MIR","SNBU2016-17",,0.00,,,,0,,
1/17/2017 0:00:00,"MBO","WINTER2016-17",,,,,,,,
1/22/2017 0:00:00,"MBO","WINTER2016-17",,,,,,,,
1/25/2017 0:00:00,"MBO","WINTER2016-17",,,,,,,,
1/25/2017 0:00:00,"MIR","SNBU2016-17",,0.00,,,,0,,
1/25/2017 0:00:00,"MTCH","SNBU2016-17",,0.00,,,,0,,
1/26/2017 0:00:00,"BR3R","SNBU2016-17",,0.00,,,,0,,
1/26/2017 0:00:00,"MBO","WINTER2016-17",,,,,,,,
1/26/2017 0:00:00,"MTCH","SNBU2016-17",,0.00,,,,0,,
1/27/2017 0:00:00,"MTCH","SNBU2016-17",,0.00,,,,0,,
1/28/2017 0:00:00,"MIR","SNBU2016-17",,0.00,,,,0,,
1/28/2017 0:00:00,"MTCH","SNBU2016-17",,0.00,,,,0,,
1/28/2017 0:00:00,"STRO","SNBU2016-17",,0.00,,,,0,,
1/29/2017 0:00:00,"MIR","SNBU2016-17",,0.00,,,,0,,
1/29/2017 0:00:00,"MTCH","SNBU2016-17",,0.00,,,,0,,
1/30/2017 0:00:00,"MIR","SNBU2016-17",,0.00,,,,0,,
1/30/2017 0:00:00,"MTCH","SNBU2016-17",,0.00,,,,0,,
1/31/2017 0:00:00,"MTCH","SNBU2016-17",,0.00,,,,0,,
1/31/2017 0:00:00,"STRO","SNBU2016-17",,0.00,,,,0,,
2/1/2017 0:00:00,"MIR","SNBU2016-17",,0.00,,,,0,,
2/1/2017 0:00:00,"MTCH","SNBU2016-17",,0.00,,,,0,,
2/2/2017 0:00:00,"MIR","SNBU2016-17",,0.00,,,,0,,
2/2/2017 0:00:00,"MTCH","SNBU2016-17",,0.00,,,,0,,
2/2/2017 0:00:00,"STRO","SNBU2016-17",,0.00,,,,0,,
2/3/2017 0:00:00,"MBO","WINTER2016-17",,,,,,,,
2/3/2017 0:00:00,"MTCH","SNBU2016-17",,0.00,,,,0,,
2/4/2017 0:00:00,"MTCH","SNBU2016-17",,0.00,,,,0,,
2/5/2017 0:00:00,"MIR","SNBU2016-17",,0.00,,,,0,,
2/5/2017 0:00:00,"MTCH","SNBU2016-17",,0.00,,,,0,,
2/6/2017 0:00:00,"MBO","WINTER2016-17",,,,,,,,
2/6/2017 0:00:00,"MIR","SNBU2016-17",,0.00,,,,0,,
2/6/2017 0:00:00,"MTCH","SNBU2016-17",,0.00,,,,0,,
2/7/2017 0:00:00,"MBO","WINTER2016-17",,,,,,,,
2/7/2017 0:00:00,"MTCH","SNBU2016-17",,0.00,,,,0,,
2/8/2017 0:00:00,"MIR","SNBU2016-17",,0.00,,,,0,,
2/9/2017 0:00:00,"MBO","WINTER2016-17",,,,,,,,
2/9/2017 0:00:00,"MIR","SNBU2016-17",,0.00,,,,0,,
2/9/2017 0:00:00,"MTCH","SNBU2016-17",,0.00,,,,0,,
2/10/2017 0:00:00,"MIR","SNBU2016-17",,0.00,,,,0,,
2/10/2017 0:00:00,"STRO","SNBU2016-17",,0.00,,,,0,,
2/11/2017 0:00:00,"MIR","SNBU2016-17",,0.00,,,,0,,
2/11/2017 0:00:00,"MTCH","SNBU2016-17",,0.00,,,,0,,
2/12/2017 0:00:00,"MBO","WINTER2016-17",,,,,,,,
2/12/2017 0:00:00,"MIR","SNBU2016-17",,0.00,,,,0,,
2/12/2017 0:00:00,"MTCH","SNBU2016-17",,0.00,,,,0,,
2/14/2017 0:00:00,"MIR","SNBU2016-17",,0.00,,,,0,,
2/14/2017 0:00:00,"MTCH","SNBU2016-17",,0.00,,,,0,,
2/15/2017 0:00:00,"MBO","WINTER2016-17",,,,,,,,
2/15/2017 0:00:00,"MIR","SNBU2016-17",,0.00,,,,0,,
2/16/2017 0:00:00,"MIR","SNBU2016-17",,0.00,,,,0,,
2/16/2017 0:00:00,"MTCH","SNBU2016-17",,0.00,,,,0,,
2/17/2017 0:00:00,"MIR","SNBU2016-17",,0.00,,,,0,,
2/17/2017 0:00:00,"MTCH","SNBU2016-17",,0.00,,,,0,,
2/18/2017 0:00:00,"MBO","WINTER2016-17",,,,,,,,
2/18/2017 0:00:00,"MTCH","SNBU2016-17",,0.00,,,,0,,
2/19/2017 0:00:00,"MTCH","SNBU2016-17",,0.00,,,,0,,
2/20/2017 0:00:00,"MBO","WINTER2016-17",,,,,,,,
2/21/2017 0:00:00,"MIR","SNBU2016-17",,0.00,,,,0,,
2/24/2017 0:00:00,"MBO","WINTER2016-17",,,,,,,,
2/26/2017 0:00:00,"BR3R","SNBU2016-17",,0.00,,,,0,,
2/27/2017 0:00:00,"MBO","WINTER2016-17",,,,,,,,
2/27/2017 0:00:00,"MIR","SNBU2016-17",,0.00,,,,0,,
3/2/2017 0:00:00,"MBO","WINTER2016-17",,,,,,,,
3/5/2017 0:00:00,"MBO","WINTER2016-17",,,,,,,,
3/7/2017 0:00:00,"BR3R","SNBU2016-17",,0.00,,,,0,,
3/11/2017 0:00:00,"MIR","SNBU2016-17",,0.00,,,,0,,
3/12/2017 0:00:00,"MBO","WINTER2016-17",,,,,,,,
3/12/2017 0:00:00,"MIR","SNBU2016-17",,0.00,,,,0,,
3/14/2017 0:00:00,"MBO","WINTER2016-17",,,,,,,,
3/15/2017 0:00:00,"MIR","SNBU2016-17",,0.00,,,,0,,
3/16/2017 0:00:00,"MIR","SNBU2016-17",,0.00,,,,0,,
3/17/2017 0:00:00,"MIR","SNBU2016-17",,0.00,,,,0,,
3/17/2017 0:00:00,"MTCH","SNBU2016-17",,0.00,,,,0,,
3/18/2017 0:00:00,"MIR","SNBU2016-17",,0.00,,,,0,,
3/18/2017 0:00:00,"MTCH","SNBU2016-17",,0.00,,,,0,,
3/19/2017 0:00:00,"MIR","SNBU2016-17",,0.00,,,,0,,
3/19/2017 0:00:00,"MTCH","SNBU2016-17",,0.00,,,,0,,
3/20/2017 0:00:00,"MBO","WINTER2016-17",,,,,,,,
3/20/2017 0:00:00,"MIR","SNBU2016-17",,0.00,,,,0,,
3/21/2017 0:00:00,"MIR","SNBU2016-17",,0.00,,,,0,,
3/22/2017 0:00:00,"MIR","SNBU2016-17",,0.00,,,,0,,
3/23/2017 0:00:00,"MBO","WINTER2016-17",,,,,,,,
3/23/2017 0:00:00,"MIR","SNBU2016-17",,0.00,,,,0,,
3/24/2017 0:00:00,"MIR","SNBU2016-17",,0.00,,,,0,,
3/25/2017 0:00:00,"MIR","SNBU2016-17",,0.00,,,,0,,
3/26/2017 0:00:00,"MBO","WINTER2016-17",,,,,,,,
3/26/2017 0:00:00,"MIR","SNBU2016-17",,0.00,,,,0,,
3/28/2017 0:00:00,"MBO","SMMP2017",,,,,,,,1
3/29/2017 0:00:00,"MBO","SMMP2017",,,,,,,,1
3/30/2017 0:00:00,"MBO","SMMP2017",,,,,,,,1
3/31/2017 0:00:00,"MBO","SMMP2017",,,,,,,,1
4/1/2017 0:00:00,"MBO","SMMP2017",,,,,,,,1
4/2/2017 0:00:00,"MBO","SMMP2017",,,,,,,,1
4/3/2017 0:00:00,"MBO","SMMP2017",,,,,,,,1
4/4/2017 0:00:00,"MBO","SMMP2017",,,,,,,,1
4/5/2017 0:00:00,"MBO","SMMP2017",,,,,,,,1
4/6/2017 0:00:00,"MBO","SMMP2017",,,,,,,,1
4/7/2017 0:00:00,"MBO","SMMP2017",,,,,,,,1
4/8/2017 0:00:00,"MBO","SMMP2017",,,,,,,,1
4/9/2017 0:00:00,"MBO","SMMP2017",,,,,,,,1
4/10/2017 0:00:00,"MBO","SMMP2017",,,,,,,,1
4/11/2017 0:00:00,"MBO","SMMP2017",,,,,,,,1
4/12/2017 0:00:00,"MBO","SMMP2017",,,,,,,,1
4/13/2017 0:00:00,"MBO","SMMP2017",,,,,,,,1
4/13/2017 0:00:00,"SLFL","SNBU2016-17",,0.00,,,,0,,
4/14/2017 0:00:00,"MBO","SMMP2017",,,,,,,,1
4/15/2017 0:00:00,"MBO","SMMP2017",,,,,,,,1
4/16/2017 0:00:00,"MBO","SMMP2017",,,,,,,,1
4/17/2017 0:00:00,"MBO","SMMP2017",,,,,,,,1
4/18/2017 0:00:00,"MBO","SMMP2017",21,75.00,,,,0,,5
4/18/2017 0:00:00,"SLFL","SNBU2016-17",,0.00,,,,0,,
4/19/2017 0:00:00,"MBO","SMMP2017",17.8,75.00,,,,0,,5
4/20/2017 0:00:00,"MBO","SMMP2017",23.8,75.00,,,,0,,5
4/21/2017 0:00:00,"MBO","SMMP2017",1.5,0.00,,,,,,1.5
4/22/2017 0:00:00,"MBO","SMMP2017",13,63.75,,,,0,,4.5
4/23/2017 0:00:00,"MBO","SMMP2017",20.8,75.00,,,,0,,5
4/24/2017 0:00:00,"MBO","SMMP2017",23.5,75.00,,,,0,,5
4/25/2017 0:00:00,"MBO","SMMP2017",23.5,75.00,,,,0,,5
4/26/2017 0:00:00,"MBO","SMMP2017",11,30.00,,,,0,,4
4/27/2017 0:00:00,"MBO","SMMP2017",16.5,75.00,,,,0,,5
4/28/2017 0:00:00,"MBO","SMMP2017",7.2,75.00,,,,0,,4.5
4/29/2017 0:00:00,"MBO","SMMP2017",13.2,75.00,,,,0,,5
4/30/2017 0:00:00,"MBO","SMMP2017",,75.00,,,,0,,3
5/1/2017 0:00:00,"MBO","SMMP2017",1.5,,,,,,,1.5
5/2/2017 0:00:00,"MBO","SMMP2017",9.5,75.00,,,,0,,5
5/3/2017 0:00:00,"MBO","SMMP2017",12.5,63.75,,,,0,,4.5
5/4/2017 0:00:00,"MBO","SMMP2017",17.5,75.00,,,,0,,5
5/5/2017 0:00:00,"MBO","SMMP2017",1.5,,,,,,,1.5
5/6/2017 0:00:00,"MBO","SMMP2017",8.8,56.25,,,,0,,4
5/7/2017 0:00:00,"MBO","SMMP2017",6,16.50,,,,0,,3
5/8/2017 0:00:00,"MBO","SMMP2017",7.8,71.25,,,,0,,4
5/9/2017 0:00:00,"MBO","SMMP2017",12.5,75.00,,,,0,,5
5/10/2017 0:00:00,"MBO","SMMP2017",13.8,75.00,,,,0,,5
5/11/2017 0:00:00,"MBO","SMMP2017",13,75.00,,,,0,,5
5/12/2017 0:00:00,"MBO","SMMP2017",20,80.00,,,,0,,5
5/13/2017 0:00:00,"MBO","SMMP2017",8.8,80.00,,,,0,,4.5
5/14/2017 0:00:00,"MBO","SMMP2017",2.5,,,,,,,1.5
5/15/2017 0:00:00,"MBO","SMMP2017",11,72.00,,,,0,,4.5
5/16/2017 0:00:00,"MBO","SMMP2017",13,80.00,,,,0,,5
5/17/2017 0:00:00,"MBO","SMMP2017",13,80.00,,,,0,,5
5/18/2017 0:00:00,"MBO","SMMP2017",19.2,80.00,,,,0,,5
5/19/2017 0:00:00,"MBO","SMMP2017",5.2,80.00,,,,0,,4
5/20/2017 0:00:00,"MBO","SMMP2017",10.8,80.00,,,,0,,5
5/21/2017 0:00:00,"MBO","SMMP2017",,80.00,,,,0,,3
5/22/2017 0:00:00,"MBO","SMMP2017",3.5,,,,,,,2
5/23/2017 0:00:00,"MBO","SMMP2017",15.2,80.00,,,,0,,5
5/24/2017 0:00:00,"MBO","SMMP2017",14.5,80.00,,,,0,,5
5/25/2017 0:00:00,"MBO","SMMP2017",16.2,80.00,,,,0,,5
5/26/2017 0:00:00,"MBO","SMMP2017",7,64.00,,,,0,,4
5/27/2017 0:00:00,"MBO","SMMP2017",11.5,80.00,,,,0,,5
5/28/2017 0:00:00,"MBO","SMMP2017",11,80.00,,,,0,,5
5/29/2017 0:00:00,"MBO","SMMP2017",10,80.00,,,,0,,5
5/30/2017 0:00:00,"MBO","SMMP2017",14.8,68.00,,,,0,,4.5
5/31/2017 0:00:00,"MBO","SMMP2017",16.2,68.00,,,,0,,4.5
6/1/2017 0:00:00,"MBO","SMMP2017",14.8,80.00,,,,0,,5
6/2/2017 0:00:00,"MBO","SMMP2017",,,,,,,,1
6/3/2017 0:00:00,"MBO","SMMP2017",,,,,,,,1
6/4/2017 0:00:00,"MBO","SMMP2017",,,,,,,,1
6/5/2017 0:00:00,"MBO","SMMP2017",,,,,,,,1
6/7/2017 0:00:00,"MBO","MAPS2017",,54.00,,,,0,,
6/15/2017 0:00:00,"MBO","MAPS2017",,54.00,,,,0,,
6/18/2017 0:00:00,"MBO","NEST2017",,0.00,,,,0,,
6/20/2017 0:00:00,"MBO","NEST2017",,0.00,,,,0,,
6/22/2017 0:00:00,"MBO","NEST2017",,0.00,,,,0,,
6/22/2017 0:00:00,"MRC","NEST2017",,0.00,,,,0,,
6/24/2017 0:00:00,"MBO","MAPS2017",,54.00,,,,0,,
6/24/2017 0:00:00,"PCC","NEST2017",,0.00,,,,0,,
6/27/2017 0:00:00,"MBO","NEST2017",,0.00,,,,0,,
6/27/2017 0:00:00,"MRC","NEST2017",,0.00,,,,0,,
7/4/2017 0:00:00,"MBO","MAPS2017",,54.00,,,,0,,
7/7/2017 0:00:00,"MBO","NEST2017",,0.00,,,,0,,
7/9/2017 0:00:00,"MRC","NEST2017",,0.00,,,,0,,
7/11/2017 0:00:00,"NICH","NICHOIR",,0.00,,,,0,,
7/16/2017 0:00:00,"MBO","MAPS2017",,54.00,,,,0,,
7/21/2017 0:00:00,"NICH","NICHOIR",,0.00,,,,0,,
7/23/2017 0:00:00,"MBO","MAPS2017",,54.00,,,,0,,
7/30/2017 0:00:00,"MBO","MAPS2017",,54.00,,,,0,,
8/1/2017 0:00:00,"MBO","FMMP2017",12.8,80.00,,,,0,,5
8/2/2017 0:00:00,"MBO","FMMP2017",14,80.00,,,,0,,5
8/3/2017 0:00:00,"MBO","FMMP2017",8.5,80.00,,,,0,,4.5
8/4/2017 0:00:00,"MBO","FMMP2017",5.2,80.00,,,,0,,4
8/5/2017 0:00:00,"MBO","FMMP2017",,,,,,,,1
8/6/2017 0:00:00,"MBO","FMMP2017",12,80.00,,,,0,,5
8/7/2017 0:00:00,"MBO","FMMP2017",,76.00,,,,0,,3
8/8/2017 0:00:00,"MBO","FMMP2017",10.8,80.00,,,,0,,5
8/9/2017 0:00:00,"MBO","FMMP2017",,80.00,,,,0,,3
8/10/2017 0:00:00,"MBO","FMMP2017",10.8,80.00,,,,0,,5
8/11/2017 0:00:00,"MBO","FMMP2017",,80.00,,,,0,,3
8/12/2017 0:00:00,"MBO","FMMP2017",,,,,,,,1
8/13/2017 0:00:00,"MBO","FMMP2017",20.8,80.00,,,,0,,5
8/14/2017 0:00:00,"MBO","FMMP2017",8,80.00,,,,0,,4.5
8/15/2017 0:00:00,"MBO","FMMP2017",1.2,,,,,,,1.5
8/16/2017 0:00:00,"MBO","FMMP2017",,80.00,,,,0,,3
8/17/2017 0:00:00,"MBO","FMMP2017",,80.00,,,,0,,3
8/18/2017 0:00:00,"MBO","FMMP2017",1,,,,,,,1.5
8/19/2017 0:00:00,"MBO","FMMP2017",,76.00,,,,0,,3
8/20/2017 0:00:00,"MBO","FMMP2017",17.5,80.00,,,,0,,5
8/21/2017 0:00:00,"MBO","FMMP2017",17.5,80.00,,,,0,,5
8/22/2017 0:00:00,"MBO","FMMP2017",9.8,80.00,,,,0,,5
8/23/2017 0:00:00,"MBO","FMMP2017",18.5,80.00,,,,0,,5
8/24/2017 0:00:00,"MBO","FMMP2017",18.8,80.00,,,,0,,5
8/24/2017 0:00:00,"NICH","NICHOIR",,0.00,,,,0,,
8/25/2017 0:00:00,"MBO","FMMP2017",13.8,80.00,,,,0,,5
8/26/2017 0:00:00,"MBO","FMMP2017",12.8,80.00,,,,,,5
8/27/2017 0:00:00,"MBO","FMMP2017",18.5,80.00,,,,0,,5
8/28/2017 0:00:00,"MBO","FMMP2017",16.5,80.00,,,,0,,5
8/29/2017 0:00:00,"MBO","FMMP2017",8,80.00,,,,0,,4.5
8/30/2017 0:00:00,"MBO","FMMP2017",10.8,80.00,,,,0,,5
8/31/2017 0:00:00,"MBO","FMMP2017",13.5,80.00,,,,0,,5
9/1/2017 0:00:00,"MBO","FMMP2017",10.8,80.00,,,,0,,5
9/2/2017 0:00:00,"MBO","FMMP2017",16.8,80.00,,,,0,,5
9/3/2017 0:00:00,"MBO","FMMP2017",4.5,0.50,,,,0,,2
9/4/2017 0:00:00,"MBO","FMMP2017",11.8,80.00,,,,0,,5
9/5/2017 0:00:00,"MBO","FMMP2017",15.8,80.00,,,,0,,5
9/6/2017 0:00:00,"MBO","FMMP2017",15.8,80.00,,,,0,,5
9/7/2017 0:00:00,"MBO","FMMP2017",5.2,40.00,,,,0,,3
9/8/2017 0:00:00,"MBO","FMMP2017",,80.00,,,,0,,3
9/9/2017 0:00:00,"MBO","FMMP2017",22.2,80.00,,,,0,,5
9/10/2017 0:00:00,"MBO","FMMP2017",,80.00,,,,0,,3
9/11/2017 0:00:00,"MBO","FMMP2017",14.2,80.00,,,,0,,5
9/12/2017 0:00:00,"MBO","FMMP2017",16.8,80.00,,,,0,,5
9/13/2017 0:00:00,"MBO","FMMP2017",13.5,80.00,,,,0,,5
9/14/2017 0:00:00,"MBO","FMMP2017",11.8,80.00,,,,0,,5
9/15/2017 0:00:00,"MBO","FMMP2017",11.5,80.00,,,,0,,5
9/16/2017 0:00:00,"MBO","FMMP2017",12.5,80.00,,,,0,,5
9/17/2017 0:00:00,"MBO","FMMP2017",16.5,80.00,,,,0,,5
9/18/2017 0:00:00,"MBO","FMMP2017",15.2,80.00,,,,0,,5
9/19/2017 0:00:00,"MBO","FMMP2017",14.5,80.00,,,,0,,5
9/20/2017 0:00:00,"MBO","FMMP2017",13.5,80.00,,,,0,,5
9/21/2017 0:00:00,"MBO","FMMP2017",15.5,80.00,,,,0,,5
9/22/2017 0:00:00,"MBO","FMMP2017",10.8,80.00,,,,0,,5
9/23/2017 0:00:00,"MBO","FMMP2017",15.8,80.00,,,,0,,5
9/24/2017 0:00:00,"MBO","FMMP2017",,80.00,,,,0,,3
9/25/2017 0:00:00,"MBO","FMMP2017",12.8,80.00,,,,0,,5
9/26/2017 0:00:00,"MBO","FMMP2017",11.2,80.00,,,,0,,5
9/27/2017 0:00:00,"MBO","FMMP2017",10,80.00,,,,0,,5
9/27/2017 0:00:00,"MBO","OWLS2017",,108.50,,,,0,,
9/28/2017 0:00:00,"MBO","FMMP2017",12.2,80.00,,,,0,,5
9/28/2017 0:00:00,"MBO","OWLS2017",,108.50,,,,0,,
9/29/2017 0:00:00,"MBO","FMMP2017",13.8,80.00,,,,0,,5
9/29/2017 0:00:00,"MBO","OWLS2017",,99.75,,,,0,,
9/30/2017 0:00:00,"MBO","FMMP2017",10.8,80.00,,,,0,,5
9/30/2017 0:00:00,"MBO","OWLS2017",,112.00,,,,0,,
10/1/2017 0:00:00,"MBO","FMMP2017",19.5,80.00,,,,0,,5
10/1/2017 0:00:00,"MBO","OWLS2017",,112.00,,,,0,,
10/2/2017 0:00:00,"MBO","FMMP2017",15.8,80.00,,,,0,,5
10/2/2017 0:00:00,"MBO","OWLS2017",,112.00,,,,0,,
10/3/2017 0:00:00,"MBO","FMMP2017",12.8,80.00,,,,0,,5
10/3/2017 0:00:00,"MBO","OWLS2017",,112.00,,,,0,,
10/4/2017 0:00:00,"MBO","FMMP2017",13,80.00,,,,0,,5
10/5/2017 0:00:00,"MBO","FMMP2017",12.2,80.00,,,,0,,5
10/5/2017 0:00:00,"MBO","OWLS2017",,115.50,,,,0,,
10/6/2017 0:00:00,"MBO","FMMP2017",6.5,80.00,,,,0,,4.5
10/6/2017 0:00:00,"MBO","OWLS2017",,115.50,,,,0,,
10/7/2017 0:00:00,"MBO","FMMP2017",14,80.00,,,,0,,5
10/7/2017 0:00:00,"MBO","OWLS2017",,115.50,,,,0,,
10/8/2017 0:00:00,"MBO","FMMP2017",6,,,,,,,2.5
10/8/2017 0:00:00,"MBO","OWLS2017",,115.50,,,,0,,
10/9/2017 0:00:00,"MBO","FMMP2017",,16.00,,,,0,,1.5
10/9/2017 0:00:00,"MBO","OWLS2017",,104.02,,,,0,,
10/10/2017 0:00:00,"MBO","FMMP2017",19.5,80.00,,,,0,,5
10/10/2017 0:00:00,"MBO","OWLS2017",,119.00,,,,0,,
10/11/2017 0:00:00,"MBO","FMMP2017",,80.00,,,,0,,3
10/11/2017 0:00:00,"MBO","OWLS2017",,119.00,,,,0,,
10/12/2017 0:00:00,"MBO","FMMP2017",13.8,80.00,,,,0,,5
10/12/2017 0:00:00,"MBO","OWLS2017",,119.00,,,,0,,
10/13/2017 0:00:00,"MBO","FMMP2017",12.8,80.00,,,,0,,5
10/13/2017 0:00:00,"MBO","OWLS2017",,119.00,,,,0,,
10/14/2017 0:00:00,"MBO","FMMP2017",7.5,80.00,,,,0,,4.5
10/14/2017 0:00:00,"MBO","OWLS2017",,85.12,,,,0,,
10/15/2017 0:00:00,"MBO","FMMP2017",5,7.00,,,,0,,2.5
10/16/2017 0:00:00,"MBO","FMMP2017",10,80.00,,,,0,,5
10/16/2017 0:00:00,"MBO","OWLS2017",,119.00,,,,0,,
10/17/2017 0:00:00,"MBO","FMMP2017",16.2,80.00,,,,0,,5
10/17/2017 0:00:00,"MBO","OWLS2017",,126.00,,,,0,,
10/18/2017 0:00:00,"MBO","FMMP2017",9.8,80.00,,,,0,,5
10/18/2017 0:00:00,"MBO","OWLS2017",,126.00,,,,0,,
10/19/2017 0:00:00,"MBO","FMMP2017",14,71.00,,,,0,,4.5
10/19/2017 0:00:00,"MBO","OWLS2017",,107.31,,,,0,,
10/20/2017 0:00:00,"MBO","FMMP2017",8,80.00,,,,0,,4.5
10/20/2017 0:00:00,"MBO","OWLS2017",,119.00,,,,0,,
10/21/2017 0:00:00,"MBO","FMMP2017",14,80.00,,,,0,,5
10/21/2017 0:00:00,"MBO","OWLS2017",,119.00,,,,0,,
10/22/2017 0:00:00,"MBO","FMMP2017",10,80.00,,,,0,,5
10/22/2017 0:00:00,"MBO","OWLS2017",,109.62,,,,0,,
10/23/2017 0:00:00,"MBO","FMMP2017",14,80.00,,,,0,,5
10/23/2017 0:00:00,"MBO","OWLS2017",,70.00,,,,0,,
10/24/2017 0:00:00,"MBO","FMMP2017",4.2,12.00,,,,0,,2.5
10/25/2017 0:00:00,"MBO","FMMP2017",14.5,80.00,,,,0,,5
10/25/2017 0:00:00,"MBO","OWLS2017",,129.50,,,,0,,
10/26/2017 0:00:00,"MBO","FMMP2017",10.8,72.00,,,,0,,4.5
10/27/2017 0:00:00,"MBO","FMMP2017",9,80.00,,,,0,,5
10/27/2017 0:00:00,"MBO","OWLS2017",,129.50,,,,0,,
10/28/2017 0:00:00,"MBO","FMMP2017",8,80.00,,,,0,,4.5
10/28/2017 0:00:00,"MBO","OWLS2017",,87.50,,,,0,,
10/29/2017 0:00:00,"MBO","FMMP2017",2,,,,,,,1.5
10/30/2017 0:00:00,"MBO","FMMP2017",2,,,,,,,1.5
10/31/2017 0:00:00,"MBO","FMMP2017",2,,,,,,,1.5
10/31/2017 0:00:00,"MBO","OWLS2017",,119.00,,,,0,,
11/1/2017 0:00:00,"MBO","FMMP2017",16.8,80.00,,,,0,,5
11/2/2017 0:00:00,"MBO","FMMP2017",1,,,,,,,1.5
11/3/2017 0:00:00,"MBO","FMMP2017",3.5,56.00,,,,0,,3.5
11/3/2017 0:00:00,"MBO","OWLS2017",,133.00,,,,0,,
11/4/2017 0:00:00,"MBO","FMMP2017",7.8,75.00,,,,0,,4.5
11/4/2017 0:00:00,"MBO","OWLS2017",,117.74,,,,0,,
11/5/2017 0:00:00,"MBO","FMMP2017",2.5,,,,,,,1.5
11/6/2017 0:00:00,"MBO","FMMP2017",13,45.00,,,,0,,4
11/6/2017 0:00:00,"MBO","OWLS2017",,133.00,,,,0,,
11/7/2017 0:00:00,"MBO","WINTER2017-18",4,7.50,,,,0,,
11/10/2017 0:00:00,"MBO","WINTER2017-18",0.5,,,,,,,
11/13/2017 0:00:00,"MBO","WINTER2017-18",2.5,11.25,,,,0,,
11/15/2017 0:00:00,"MBO","WINTER2017-18",4,7.50,,,,0,,
11/23/2017 0:00:00,"MBO","WINTER2017-18",,,,,,,,
11/24/2017 0:00:00,"MBO","WINTER2017-18",5,9.00,,,,0,,
11/26/2017 0:00:00,"MBO","WINTER2017-18",,0.00,,,,0,,
11/27/2017 0:00:00,"MBO","WINTER2017-18",,,,,,,,
12/1/2017 0:00:00,"MBO","WINTER2017-18",,8.25,,,,0,,
12/3/2017 0:00:00,"MBO","WINTER2017-18",5,9.00,,,,0,,
12/19/2017 0:00:00,"MIR","SNBU2017-18",,0.00,,,,0,,
12/21/2017 0:00:00,"MBO","WINTER2017-18",,,,,,,,
12/24/2017 0:00:00,"MBO","WINTER2017-18",,,,,,,,
12/24/2017 0:00:00,"MIR","SNBU2017-18",,0.00,,,,0,,
12/25/2017 0:00:00,"MIR","SNBU2017-18",,0.00,,,,0,,
12/26/2017 0:00:00,"MIR","SNBU2017-18",,0.00,,,,0,,
12/27/2017 0:00:00,"MIR","SNBU2017-18",,0.00,,,,0,,
12/28/2017 0:00:00,"MBO","WINTER2017-18",,,,,,,,
12/28/2017 0:00:00,"MIR","SNBU2017-18",,0.00,,,,0,,
12/31/2017 0:00:00,"MBO","WINTER2017-18",,,,,,,,
1/3/2018 0:00:00,"MTCH","SNBU2017-18",,0.00,,,,0,,
1/4/2018 0:00:00,"MBO","WINTER2017-18",,,,,,,,
1/4/2018 0:00:00,"MIR","SNBU2017-18",,0.00,,,,0,,
1/4/2018 0:00:00,"MTCH","SNBU2017-18",,0.00,,,,0,,
1/6/2018 0:00:00,"MIR","SNBU2017-18",,0.00,,,,0,,
1/7/2018 0:00:00,"MIR","SNBU2017-18",,0.00,,,,0,,
1/8/2018 0:00:00,"MBO","WINTER2017-18",,,,,,,,
1/8/2018 0:00:00,"MTCH","SNBU2017-18",,0.00,,,,0,,
1/10/2018 0:00:00,"BR4R","SNBU2017-18",,0.00,,,,0,,
1/10/2018 0:00:00,"MBO","WINTER2017-18",,,,,,,,
1/10/2018 0:00:00,"MTCH","SNBU2017-18",,0.00,,,,0,,
1/13/2018 0:00:00,"MIR","SNBU2017-18",,0.00,,,,0,,
1/14/2018 0:00:00,"MIR","SNBU2017-18",,0.00,,,,0,,
1/14/2018 0:00:00,"MTCH","SNBU2017-18",,0.00,,,,0,,
1/15/2018 0:00:00,"MBO","WINTER2017-18",,,,,,,,
1/15/2018 0:00:00,"MTCH","SNBU2017-18",,0.00,,,,0,,
1/16/2018 0:00:00,"MIR","SNBU2017-18",,0.00,,,,0,,
1/16/2018 0:00:00,"MTCH","SNBU2017-18",,0.00,,,,0,,
1/17/2018 0:00:00,"MTCH","SNBU2017-18",,0.00,,,,0,,
1/18/2018 0:00:00,"MBO","WINTER2017-18",,,,,,,,
1/18/2018 0:00:00,"MTCH","SNBU2017-18",,0.00,,,,0,,
1/19/2018 0:00:00,"MIR","SNBU2017-18",,0.00,,,,0,,
1/19/2018 0:00:00,"MTCH","SNBU2017-18",,0.00,,,,0,,
1/22/2018 0:00:00,"MBO","WINTER2017-18",,0.00,,,,0,,
1/22/2018 0:00:00,"MTCH","SNBU2017-18",,0.00,,,,0,,
1/25/2018 0:00:00,"MBO","WINTER2017-18",,0.00,,,,0,,
1/25/2018 0:00:00,"MIR","SNBU2017-18",,0.00,,,,0,,
1/26/2018 0:00:00,"MIR","SNBU2017-18",,0.00,,,,0,,
1/27/2018 0:00:00,"MIR","SNBU2017-18",,0.00,,,,0,,
1/28/2018 0:00:00,"MBO","WINTER2017-18",,6.75,,,,0,,
1/29/2018 0:00:00,"MBO","WINTER2017-18",,0.00,,,,0,,
1/29/2018 0:00:00,"MIR","SNBU2017-18",,0.00,,,,0,,
1/29/2018 0:00:00,"MTCH","SNBU2017-18",,0.00,,,,0,,
1/30/2018 0:00:00,"MTCH","SNBU2017-18",,0.00,,,,0,,
1/31/2018 0:00:00,"MIR","SNBU2017-18",,0.00,,,,0,,
1/31/2018 0:00:00,"MTCH","SNBU2017-18",,0.00,,,,0,,
2/1/2018 0:00:00,"MBO","WINTER2017-18",,0.00,,,,0,,
2/1/2018 0:00:00,"MIR","SNBU2017-18",,0.00,,,,0,,
2/2/2018 0:00:00,"MTCH","SNBU2017-18",,0.00,,,,0,,
2/3/2018 0:00:00,"MIR","SNBU2017-18",,0.00,,,,0,,
2/5/2018 0:00:00,"MBO","WINTER2017-18",,0.00,,,,0,,
2/7/2018 0:00:00,"MTCH","SNBU2017-18",,0.00,,,,0,,
2/8/2018 0:00:00,"MBO","WINTER2017-18",,0.00,,,,0,,
2/8/2018 0:00:00,"MIR","SNBU2017-18",,0.00,,,,0,,
2/9/2018 0:00:00,"MIR","SNBU2017-18",,0.00,,,,0,,
2/9/2018 0:00:00,"MTCH","SNBU2017-18",,0.00,,,,0,,
2/10/2018 0:00:00,"STRO","SNBU2017-18",,0.00,,,,0,,
2/11/2018 0:00:00,"MIR","SNBU2017-18",,0.00,,,,0,,
2/12/2018 0:00:00,"MBO","WINTER2017-18",,0.00,,,,0,,
2/12/2018 0:00:00,"MIR","SNBU2017-18",,0.00,,,,0,,
2/13/2018 0:00:00,"MIR","SNBU2017-18",,0.00,,,,0,,
2/15/2018 0:00:00,"MBO","WINTER2017-18",,0.00,,,,0,,
2/16/2018 0:00:00,"MIR","SNBU2017-18",,0.00,,,,0,,
2/17/2018 0:00:00,"MIR","SNBU2017-18",,0.00,,,,0,,
2/17/2018 0:00:00,"MTCH","SNBU2017-18",,0.00,,,,0,,
2/19/2018 0:00:00,"MBO","WINTER2017-18",,0.00,,,,0,,
2/19/2018 0:00:00,"MIR","SNBU2017-18",,0.00,,,,0,,
2/22/2018 0:00:00,"MBO","WINTER2017-18",,0.00,,,,0,,
2/22/2018 0:00:00,"MIR","SNBU2017-18",,0.00,,,,0,,
2/24/2018 0:00:00,"MIR","SNBU2017-18",,0.00,,,,0,,
2/26/2018 0:00:00,"MBO","WINTER2017-18",,0.00,,,,0,,
2/27/2018 0:00:00,"MBO","WINTER2017-18",,12.00,,,,0,,
2/27/2018 0:00:00,"OTAI","OTAI",,0.00,,,,0,,
2/28/2018 0:00:00,"OTAI","OTAI",,0.00,,,,0,,
3/1/2018 0:00:00,"MBO","WINTER2017-18",,0.00,,,,0,,
3/2/2018 0:00:00,"MBO","WINTER2017-18",,0.00,,,,0,,
3/2/2018 0:00:00,"OTAI","OTAI",,0.00,,,,0,,
3/3/2018 0:00:00,"MBO","WINTER2017-18",,0.00,,,,0,,
3/5/2018 0:00:00,"MBO","WINTER2017-18",,0.00,,,,0,,
3/6/2018 0:00:00,"MBO","WINTER2017-18",,0.00,,,,0,,
3/8/2018 0:00:00,"MBO","WINTER2017-18",,0.00,,,,0,,
3/8/2018 0:00:00,"MIR","SNBU2017-18",,0.00,,,,0,,
3/8/2018 0:00:00,"OTAI","OTAI",,0.00,,,,0,,
3/9/2018 0:00:00,"MIR","SNBU2017-18",,0.00,,,,0,,
3/9/2018 0:00:00,"MTCH","SNBU2017-18",,0.00,,,,0,,
3/10/2018 0:00:00,"MIR","SNBU2017-18",,0.00,,,,0,,
3/10/2018 0:00:00,"MTCH","SNBU2017-18",,0.00,,,,0,,
3/10/2018 0:00:00,"OTAI","OTAI",,0.00,,,,0,,
3/11/2018 0:00:00,"MIR","SNBU2017-18",,0.00,,,,0,,
3/11/2018 0:00:00,"MTCH","SNBU2017-18",,0.00,,,,0,,
3/12/2018 0:00:00,"MBO","WINTER2017-18",,0.00,,,,0,,
3/13/2018 0:00:00,"MIR","SNBU2017-18",,0.00,,,,0,,
3/13/2018 0:00:00,"MTCH","SNBU2017-18",,0.00,,,,0,,
3/13/2018 0:00:00,"OTAI","OTAI",,0.00,,,,0,,
3/14/2018 0:00:00,"BR4R","SNBU2017-18",,0.00,,,,0,,
3/14/2018 0:00:00,"MTCH","SNBU2017-18",,0.00,,,,0,,
3/15/2018 0:00:00,"MIR","SNBU2017-18",,0.00,,,,0,,
3/16/2018 0:00:00,"MIR","SNBU2017-18",,0.00,,,,0,,
3/16/2018 0:00:00,"OTAI","OTAI",,0.00,,,,0,,
3/17/2018 0:00:00,"MIR","SNBU2017-18",,0.00,,,,0,,
3/18/2018 0:00:00,"MIR","SNBU2017-18",,0.00,,,,0,,
3/18/2018 0:00:00,"MTCH","SNBU2017-18",,0.00,,,,0,,
3/19/2018 0:00:00,"MBO","WINTER2017-18",,0.00,,,,0,,
3/19/2018 0:00:00,"MIR","SNBU2017-18",,0.00,,,,0,,
3/19/2018 0:00:00,"MTCH","SNBU2017-18",,0.00,,,,0,,
3/20/2018 0:00:00,"MIR","SNBU2017-18",,0.00,,,,0,,
3/20/2018 0:00:00,"MTCH","SNBU2017-18",,0.00,,,,0,,
3/21/2018 0:00:00,"MIR","SNBU2017-18",,0.00,,,,0,,
3/21/2018 0:00:00,"MTCH","SNBU2017-18",,0.00,,,,0,,
3/22/2018 0:00:00,"MIR","SNBU2017-18",,0.00,,,,0,,
3/22/2018 0:00:00,"MTCH","SNBU2017-18",,0.00,,,,0,,
3/23/2018 0:00:00,"MIR","SNBU2017-18",,0.00,,,,0,,
3/25/2018 0:00:00,"MBO","WINTER2017-18",,0.00,,,,0,,
3/28/2018 0:00:00,"MBO","SMMP2018",,0.00,,,,0,,1
3/29/2018 0:00:00,"MBO","SMMP2018",,0.00,,,,0,,1
3/30/2018 0:00:00,"MBO","SMMP2018",,0.00,,,,0,,1
3/31/2018 0:00:00,"MBO","SMMP2018",,0.00,,,,0,,1
4/1/2018 0:00:00,"MBO","SMMP2018",,0.00,,,,0,,1
4/2/2018 0:00:00,"MBO","SMMP2018",,0.00,,,,0,,1
4/3/2018 0:00:00,"MBO","SMMP2018",,0.00,,,,0,,1
4/4/2018 0:00:00,"MBO","SMMP2018",,0.00,,,,0,,1
4/5/2018 0:00:00,"MBO","SMMP2018",,0.00,,,,0,,1
4/6/2018 0:00:00,"MBO","SMMP2018",,0.00,,,,0,,1
4/7/2018 0:00:00,"MBO","SMMP2018",,0.00,,,,0,,1
4/8/2018 0:00:00,"MBO","SMMP2018",,0.00,,,,0,,1
4/9/2018 0:00:00,"MBO","SMMP2018",,0.00,,,,0,,1
4/10/2018 0:00:00,"MBO","SMMP2018",,0.00,,,,0,,1
4/11/2018 0:00:00,"MBO","SMMP2018",,0.00,,,,0,,1
4/12/2018 0:00:00,"MBO","SMMP2018",,0.00,,,,0,,1
4/13/2018 0:00:00,"MBO","SMMP2018",,0.00,,,,0,,1
4/14/2018 0:00:00,"MBO","SMMP2018",,0.00,,,,0,,1
4/15/2018 0:00:00,"MBO","SMMP2018",,0.00,,,,0,,1
4/16/2018 0:00:00,"MBO","SMMP2018",,0.00,,,,0,,1
4/17/2018 0:00:00,"MBO","SMMP2018",,0.00,,,,0,,1
4/18/2018 0:00:00,"MBO","SMMP2018",,,,,,0,,1
4/19/2018 0:00:00,"MBO","SMMP2018",12.5,75.00,,,,0,,5
4/20/2018 0:00:00,"MBO","SMMP2018",11.2,75.00,,,,0,,5
4/21/2018 0:00:00,"MBO","SMMP2018",14,75.00,,,,0,,5
4/22/2018 0:00:00,"MBO","SMMP2018",24.5,75.00,,,,0,,5
4/23/2018 0:00:00,"MBO","SMMP2018",16.2,75.00,,,,0,,5
4/24/2018 0:00:00,"MBO","SMMP2018",16.5,75.00,,,,0,,5
4/25/2018 0:00:00,"MBO","SMMP2018",7.8,22.50,,,,0,,3
4/26/2018 0:00:00,"MBO","SMMP2018",5,,,,,0,,2
4/27/2018 0:00:00,"MBO","SMMP2018",13.8,75.00,,,,0,,5
4/28/2018 0:00:00,"MBO","SMMP2018",11.8,41.25,,,,0,,4
4/29/2018 0:00:00,"MBO","SMMP2018",10.5,37.00,,,,0,,4
4/30/2018 0:00:00,"MBO","SMMP2018",2,,,,,0,,1.5
5/1/2018 0:00:00,"MBO","SMMP2018",16.5,75.00,,,,0,,5
5/2/2018 0:00:00,"MBO","SMMP2018",14.5,67.50,,,,0,,4.5
5/3/2018 0:00:00,"MBO","SMMP2018",9.5,52.50,,,,0,,4.5
5/3/2018 0:00:00,"OTAI","OTAI",,0.00,,,,0,,
5/4/2018 0:00:00,"MBO","SMMP2018",11.2,75.00,,,,0,,5
5/5/2018 0:00:00,"MBO","SMMP2018",24.5,75.00,,,,0,,5
5/6/2018 0:00:00,"MBO","SMMP2018",20.5,75.00,,,,0,,5
5/7/2018 0:00:00,"MBO","SMMP2018",18,75.00,,,,0,,5
5/8/2018 0:00:00,"MBO","SMMP2018",13.5,75.00,,,,0,,5
5/9/2018 0:00:00,"MBO","SMMP2018",10.2,75.00,,,,0,,5
5/10/2018 0:00:00,"MBO","SMMP2018",10.8,75.00,,,,0,,5
5/11/2018 0:00:00,"MBO","SMMP2018",7.5,75.00,,,,0,,4.5
5/12/2018 0:00:00,"MBO","SMMP2018",11,75.00,,,,0,,5
5/13/2018 0:00:00,"MBO","SMMP2018",18,75.00,,,,0,,5
5/14/2018 0:00:00,"MBO","SMMP2018",10.8,75.00,,,,0,,5
5/15/2018 0:00:00,"MBO","SMMP2018",12.2,46.75,,,,0,,4
5/16/2018 0:00:00,"MBO","SMMP2018",10.5,75.00,,,,0,,5
5/17/2018 0:00:00,"MBO","SMMP2018",13.5,75.00,,,,0,,5
5/18/2018 0:00:00,"MBO","SMMP2018",9.8,75.00,,,,0,,5
5/19/2018 0:00:00,"MBO","SMMP2018",11.2,80.00,,,,0,,5
5/20/2018 0:00:00,"MBO","SMMP2018",8,24.00,,,,0,,3
5/21/2018 0:00:00,"MBO","SMMP2018",17.8,80.00,,,,0,,5
5/22/2018 0:00:00,"MBO","SMMP2018",9.2,80.00,,,,0,,5
5/23/2018 0:00:00,"MBO","SMMP2018",13.2,80.00,,,,0,,5
5/24/2018 0:00:00,"MBO","SMMP2018",11.5,80.00,,,,0,,5
5/25/2018 0:00:00,"MBO","SMMP2018",14.8,80.00,,,,0,,5
5/26/2018 0:00:00,"MBO","SMMP2018",4.5,16.00,,,,0,,2.5
5/27/2018 0:00:00,"MBO","SMMP2018",10.8,80.00,,,,0,,5
5/28/2018 0:00:00,"MBO","SMMP2018",16.5,72.00,,,,0,,4.5
5/29/2018 0:00:00,"MBO","SMMP2018",18,80.00,,,,0,,5
5/30/2018 0:00:00,"MBO","SMMP2018",14.2,80.00,,,,0,,5
5/31/2018 0:00:00,"MBO","SMMP2018",17.8,80.00,,,,0,,5
6/1/2018 0:00:00,"MBO","SMMP2018",7.8,56.00,,,,0,,4
6/2/2018 0:00:00,"MBO","SMMP2018",,0.00,,,,0,,1
6/3/2018 0:00:00,"MBO","SMMP2018",,,,,,0,,1
6/4/2018 0:00:00,"MBO","SMMP2018",,,,,,0,,1
6/5/2018 0:00:00,"MBO","SMMP2018",,,,,,0,,1
6/9/2018 0:00:00,"MBO","MAPS2018",,54.00,,,,0,,
6/10/2018 0:00:00,"UDEM","PEFA",,0.00,,,,0,,
6/11/2018 0:00:00,"MBO","NEST2018",,0.00,,,,0,,
6/15/2018 0:00:00,"MRC","NEST2018",,0.00,,,,0,,
6/16/2018 0:00:00,"MBO","MAPS2018",,54.00,,,,0,,
6/19/2018 0:00:00,"MRC","NEST2018",,0.00,,,,0,,
6/20/2018 0:00:00,"MBO","NEST2018",,0.00,,,,0,,
6/20/2018 0:00:00,"OTAI","OTAI",,0.00,,,,0,,
6/25/2018 0:00:00,"MBO","MAPS2018",,54.00,,,,0,,
6/26/2018 0:00:00,"MBO","NEST2018",,0.00,,,,0,,
7/3/2018 0:00:00,"MRC","NEST2018",,0.00,,,,0,,
7/6/2018 0:00:00,"NICH","NICHOIR",,0.00,,,,0,,
7/7/2018 0:00:00,"MBO","MAPS2018",,54.00,,,,0,,
7/7/2018 0:00:00,"MBO","NEST2018",,0.00,,,,0,,
7/13/2018 0:00:00,"MRC","NEST2018",,0.00,,,,0,,
7/15/2018 0:00:00,"MBO","MAPS2018",,54.00,,,,0,,
7/19/2018 0:00:00,"PCC","NEST2018",,,,,,0,,
7/20/2018 0:00:00,"NICH","NICHOIR",,0.00,,,,0,,
7/21/2018 0:00:00,"MBO","MAPS2018",,54.00,,,,0,,
7/30/2018 0:00:00,"MBO","MAPS2018",,54.00,,,,0,,
8/1/2018 0:00:00,"MBO","FMMP2018",10.2,80.00,,,,0,,5
8/2/2018 0:00:00,"MBO","FMMP2018",17.2,80.00,,,,0,,5
8/3/2018 0:00:00,"MBO","FMMP2018",12,80.00,,,,0,,5
8/4/2018 0:00:00,"MBO","FMMP2018",,72.00,,,,0,,2.5
8/5/2018 0:00:00,"MBO","FMMP2018",16.5,80.00,,,,0,,5
8/6/2018 0:00:00,"MBO","FMMP2018",,80.00,,,,0,,3
8/6/2018 0:00:00,"NICH","NICHOIR",,0.00,,,,0,,
8/7/2018 0:00:00,"MBO","FMMP2018",,48.00,,,,0,,2
8/7/2018 0:00:00,"NICH","NICHOIR",,0.00,,,,0,,
8/8/2018 0:00:00,"MBO","FMMP2018",8.2,80.00,,,,0,,4.5
8/9/2018 0:00:00,"MBO","FMMP2018",8.5,80.00,,,,0,,4.5
8/10/2018 0:00:00,"MBO","FMMP2018",14.2,80.00,,,,0,,5
8/10/2018 0:00:00,"MBO","HUM2018_Fall",,0.00,,,3,0,,
8/11/2018 0:00:00,"MBO","FMMP2018",12.5,80.00,,,,0,,5
8/12/2018 0:00:00,"MBO","FMMP2018",16.8,80.00,,,,0,,5
8/13/2018 0:00:00,"MBO","FMMP2018",18,80.00,,,,0,,5
8/14/2018 0:00:00,"MBO","FMMP2018",11.8,80.00,,,,0,,5
8/14/2018 0:00:00,"MBO","HUM2018_Fall",,0.00,,,6,0,,
8/15/2018 0:00:00,"MBO","FMMP2018",12,80.00,,,,0,,5
8/15/2018 0:00:00,"MBO","HUM2018_Fall",,0.00,,,2.5,0,,
8/16/2018 0:00:00,"MBO","FMMP2018",18.2,80.00,,,,0,,5
8/17/2018 0:00:00,"MBO","FMMP2018",11,80.00,,,,0,,5
8/18/2018 0:00:00,"MBO","FMMP2018",11.5,80.00,,,,0,,5
8/19/2018 0:00:00,"MBO","FMMP2018",11.5,80.00,,,,0,,5
8/19/2018 0:00:00,"OTAI","OTAI",,0.00,,,,0,,
8/20/2018 0:00:00,"MBO","FMMP2018",18.2,80.00,,,,0,,5
8/21/2018 0:00:00,"MBO","FMMP2018",7,80.00,,,,0,,4.5
8/21/2018 0:00:00,"MBO","HUM2018_Fall",,0.00,,,4,0,,
8/22/2018 0:00:00,"MBO","FMMP2018",6.8,60.00,,,,0,,4
8/22/2018 0:00:00,"MBO","HUM2018_Fall",,0.00,,,3,0,,
8/22/2018 0:00:00,"OTAI","OTAI",,0.00,,,,0,,
8/23/2018 0:00:00,"MBO","FMMP2018",16.5,80.00,,,,0,,5
8/23/2018 0:00:00,"MBO","HUM2018_Fall",,0.00,,,4.5,0,,
8/24/2018 0:00:00,"MBO","FMMP2018",10.5,80.00,,,,0,,5
8/24/2018 0:00:00,"MBO","HUM2018_Fall",,0.00,,,4,0,,
8/25/2018 0:00:00,"MBO","FMMP2018",8.5,80.00,,,,0,,4.5
8/25/2018 0:00:00,"MBO","HUM2018_Fall",,0.00,,,5,0,,
8/26/2018 0:00:00,"MBO","FMMP2018",22,68.00,,,,0,,4.5
8/26/2018 0:00:00,"MBO","HUM2018_Fall",,0.00,,,4.5,0,,
8/27/2018 0:00:00,"MBO","FMMP2018",9.5,80.00,,,,0,,5
8/27/2018 0:00:00,"MBO","HUM2018_Fall",,0.00,,,4,0,,
8/28/2018 0:00:00,"MBO","FMMP2018",8,80.00,,,,0,,4.5
8/28/2018 0:00:00,"MBO","HUM2018_Fall",,0.00,,,4,0,,
8/29/2018 0:00:00,"MBO","FMMP2018",10,80.00,,,,0,,5
8/29/2018 0:00:00,"MBO","HUM2018_Fall",,0.00,,,2,0,,
8/30/2018 0:00:00,"MBO","FMMP2018",,80.00,,,,0,,3
8/30/2018 0:00:00,"MBO","HUM2018_Fall",,0.00,,,4,0,,
8/31/2018 0:00:00,"MBO","FMMP2018",6.2,80.00,,,,0,,4.5
8/31/2018 0:00:00,"MBO","HUM2018_Fall",,,,,1.5,0,,
9/1/2018 0:00:00,"MBO","FMMP2018",8.5,80.00,,,,0,,4.5
9/1/2018 0:00:00,"MBO","HUM2018_Fall",,0.00,,,2.5,0,,
9/2/2018 0:00:00,"MBO","FMMP2018",11,80.00,,,,0,,5
9/3/2018 0:00:00,"MBO","FMMP2018",16.5,64.00,,,,0,,4.5
9/4/2018 0:00:00,"MBO","FMMP2018",12.5,80.00,,,,0,,5
9/4/2018 0:00:00,"MBO","HUM2018_Fall",,0.00,,,3.5,0,,
9/5/2018 0:00:00,"MBO","FMMP2018",12.8,80.00,,,,0,,5
9/5/2018 0:00:00,"MBO","HUM2018_Fall",,,,,3.5,0,,
9/6/2018 0:00:00,"MBO","FMMP2018",10.8,80.00,,,,0,,5
9/6/2018 0:00:00,"MBO","HUM2018_Fall",,0.00,,,3,0,,
9/7/2018 0:00:00,"MBO","FMMP2018",9.5,80.00,,,,0,,5
9/7/2018 0:00:00,"MBO","HUM2018_Fall",,0.00,,,3,0,,
9/8/2018 0:00:00,"MBO","FMMP2018",20.2,80.00,,,,0,,5
9/8/2018 0:00:00,"MBO","HUM2018_Fall",,0.00,,,3,0,,
9/9/2018 0:00:00,"MBO","FMMP2018",16.5,80.00,,,,0,,5
9/10/2018 0:00:00,"MBO","FMMP2018",15.8,80.00,,,,0,,5
9/11/2018 0:00:00,"MBO","FMMP2018",6.8,,,,,0,,2.5
9/12/2018 0:00:00,"MBO","FMMP2018",9.2,80.00,,,,0,,5
9/12/2018 0:00:00,"MBO","HUM2018_Fall",,,,,1.5,0,,
9/13/2018 0:00:00,"MBO","FMMP2018",16.5,80.00,,,,0,,5
9/13/2018 0:00:00,"MBO","HUM2018_Fall",,,,,1,0,,
9/14/2018 0:00:00,"MBO","FMMP2018",10,80.00,,,,0,,5
9/14/2018 0:00:00,"MBO","HUM2018_Fall",,,,,2.5,0,,
9/15/2018 0:00:00,"MBO","FMMP2018",11.8,80.00,,,,0,,5
9/16/2018 0:00:00,"MBO","FMMP2018",11.5,80.00,,,,0,,5
9/17/2018 0:00:00,"MBO","FMMP2018",16,80.00,,,,0,,5
9/18/2018 0:00:00,"MBO","FMMP2018",9.8,80.00,,,,0,,5
9/19/2018 0:00:00,"MBO","FMMP2018",11.2,80.00,,,,0,,5
9/20/2018 0:00:00,"MBO","FMMP2018",8,80.00,,,,0,,4.5
9/21/2018 0:00:00,"MBO","FMMP2018",0.5,,,,,0,,1.5
9/22/2018 0:00:00,"MBO","FMMP2018",18,80.00,,,,0,,5
9/23/2018 0:00:00,"MBO","FMMP2018",15.5,80.00,,,,0,,5
9/24/2018 0:00:00,"MBO","FMMP2018",10.2,80.00,,,,0,,5
9/25/2018 0:00:00,"MBO","FMMP2018",3,20.00,,,,0,,2.5
9/26/2018 0:00:00,"MBO","FMMP2018",10.8,72.00,,,,0,,4.5
9/26/2018 0:00:00,"MBO","OWLS2018",,112.00,,,,0,,
9/27/2018 0:00:00,"MBO","FMMP2018",15.2,80.00,,,,0,,5
9/27/2018 0:00:00,"MBO","OWLS2018",,105.00,,,,0,,
9/28/2018 0:00:00,"MBO","FMMP2018",6,80.00,,,,0,,4.5
9/28/2018 0:00:00,"MBO","OWLS2018",,45.50,,,,0,,
9/29/2018 0:00:00,"MBO","FMMP2018",9.5,80.00,,,,0,,5
9/29/2018 0:00:00,"MBO","OWLS2018",,105.00,,,,0,,
9/30/2018 0:00:00,"MBO","FMMP2018",13.5,80.00,,,,0,,5
9/30/2018 0:00:00,"MBO","OWLS2018",,30.38,,,,0,,
10/1/2018 0:00:00,"MBO","FMMP2018",17.8,80.00,,,,0,,5
10/1/2018 0:00:00,"MBO","OWLS2018",,92.12,,,,0,,
10/2/2018 0:00:00,"MBO","FMMP2018",7,25.60,,,,0,,3.5
10/2/2018 0:00:00,"MBO","OWLS2018",,38.50,,,,0,,
10/3/2018 0:00:00,"MBO","FMMP2018",9.5,80.00,,,,0,,5
10/3/2018 0:00:00,"MBO","OWLS2018",,115.50,,,,0,,
10/4/2018 0:00:00,"MBO","FMMP2018",11,48.00,,,,0,,4
10/4/2018 0:00:00,"MBO","OWLS2018",,115.50,,,,0,,
10/5/2018 0:00:00,"MBO","FMMP2018",17.8,80.00,,,,0,,5
10/5/2018 0:00:00,"MBO","OWLS2018",,113.19,,,,0,,
10/6/2018 0:00:00,"MBO","FMMP2018",17.8,80.00,,,,0,,5
10/6/2018 0:00:00,"MBO","OWLS2018",,92.12,,,,0,,
10/7/2018 0:00:00,"MBO","FMMP2018",29.5,80.00,,,,0,,5
10/7/2018 0:00:00,"MBO","OWLS2018",,115.50,,,,0,,
10/8/2018 0:00:00,"MBO","FMMP2018",28,80.00,,,,0,,5
10/9/2018 0:00:00,"MBO","FMMP2018",10.8,80.00,,,,0,,5
10/10/2018 0:00:00,"MBO","FMMP2018",8.5,72.00,,,,0,,4
10/10/2018 0:00:00,"MBO","OWLS2018",,114.38,,,,0,,
10/11/2018 0:00:00,"MBO","FMMP2018",7,10.00,,,,0,,3
10/11/2018 0:00:00,"MBO","OWLS2018",,119.00,,,,0,,
10/12/2018 0:00:00,"MBO","FMMP2018",9,80.00,,,,0,,5
10/12/2018 0:00:00,"MBO","OWLS2018",,119.00,,,,0,,
10/13/2018 0:00:00,"MBO","FMMP2018",10.2,80.00,,,,0,,5
10/13/2018 0:00:00,"MBO","OWLS2018",,119.00,,,,0,,
10/14/2018 0:00:00,"MBO","FMMP2018",15.2,80.00,,,,0,,5
10/14/2018 0:00:00,"MBO","OWLS2018",,119.00,,,,0,,
10/15/2018 0:00:00,"MBO","FMMP2018",9.5,72.00,,,,0,,4.5
10/16/2018 0:00:00,"MBO","FMMP2018",8,36.00,,,,0,,3.5
10/16/2018 0:00:00,"MBO","OWLS2018",,119.00,,,,0,,
10/17/2018 0:00:00,"MBO","FMMP2018",7.5,,,,,0,,2.5
10/17/2018 0:00:00,"MBO","OWLS2018",,65.94,,,,0,,
10/18/2018 0:00:00,"MBO","FMMP2018",5.8,,,,,0,,2
10/18/2018 0:00:00,"MBO","OWLS2018",,126.00,,,,0,,
10/19/2018 0:00:00,"MBO","FMMP2018",18.5,76.00,,,,0,,5
10/20/2018 0:00:00,"MBO","FMMP2018",2.5,,,,,0,,1.5
10/21/2018 0:00:00,"MBO","FMMP2018",18.5,80.00,,,,0,,5
10/21/2018 0:00:00,"MBO","OWLS2018",,126.00,,,,0,,
10/22/2018 0:00:00,"MBO","FMMP2018",11,80.00,,,,0,,5
10/22/2018 0:00:00,"MBO","OWLS2018",,126.00,,,,0,,
10/23/2018 0:00:00,"MBO","FMMP2018",14.5,80.00,,,,0,,5
10/23/2018 0:00:00,"MBO","OWLS2018",,92.12,,,,0,,
10/24/2018 0:00:00,"MBO","FMMP2018",4.5,,,,,0,,2
10/24/2018 0:00:00,"MBO","OWLS2018",,126.00,,,,0,,
10/25/2018 0:00:00,"MBO","FMMP2018",16.5,80.00,,,,0,,5
10/25/2018 0:00:00,"MBO","OWLS2018",,126.00,,,,0,,
10/26/2018 0:00:00,"MBO","FMMP2018",16,76.00,,,,0,,5
10/26/2018 0:00:00,"MBO","OWLS2018",,106.75,,,,0,,
10/26/2018 0:00:00,"OTAI","OTAI",,0.00,,,,0,,
10/27/2018 0:00:00,"MBO","FMMP2018",10.5,78.00,,,,0,,5
10/28/2018 0:00:00,"MBO","FMMP2018",3.5,,,,,0,,2
10/28/2018 0:00:00,"MBO","OWLS2018",,87.50,,,,0,,
10/29/2018 0:00:00,"MBO","FMMP2018",3.8,,,,,0,,2
10/29/2018 0:00:00,"MBO","OWLS2018",,119.00,,,,0,,
10/30/2018 0:00:00,"MBO","FMMP2018",11.8,80.00,,,,0,,5
10/30/2018 0:00:00,"MBO","OWLS2018",,129.50,,,,0,,
10/31/2018 0:00:00,"MBO","FMMP2018",4.5,24.00,,,,0,,2.5
10/31/2018 0:00:00,"MBO","OWLS2018",,67.62,,,,0,,
11/1/2018 0:00:00,"MBO","FMMP2018",17.5,80.00,,,,0,,5
11/2/2018 0:00:00,"MBO","FMMP2018",2,,,,,0,,1.5
11/2/2018 0:00:00,"MBO","OWLS2018",,119.00,,,,0,,
11/3/2018 0:00:00,"MBO","FMMP2018",3.5,3.00,,,,0,,2.5
11/4/2018 0:00:00,"MBO","FMMP2018",20.5,80.00,,,,0,,5
11/4/2018 0:00:00,"MBO","OWLS2018",,133.00,,,,0,,
11/5/2018 0:00:00,"MBO","FMMP2018",10.2,48.00,,,,0,,4
11/5/2018 0:00:00,"MBO","OWLS2018",,56.00,,,,0,,
11/5/2018 0:00:00,"OTAI","OTAI",,0.00,,,,0,,
11/6/2018 0:00:00,"MBO","FMMP2018",6.8,16.00,,,,0,,3
11/7/2018 0:00:00,"MBO","WINTER2018-19",5.5,4.50,,,,0,,
11/8/2018 0:00:00,"MBO","WINTER2018-19",3.5,12.00,,,,0,,
11/10/2018 0:00:00,"MBO","WINTER2018-19",,0.00,,,,0,,
11/10/2018 0:00:00,"OTAI","OTAI",,0.00,,,,0,,
11/12/2018 0:00:00,"MBO","WINTER2018-19",7.8,9.00,,,,0,,
11/12/2018 0:00:00,"OTAI","OTAI",,0.00,,,,0,,
11/13/2018 0:00:00,"OTAI","OTAI",,0.00,,,,0,,
11/17/2018 0:00:00,"MBO","WINTER2018-19",3.2,13.50,,,,0,,
11/18/2018 0:00:00,"MBO","WINTER2018-19",,0.00,,,,0,,
11/22/2018 0:00:00,"MBO","WINTER2018-19",,0.00,,,,0,,
11/22/2018 0:00:00,"MIR","SNBU2018-19",,0.00,,,,0,,
11/23/2018 0:00:00,"MIR","SNBU2018-19",,0.00,,,,0,,
11/26/2018 0:00:00,"MBO","WINTER2018-19",2.5,7.50,,,,0,,
11/28/2018 0:00:00,"MBO","WINTER2018-19",,0.00,,,,0,,
11/29/2018 0:00:00,"MBO","WINTER2018-19",,0.00,,,,0,,
11/30/2018 0:00:00,"MBO","WINTER2018-19",4,10.50,,,,0,,
12/1/2018 0:00:00,"MBO","WINTER2018-19",,0.00,,,,0,,
12/3/2018 0:00:00,"OTAI","OTAI",,0.00,,,,0,,
12/6/2018 0:00:00,"MBO","WINTER2018-19",,0.00,,,,0,,
12/7/2018 0:00:00,"MBO","WINTER2018-19",,0.00,,,,0,,
12/8/2018 0:00:00,"OTAI","OTAI",,0.00,,,,0,,
12/9/2018 0:00:00,"MBO","WINTER2018-19",,0.00,,,,0,,
12/9/2018 0:00:00,"OTAI","OTAI",,0.00,,,,0,,
12/11/2018 0:00:00,"OTAI","OTAI",,0.00,,,,0,,
12/13/2018 0:00:00,"MBO","WINTER2018-19",,,,,,0,,
12/13/2018 0:00:00,"MIR","SNBU2018-19",,0.00,,,,0,,
12/14/2018 0:00:00,"MBO","WINTER2018-19",5.5,7.50,,,,0,,
12/16/2018 0:00:00,"MBO","WINTER2018-19",,9.00,,,,0,,
12/16/2018 0:00:00,"OTAI","OTAI",,0.00,,,,0,,
12/20/2018 0:00:00,"MBO","WINTER2018-19",,8.25,,,,0,,
12/20/2018 0:00:00,"OTAI","OTAI",,0.00,,,,0,,
12/23/2018 0:00:00,"MBO","WINTER2018-19",,,,,,0,,
12/27/2018 0:00:00,"MBO","WINTER2018-19",,,,,,0,,
12/30/2018 0:00:00,"MBO","WINTER2018-19",,,,,,0,,
1/3/2019 0:00:00,"MBO","WINTER2018-19",,,,,,0,,
1/4/2019 0:00:00,"MBO","WINTER2018-19",,,,,,0,,
1/5/2019 0:00:00,"MIR","SNBU2018-19",,0.00,,,,0,,
1/5/2019 0:00:00,"MTCH","SNBU2018-19",,0.00,,,,0,,
1/6/2019 0:00:00,"MBO","WINTER2018-19",,,,,,0,,
1/6/2019 0:00:00,"MIR","SNBU2018-19",,0.00,,,,0,,
1/7/2019 0:00:00,"MIR","SNBU2018-19",,0.00,,,,0,,
1/8/2019 0:00:00,"MIR","SNBU2018-19",,0.00,,,,0,,
1/8/2019 0:00:00,"MTCH","SNBU2018-19",,0.00,,,,0,,
1/9/2019 0:00:00,"MIR","SNBU2018-19",,0.00,,,,0,,
1/9/2019 0:00:00,"MTCH","SNBU2018-19",,0.00,,,,0,,
1/10/2019 0:00:00,"MBO","WINTER2018-19",,,,,,0,,
1/10/2019 0:00:00,"MIR","SNBU2018-19",,0.00,,,,0,,
1/10/2019 0:00:00,"MTCH","SNBU2018-19",,0.00,,,,0,,
1/11/2019 0:00:00,"MIR","SNBU2018-19",,0.00,,,,0,,
1/11/2019 0:00:00,"MTCH","SNBU2018-19",,0.00,,,,0,,
1/11/2019 0:00:00,"SHER","SNBU2018-19",,0.00,,,,0,,
1/12/2019 0:00:00,"MIR","SNBU2018-19",,0.00,,,,0,,
1/12/2019 0:00:00,"MTCH","SNBU2018-19",,0.00,,,,0,,
1/12/2019 0:00:00,"SHER","SNBU2018-19",,0.00,,,,0,,
1/13/2019 0:00:00,"MBO","WINTER2018-19",,,,,,0,,
1/13/2019 0:00:00,"SHER","SNBU2018-19",,0.00,,,,0,,
1/14/2019 0:00:00,"MTCH","SNBU2018-19",,0.00,,,,0,,
1/14/2019 0:00:00,"SHER","SNBU2018-19",,0.00,,,,0,,
1/15/2019 0:00:00,"MTCH","SNBU2018-19",,0.00,,,,0,,
1/15/2019 0:00:00,"OTAI","OTAI",,0.00,,,,0,,
1/15/2019 0:00:00,"SHER","SNBU2018-19",,0.00,,,,0,,
1/16/2019 0:00:00,"MIR","SNBU2018-19",,0.00,,,,0,,
1/16/2019 0:00:00,"MTCH","SNBU2018-19",,0.00,,,,0,,
1/17/2019 0:00:00,"MBO","WINTER2018-19",,,,,,0,,
1/17/2019 0:00:00,"MIR","SNBU2018-19",,0.00,,,,0,,
1/17/2019 0:00:00,"MTCH","SNBU2018-19",,0.00,,,,0,,
1/17/2019 0:00:00,"SHER","SNBU2018-19",,0.00,,,,0,,
1/18/2019 0:00:00,"MBO","WINTER2018-19",,,,,,0,,
1/18/2019 0:00:00,"MIR","SNBU2018-19",,0.00,,,,0,,
1/18/2019 0:00:00,"MTCH","SNBU2018-19",,0.00,,,,0,,
1/19/2019 0:00:00,"MIR","SNBU2018-19",,0.00,,,,0,,
1/19/2019 0:00:00,"MTCH","SNBU2018-19",,0.00,,,,0,,
1/19/2019 0:00:00,"SHER","SNBU2018-19",,0.00,,,,0,,
1/21/2019 0:00:00,"MBO","WINTER2018-19",,,,,,0,,
1/21/2019 0:00:00,"MIR","SNBU2018-19",,0.00,,,,0,,
1/22/2019 0:00:00,"MIR","SNBU2018-19",,0.00,,,,0,,
1/22/2019 0:00:00,"SHER","SNBU2018-19",,0.00,,,,0,,
1/23/2019 0:00:00,"MIR","SNBU2018-19",,0.00,,,,0,,
1/24/2019 0:00:00,"MBO","WINTER2018-19",,,,,,0,,
1/25/2019 0:00:00,"MIR","SNBU2018-19",,0.00,,,,0,,
1/26/2019 0:00:00,"MIR","SNBU2018-19",,0.00,,,,0,,
1/26/2019 0:00:00,"MTCH","SNBU2018-19",,0.00,,,,0,,
1/26/2019 0:00:00,"SHER","SNBU2018-19",,0.00,,,,0,,
1/27/2019 0:00:00,"MBO","WINTER2018-19",,,,,,0,,
1/27/2019 0:00:00,"MIR","SNBU2018-19",,0.00,,,,0,,
1/28/2019 0:00:00,"MIR","SNBU2018-19",,0.00,,,,0,,
1/30/2019 0:00:00,"MIR","SNBU2018-19",,0.00,,,,0,,
1/30/2019 0:00:00,"MTCH","SNBU2018-19",,0.00,,,,0,,
1/31/2019 0:00:00,"MBO","WINTER2018-19",,,,,,0,,
1/31/2019 0:00:00,"MTCH","SNBU2018-19",,0.00,,,,0,,
1/31/2019 0:00:00,"SHER","SNBU2018-19",,0.00,,,,0,,
2/2/2019 0:00:00,"MIR","SNBU2018-19",,0.00,,,,0,,
2/2/2019 0:00:00,"SHER","SNBU2018-19",,0.00,,,,0,,
2/3/2019 0:00:00,"MBO","WINTER2018-19",,,,,,0,,
2/3/2019 0:00:00,"MIR","SNBU2018-19",,0.00,,,,0,,
2/3/2019 0:00:00,"SHER","SNBU2018-19",,0.00,,,,0,,
2/6/2019 0:00:00,"MIR","SNBU2018-19",,0.00,,,,0,,
2/6/2019 0:00:00,"MTCH","SNBU2018-19",,0.00,,,,0,,
2/7/2019 0:00:00,"MBO","WINTER2018-19",,,,,,0,,
2/7/2019 0:00:00,"SHER","SNBU2018-19",,0.00,,,,0,,
2/9/2019 0:00:00,"MOJO","SNBU2018-19",,0.00,,,,0,,
2/10/2019 0:00:00,"MBO","WINTER2018-19",,,,,,0,,
2/14/2019 0:00:00,"MBO","WINTER2018-19",,,,,,0,,
2/14/2019 0:00:00,"MIR","SNBU2018-19",,0.00,,,,0,,
2/16/2019 0:00:00,"MTCH","SNBU2018-19",,0.00,,,,0,,
2/16/2019 0:00:00,"SHER","SNBU2018-19",,0.00,,,,0,,
2/17/2019 0:00:00,"MBO","WINTER2018-19",,,,,,0,,
2/17/2019 0:00:00,"MIR","SNBU2018-19",,0.00,,,,0,,
2/17/2019 0:00:00,"SHER","SNBU2018-19",,0.00,,,,0,,
2/18/2019 0:00:00,"MTCH","SNBU2018-19",,0.00,,,,0,,
2/19/2019 0:00:00,"SHER","SNBU2018-19",,0.00,,,,0,,
2/21/2019 0:00:00,"MIR","SNBU2018-19",,0.00,,,,0,,
2/22/2019 0:00:00,"MTCH","SNBU2018-19",,0.00,,,,0,,
2/22/2019 0:00:00,"SHER","SNBU2018-19",,0.00,,,,0,,
2/23/2019 0:00:00,"MBO","WINTER2017-18",,,,,,0,,
2/23/2019 0:00:00,"MIR","SNBU2018-19",,0.00,,,,0,,
2/23/2019 0:00:00,"MTCH","SNBU2018-19",,0.00,,,,0,,
2/23/2019 0:00:00,"SHER","SNBU2018-19",,0.00,,,,0,,
2/26/2019 0:00:00,"MIR","SNBU2018-19",,0.00,,,,0,,
2/27/2019 0:00:00,"MIR","SNBU2018-19",,0.00,,,,0,,
2/28/2019 0:00:00,"SHER","SNBU2018-19",,0.00,,,,0,,
3/1/2019 0:00:00,"MIR","SNBU2018-19",,0.00,,,,0,,
3/2/2019 0:00:00,"MBO","WINTER2018-19",,,,,,0,,
3/2/2019 0:00:00,"SHER","SNBU2018-19",,0.00,,,,0,,
3/3/2019 0:00:00,"MBO","WINTER2018-19",,,,,,0,,
3/3/2019 0:00:00,"MIR","SNBU2018-19",,0.00,,,,0,,
3/3/2019 0:00:00,"SHER","SNBU2018-19",,0.00,,,,0,,
3/4/2019 0:00:00,"MBO","WINTER2018-19",,,,,,0,,
3/4/2019 0:00:00,"MIR","SNBU2018-19",,0.00,,,,0,,
3/4/2019 0:00:00,"SHER","SNBU2018-19",,0.00,,,,0,,
3/5/2019 0:00:00,"OTAI","OTAI",,0.00,,,,0,,
3/5/2019 0:00:00,"SHER","SNBU2018-19",,0.00,,,,0,,
3/6/2019 0:00:00,"MIR","SNBU2018-19",,0.00,,,,0,,
3/7/2019 0:00:00,"MBO","WINTER2018-19",,,,,,0,,
3/7/2019 0:00:00,"MIR","SNBU2018-19",,0.00,,,,0,,
3/7/2019 0:00:00,"SHER","SNBU2018-19",,0.00,,,,0,,
3/8/2019 0:00:00,"MTCH","SNBU2018-19",,0.00,,,,0,,
3/8/2019 0:00:00,"SHER","SNBU2018-19",,0.00,,,,0,,
3/10/2019 0:00:00,"MBO","WINTER2018-19",,,,,,0,,
3/12/2019 0:00:00,"MTCH","SNBU2018-19",,0.00,,,,0,,
3/13/2019 0:00:00,"MIR","SNBU2018-19",,0.00,,,,0,,
3/14/2019 0:00:00,"MBO","WINTER2018-19",,12.00,,,,0,,
3/14/2019 0:00:00,"MIR","SNBU2018-19",,0.00,,,,0,,
3/18/2019 0:00:00,"MIR","SNBU2018-19",,0.00,,,,0,,
3/18/2019 0:00:00,"MTCH","SNBU2018-19",,0.00,,,,0,,
3/19/2019 0:00:00,"MTCH","SNBU2018-19",,0.00,,,,0,,
3/20/2019 0:00:00,"MBO","WINTER2018-19",,15.00,,,,0,,
3/21/2019 0:00:00,"MBO","WINTER2018-19",,,,,,0,,
3/23/2019 0:00:00,"MBO","WINTER2018-19",,,,,,0,,
3/24/2019 0:00:00,"MBO","WINTER2018-19",,,,,,0,,
3/27/2019 0:00:00,"MBO","WINTER2018-19",,9.00,,,,0,,
3/28/2019 0:00:00,"MBO","SMMP2019",,,,,,0,,1
3/28/2019 0:00:00,"OTAI","OTAI",,0.00,,,,0,,
3/29/2019 0:00:00,"MBO","SMMP2019",,,,,,0,,1
3/30/2019 0:00:00,"MBO","SMMP2019",,,,,,0,,1
3/31/2019 0:00:00,"MBO","SMMP2019",,,,,,0,,1
4/1/2019 0:00:00,"MBO","SMMP2019",,,,,,0,,1
4/1/2019 0:00:00,"OTAI","OTAI",,0.00,,,,0,,
4/2/2019 0:00:00,"MBO","SMMP2019",,,,,,0,,1
4/3/2019 0:00:00,"MBO","SMMP2019",,,,,,0,,1
4/4/2019 0:00:00,"MBO","SMMP2019",,,,,,0,,1
4/5/2019 0:00:00,"MBO","SMMP2019",,,,,,0,,1
4/6/2019 0:00:00,"MBO","SMMP2019",,,,,,0,,1
4/7/2019 0:00:00,"MBO","SMMP2019",,,,,,0,,1
4/8/2019 0:00:00,"MBO","SMMP2019",,,,,,0,,1
4/9/2019 0:00:00,"MBO","SMMP2019",,,,,,0,,1
4/10/2019 0:00:00,"MBO","SMMP2019",,,,,,0,,1
4/11/2019 0:00:00,"MBO","SMMP2019",,,,,,0,,1
4/12/2019 0:00:00,"MBO","SMMP2019",,,,,,0,,1
4/13/2019 0:00:00,"MBO","SMMP2019",,,,,,0,,1
4/14/2019 0:00:00,"MBO","SMMP2019",,,,,,0,,1
4/15/2019 0:00:00,"MBO","SMMP2019",,,,,,0,,1
4/16/2019 0:00:00,"MBO","SMMP2019",,,,,,0,,1
4/17/2019 0:00:00,"MBO","SMMP2019",,,,,,0,,1
4/18/2019 0:00:00,"MBO","SMMP2019",8.2,36.00,,,,0,,3.5
4/19/2019 0:00:00,"MBO","SMMP2019",19.5,60.00,,,,0,,4.5
4/20/2019 0:00:00,"MBO","SMMP2019",3,,,,,0,,2
4/21/2019 0:00:00,"MBO","SMMP2019",9,80.00,,,,0,,5
4/22/2019 0:00:00,"MBO","SMMP2019",10.5,80.00,,,,0,,5
4/23/2019 0:00:00,"MBO","SMMP2019",8.5,80.00,,,,0,,4.5
4/24/2019 0:00:00,"MBO","SMMP2019",3.5,,,,,0,,2
4/25/2019 0:00:00,"MBO","SMMP2019",15.8,80.00,,,,0,,5
4/26/2019 0:00:00,"MBO","SMMP2019",11,40.00,,,,0,,4
4/27/2019 0:00:00,"MBO","SMMP2019",1.5,,,,,0,,1.5
4/28/2019 0:00:00,"MBO","SMMP2019",17,80.00,,,,0,,5
4/29/2019 0:00:00,"MBO","SMMP2019",11.8,80.00,,,,0,,5
4/30/2019 0:00:00,"MBO","SMMP2019",14,80.00,,,,0,,5
5/1/2019 0:00:00,"MBO","SMMP2019",14.8,80.00,,,,0,,5
5/2/2019 0:00:00,"MBO","SMMP2019",11.8,72.00,,,,0,,4.5
5/3/2019 0:00:00,"MBO","SMMP2019",5.2,48.00,,,,0,,3
5/4/2019 0:00:00,"MBO","SMMP2019",10,80.00,,,,0,,5
5/5/2019 0:00:00,"MBO","SMMP2019",17.5,80.00,,,,0,,5
5/6/2019 0:00:00,"MBO","SMMP2019",10.5,80.00,,,,0,,5
5/7/2019 0:00:00,"MBO","SMMP2019",16.5,80.00,,,,0,,5
5/8/2019 0:00:00,"MBO","SMMP2019",23.8,80.00,,,,0,,5
5/9/2019 0:00:00,"MBO","HUM2019_Spring",,,,,,0,,
5/9/2019 0:00:00,"MBO","SMMP2019",15.5,80.00,,,,0,,5
5/10/2019 0:00:00,"CHPR","MPLPROJECTS",,0.00,,,,0,,
5/10/2019 0:00:00,"MBO","SMMP2019",,,,,,0,,1
5/11/2019 0:00:00,"CHPR","MPLPROJECTS",,0.00,,,,0,,
5/11/2019 0:00:00,"MBO","SMMP2019",2,64.00,,,,0,,3
5/12/2019 0:00:00,"MBO","SMMP2019",16.2,80.00,,,,0,,5
5/13/2019 0:00:00,"MBO","SMMP2019",10.2,80.00,,,,0,,5
5/14/2019 0:00:00,"MBO","SMMP2019",2.5,,,,,0,,1.5
5/15/2019 0:00:00,"MBO","SMMP2019",11,80.00,,,,0,,5
5/16/2019 0:00:00,"MBO","HUM2019_Spring",,,,,,0,,
5/16/2019 0:00:00,"MBO","SMMP2019",17,80.00,,,,0,,5
5/17/2019 0:00:00,"MBO","HUM2019_Spring",,,,,,0,,
5/17/2019 0:00:00,"MBO","SMMP2019",5.5,40.00,,,,0,,3
5/18/2019 0:00:00,"MBO","SMMP2019",12,76.00,,,,0,,5
5/19/2019 0:00:00,"MBO","SMMP2019",7.2,,,,,0,,2.5
5/20/2019 0:00:00,"MBO","SMMP2019",6.5,80.00,,,,0,,4.5
5/21/2019 0:00:00,"MBO","SMMP2019",12.8,80.00,,,,0,,5
5/22/2019 0:00:00,"MBO","SMMP2019",11.5,80.00,,,,0,,5
5/23/2019 0:00:00,"CIBE","NEST2019",,0.00,,,,0,,
5/23/2019 0:00:00,"MBO","HUM2019_Spring",,,,,,0,,
5/23/2019 0:00:00,"MBO","SMMP2019",10,80.00,,,,0,,5
5/24/2019 0:00:00,"MBO","SMMP2019",11.5,80.00,,,,0,,5
5/25/2019 0:00:00,"MBO","SMMP2019",12.8,80.00,,,,0,,5
5/26/2019 0:00:00,"MBO","SMMP2019",11.5,72.00,,,,0,,4.5
5/27/2019 0:00:00,"MBO","SMMP2019",10.2,80.00,,,,0,,5
5/28/2019 0:00:00,"MBO","SMMP2019",15.2,80.00,,,,0,,5
5/29/2019 0:00:00,"MBO","SMMP2019",10.2,80.00,,,,0,,5
5/30/2019 0:00:00,"MBO","HUM2019_Spring",,,,,,0,,
5/30/2019 0:00:00,"MBO","SMMP2019",13.5,80.00,,,,0,,5
5/31/2019 0:00:00,"MBO","SMMP2019",8.2,80.00,,,,0,,4.5
6/1/2019 0:00:00,"MBO","SMMP2019",15.2,80.00,,,,0,,5
6/2/2019 0:00:00,"MBO","SMMP2019",,,,,,0,,1
6/3/2019 0:00:00,"MBO","SMMP2019",,,,,,0,,1
6/4/2019 0:00:00,"MBO","SMMP2019",,,,,,0,,1
6/5/2019 0:00:00,"MBO","SMMP2019",,,,,,0,,1
6/7/2019 0:00:00,"MBO","MAPS2019",,54.00,,,,0,,
6/8/2019 0:00:00,"BIGR","MAPS2019",,72.00,,,,0,,
6/12/2019 0:00:00,"MBO","MAPS2019",,54.00,,,,0,,
6/12/2019 0:00:00,"UDEM","PEFA",,0.00,,,,0,,
6/16/2019 0:00:00,"CIBE","NEST2019",,0.00,,,,0,,
6/16/2019 0:00:00,"MBO","NEST2019",,0.00,,,,0,,
6/17/2019 0:00:00,"BIGR","MAPS2019",,72.00,,,,0,,
6/21/2019 0:00:00,"MBO","MAPS2019",,54.00,,,,0,,
6/21/2019 0:00:00,"MBO","NEST2019",,0.00,,,,0,,
6/22/2019 0:00:00,"MRC","NEST2019",,0.00,,,,0,,
6/25/2019 0:00:00,"CIBE","NEST2019",,0.00,,,,0,,
6/25/2019 0:00:00,"MBO","NEST2019",,0.00,,,,0,,
6/27/2019 0:00:00,"BIGR","MAPS2019",,72.00,,,,0,,
6/28/2019 0:00:00,"ISB","NEST2019",,0.00,,,,0,,
6/28/2019 0:00:00,"SGDC","NEST2019",,0.00,,,,0,,
7/1/2019 0:00:00,"MRC","NEST2019",,0.00,,,,0,,
7/2/2019 0:00:00,"MBO","MAPS2019",,54.00,,,,0,,
7/3/2019 0:00:00,"CIBE","NEST2019",,0.00,,,,0,,
7/4/2019 0:00:00,"BIGR","MAPS2019",,72.00,,,,0,,
7/4/2019 0:00:00,"MBO","NEST2019",,0.00,,,,0,,
7/5/2019 0:00:00,"SGDC","NEST2019",,0.00,,,,0,,
7/10/2019 0:00:00,"ISB","NEST2019",,0.00,,,,0,,
7/10/2019 0:00:00,"MBO","MAPS2019",,54.00,,,,0,,
7/10/2019 0:00:00,"SGDC","NEST2019",,0.00,,,,0,,
7/15/2019 0:00:00,"BIGR","MAPS2019",,72.00,,,,0,,
7/15/2019 0:00:00,"SGDC","NEST2019",,0.00,,,,0,,
7/16/2019 0:00:00,"CIBE","NEST2019",,0.00,,,,0,,
7/16/2019 0:00:00,"MRC","NEST2019",,0.00,,,,0,,
7/18/2019 0:00:00,"NICH","NICHOIR",,0.00,,,,0,,
7/18/2019 0:00:00,"SGDC","NEST2019",,0.00,,,,0,,
7/19/2019 0:00:00,"PCC","NEST2019",,0.00,,,,0,,
7/21/2019 0:00:00,"MBO","MAPS2019",,45.00,,,,0,,
7/22/2019 0:00:00,"BIGR","MAPS2019",,72.00,,,,0,,
7/22/2019 0:00:00,"ISB","NEST2019",,0.00,,,,0,,
7/22/2019 0:00:00,"SGDC","NEST2019",,0.00,,,,0,,
7/24/2019 0:00:00,"MBO","NEST2019",,0.00,,,,0,,
7/29/2019 0:00:00,"PCC","NEST2019",,0.00,,,,0,,
7/30/2019 0:00:00,"MBO","MAPS2019",,54.00,,,,0,,
8/1/2019 0:00:00,"MBO","FMMP2019",15,80.00,,,,0,,5
8/2/2019 0:00:00,"BIGR","MAPS2019",,72.00,,,,0,,
8/2/2019 0:00:00,"MBO","FMMP2019",6,80.00,,,,0,,4.5
8/2/2019 0:00:00,"PCC","NEST2019",,0.00,,,,0,,
8/3/2019 0:00:00,"MBO","FMMP2019",9,80.00,,,,0,,5
8/4/2019 0:00:00,"MBO","FMMP2019",9,80.00,,,,0,,5
8/4/2019 0:00:00,"MBO","HUM2019_Fall",,0.00,,,,0,,
8/5/2019 0:00:00,"MBO","FMMP2019",9.5,80.00,,,,0,,5
8/6/2019 0:00:00,"MBO","FMMP2019",,80.00,,,,0,,3
8/6/2019 0:00:00,"MBO","HUM2019_Fall",,0.00,,,,0,,
8/7/2019 0:00:00,"MBO","FMMP2019",15,80.00,,,,0,,5
8/8/2019 0:00:00,"MBO","FMMP2019",14.5,68.00,,,,0,,4.5
8/8/2019 0:00:00,"MBO","HUM2019_Fall",,0.00,,,,0,,
8/9/2019 0:00:00,"MBO","FMMP2019",11.5,80.00,,,,0,,5
8/9/2019 0:00:00,"MBO","HUM2019_Fall",,0.00,,,,0,,
8/10/2019 0:00:00,"MBO","FMMP2019",11.8,80.00,,,,0,,5
8/10/2019 0:00:00,"MBO","HUM2019_Fall",,0.00,,,,0,,
8/11/2019 0:00:00,"MBO","FMMP2019",21.5,80.00,,,,0,,5
8/11/2019 0:00:00,"PCC","NEST2019",,0.00,,,,0,,
8/12/2019 0:00:00,"MBO","FMMP2019",9,72.00,,,,0,,4.5
8/13/2019 0:00:00,"MBO","FMMP2019",10.2,80.00,,,,0,,5
8/13/2019 0:00:00,"MBO","HUM2019_Fall",,0.00,,,,0,,
8/14/2019 0:00:00,"MBO","FMMP2019",18.5,80.00,,,,0,,5
8/14/2019 0:00:00,"NICH","NICHOIR",,0.00,,,,0,,
8/15/2019 0:00:00,"MBO","FMMP2019",13.8,80.00,,,,0,,5
8/15/2019 0:00:00,"MBO","HUM2019_Fall",,0.00,,,,0,,
8/16/2019 0:00:00,"MBO","FMMP2019",13.2,80.00,,,,0,,5
8/17/2019 0:00:00,"MBO","FMMP2019",6.5,80.00,,,,0,,4.5
8/18/2019 0:00:00,"MBO","FMMP2019",10,80.00,,,,0,,5
8/19/2019 0:00:00,"MBO","FMMP2019",9.8,72.00,,,,0,,4.5
8/19/2019 0:00:00,"MBO","HUM2019_Fall",,0.00,,,,0,,
8/20/2019 0:00:00,"MBO","FMMP2019",,80.00,,,,0,,3
8/20/2019 0:00:00,"MBO","HUM2019_Fall",,0.00,,,,0,,
8/21/2019 0:00:00,"MBO","FMMP2019",,64.00,,,,0,,2.5
8/22/2019 0:00:00,"MBO","FMMP2019",5.5,72.00,,,,0,,3.5
8/23/2019 0:00:00,"MBO","FMMP2019",12.5,80.00,,,,0,,5
8/23/2019 0:00:00,"MBO","HUM2019_Fall",,0.00,,,,0,,
8/24/2019 0:00:00,"MBO","FMMP2019",6,80.00,,,,0,,4.5
8/24/2019 0:00:00,"MBO","HUM2019_Fall",,0.00,,,,0,,
8/25/2019 0:00:00,"MBO","FMMP2019",16,80.00,,,,0,,5
8/25/2019 0:00:00,"MBO","HUM2019_Fall",,0.00,,,,0,,
8/26/2019 0:00:00,"MBO","FMMP2019",14.5,80.00,,,,0,,5
8/26/2019 0:00:00,"MBO","HUM2019_Fall",,0.00,,,,0,,
8/27/2019 0:00:00,"MBO","FMMP2019",9.2,80.00,,,,0,,5
8/27/2019 0:00:00,"MBO","HUM2019_Fall",,0.00,,,,0,,
8/28/2019 0:00:00,"MBO","FMMP2019",4,40.00,,,,0,,3
8/28/2019 0:00:00,"MBO","HUM2019_Fall",,0.00,,,,0,,
8/29/2019 0:00:00,"MBO","FMMP2019",15.8,80.00,,,,0,,5
8/30/2019 0:00:00,"MBO","FMMP2019",3.5,48.00,,,,0,,3
8/30/2019 0:00:00,"MBO","HUM2019_Fall",,0.00,,,,0,,
8/31/2019 0:00:00,"MBO","FMMP2019",8.2,80.00,,,,0,,4.5
8/31/2019 0:00:00,"MBO","HUM2019_Fall",,0.00,,,,0,,
9/1/2019 0:00:00,"MBO","FMMP2019",17,80.00,,,,0,,5
9/2/2019 0:00:00,"MBO","FMMP2019",2,,,,,0,,1.5
9/3/2019 0:00:00,"MBO","FMMP2019",,80.00,,,,0,,3
9/4/2019 0:00:00,"MBO","FMMP2019",3.5,56.00,,,,0,,3.5
9/5/2019 0:00:00,"MBO","FMMP2019",19.2,80.00,,,,0,,5
9/5/2019 0:00:00,"MBO","HUM2019_Fall",,0.00,,,,0,,
9/6/2019 0:00:00,"MBO","FMMP2019",9.5,80.00,,,,0,,5
9/7/2019 0:00:00,"MBO","FMMP2019",6.5,80.00,,,,0,,4.5
9/8/2019 0:00:00,"MBO","FMMP2019",13.5,80.00,,,,0,,5
9/9/2019 0:00:00,"MBO","FMMP2019",18.8,80.00,,,,0,,5
9/10/2019 0:00:00,"MBO","FMMP2019",13.2,80.00,,,,0,,5
9/11/2019 0:00:00,"MBO","FMMP2019",10.8,80.00,,,,0,,5
9/12/2019 0:00:00,"MBO","FMMP2019",16.2,80.00,,,,0,,5
9/13/2019 0:00:00,"MBO","FMMP2019",9.5,80.00,,,,0,,5
9/14/2019 0:00:00,"MBO","FMMP2019",3.5,24.00,,,,0,,2.5
9/15/2019 0:00:00,"MBO","FMMP2019",15.2,80.00,,,,0,,5
9/16/2019 0:00:00,"MBO","FMMP2019",12.5,80.00,,,,0,,5
9/17/2019 0:00:00,"MBO","FMMP2019",18,80.00,,,,0,,5
9/18/2019 0:00:00,"MBO","FMMP2019",9,80.00,,,,0,,5
9/19/2019 0:00:00,"MBO","FMMP2019",11.2,80.00,,,,0,,5
9/20/2019 0:00:00,"MBO","FMMP2019",19.8,80.00,,,,0,,5
9/21/2019 0:00:00,"MBO","FMMP2019",6,80.00,,,,0,,4.5
9/22/2019 0:00:00,"MBO","FMMP2019",22,80.00,,,,0,,5
9/23/2019 0:00:00,"MBO","FMMP2019",6,6.00,,,,0,,3
9/24/2019 0:00:00,"MBO","FMMP2019",11.5,64.00,,,,0,,4.5
9/25/2019 0:00:00,"MBO","FMMP2019",10.8,80.00,,,,0,,5
9/26/2019 0:00:00,"MBO","FMMP2019",6.8,51.00,,,,0,,4
9/26/2019 0:00:00,"MBO","OWLS2019",,91.00,,,,0,,
9/27/2019 0:00:00,"MBO","FMMP2019",14,80.00,,,,0,,5
9/27/2019 0:00:00,"MBO","OWLS2019",,112.00,,,,0,,
9/28/2019 0:00:00,"MBO","FMMP2019",6.8,28.00,,,,0,,3.5
9/28/2019 0:00:00,"MBO","OWLS2019",,112.00,,,,0,,
9/29/2019 0:00:00,"MBO","FMMP2019",17.2,70.00,,,,0,,4.5
9/29/2019 0:00:00,"MBO","OWLS2019",,112.00,,,,0,,
9/30/2019 0:00:00,"MBO","FMMP2019",15.5,70.00,,,,0,,4.5
9/30/2019 0:00:00,"MBO","OWLS2019",,59.50,,,,0,,
10/1/2019 0:00:00,"MBO","FMMP2019",8,45.50,,,,0,,3.5
10/2/2019 0:00:00,"MBO","FMMP2019",,70.00,,,,0,,2.5
10/2/2019 0:00:00,"MBO","OWLS2019",,112.00,,,,0,,
10/3/2019 0:00:00,"MBO","FMMP2019",12,70.00,,,,0,,4.5
10/4/2019 0:00:00,"MBO","FMMP2019",6.2,80.00,,,,0,,4.5
10/4/2019 0:00:00,"MBO","OWLS2019",,115.50,,,,0,,
10/5/2019 0:00:00,"MBO","FMMP2019",7.8,80.00,,,,0,,4.5
10/5/2019 0:00:00,"MBO","OWLS2019",,115.50,,,,0,,
10/6/2019 0:00:00,"MBO","FMMP2019",10.5,80.00,,,,0,,5
10/7/2019 0:00:00,"MBO","FMMP2019",1,,,,,0,,1.5
10/7/2019 0:00:00,"MBO","OWLS2019",,115.50,,,,0,,
10/8/2019 0:00:00,"MBO","FMMP2019",8.2,80.00,,,,0,,4.5
10/8/2019 0:00:00,"MBO","OWLS2019",,115.50,,,,0,,
10/9/2019 0:00:00,"MBO","FMMP2019",10.2,80.00,,,,0,,5
10/9/2019 0:00:00,"MBO","OWLS2019",,115.50,,,,0,,
10/10/2019 0:00:00,"MBO","FMMP2019",14,80.00,,,,0,,5
10/10/2019 0:00:00,"MBO","OWLS2019",,121.38,,,,0,,
10/11/2019 0:00:00,"MBO","FMMP2019",,74.00,,,,0,,2.5
10/11/2019 0:00:00,"MBO","OWLS2019",,122.50,,,,0,,
10/12/2019 0:00:00,"MBO","FMMP2019",12.8,80.00,,,,0,,5
10/13/2019 0:00:00,"MBO","FMMP2019",9.5,80.00,,,,0,,5
10/13/2019 0:00:00,"MBO","OWLS2019",,122.50,,,,0,,
10/14/2019 0:00:00,"MBO","FMMP2019",14,80.00,,,,0,,5
10/14/2019 0:00:00,"MBO","OWLS2019",,122.50,,,,0,,
10/15/2019 0:00:00,"MBO","FMMP2019",11,68.00,,,,0,,4.5
10/15/2019 0:00:00,"MBO","OWLS2019",,122.50,,,,0,,
10/16/2019 0:00:00,"MBO","FMMP2019",10,60.00,,,,0,,4.5
10/17/2019 0:00:00,"MBO","FMMP2019",,,,,,0,,1
10/18/2019 0:00:00,"MBO","FMMP2019",7,80.00,,,,0,,4.5
10/18/2019 0:00:00,"MBO","OWLS2019",,129.50,,,,0,,
10/19/2019 0:00:00,"MBO","FMMP2019",13.2,80.00,,,,0,,5
10/19/2019 0:00:00,"MBO","OWLS2019",,129.50,,,,0,,
10/20/2019 0:00:00,"MBO","FMMP2019",12,80.00,,,,0,,5
10/20/2019 0:00:00,"MBO","OWLS2019",,63.00,,,,0,,
10/21/2019 0:00:00,"MBO","FMMP2019",21,80.00,,,,0,,5
10/21/2019 0:00:00,"MBO","OWLS2019",,63.00,,,,0,,
10/22/2019 0:00:00,"MBO","FMMP2019",16.2,72.25,,,,0,,4.5
10/23/2019 0:00:00,"MBO","FMMP2019",10.2,71.00,,,,0,,4.5
10/23/2019 0:00:00,"MBO","OWLS2019",,95.62,,,,0,,
10/24/2019 0:00:00,"MBO","FMMP2019",10.2,72.00,,,,0,,4.5
10/25/2019 0:00:00,"MBO","FMMP2019",12.5,80.00,,,,0,,5
10/25/2019 0:00:00,"MBO","OWLS2019",,133.00,,,,0,,
10/26/2019 0:00:00,"MBO","FMMP2019",10.5,80.00,,,,0,,5
10/26/2019 0:00:00,"MBO","OWLS2019",,133.00,,,,0,,
10/27/2019 0:00:00,"MBO","FMMP2019",,,,,,0,,1
10/27/2019 0:00:00,"MBO","OWLS2019",,66.50,,,,0,,
10/28/2019 0:00:00,"MBO","FMMP2019",,80.00,,,,0,,3
10/28/2019 0:00:00,"MBO","OWLS2019",,133.00,,,,0,,
10/29/2019 0:00:00,"MBO","FMMP2019",11.5,80.00,,,,0,,5
10/29/2019 0:00:00,"MBO","OWLS2019",,133.00,,,,0,,
10/30/2019 0:00:00,"MBO","FMMP2019",13,80.00,,,,0,,5
10/30/2019 0:00:00,"MBO","OWLS2019",,88.62,,,,0,,
10/31/2019 0:00:00,"MBO","FMMP2019",7.8,47.00,,,,0,,3.5
11/1/2019 0:00:00,"MBO","FMMP2019",2,,,,,0,,1.5
11/1/2019 0:00:00,"MBO","OWLS2019",,70.00,,,,0,,
11/2/2019 0:00:00,"MBO","FMMP2019",13,80.00,,,,0,,5
11/2/2019 0:00:00,"MBO","OWLS2019",,89.88,,,,0,,
11/3/2019 0:00:00,"MBO","FMMP2019",13.2,80.00,,,,0,,5
11/3/2019 0:00:00,"MBO","OWLS2019",,136.50,,,,0,,
11/4/2019 0:00:00,"MBO","FMMP2019",14,80.00,,,,0,,5
11/4/2019 0:00:00,"MBO","OWLS2019",,136.50,,,,0,,
11/5/2019 0:00:00,"MBO","FMMP2019",4.8,,,,,0,,2
11/5/2019 0:00:00,"MBO","OWLS2019",,136.50,,,,0,,
11/6/2019 0:00:00,"MBO","FMMP2019",16.2,80.00,,,,0,,5
11/6/2019 0:00:00,"MBO","OWLS2019",,77.00,,,,0,,
11/9/2019 0:00:00,"MBO","WINTER2019-20",,9.00,,,,0,,
11/14/2019 0:00:00,"MBO","WINTER2019-20",0,0.00,0,0,0,0,0,0
11/17/2019 0:00:00,"MBO","WINTER2019-20",,,,,,0,,
11/19/2019 0:00:00,"MBO","WINTER2019-20",,,,,,0,,
11/20/2019 0:00:00,"OTAI","OTAI",,0.00,,,,0,,
11/21/2019 0:00:00,"MBO","WINTER2019-20",,,,,,0,,
11/22/2019 0:00:00,"OTAI","OTAI",,0.00,,,,0,,
11/23/2019 0:00:00,"MBO","WINTER2019-20",6.5,10.50,,,,0,,
11/24/2019 0:00:00,"MBO","WINTER2019-20",,,,,,0,,
11/26/2019 0:00:00,"MBO","WINTER2019-20",11,16.50,,,,0,,
11/28/2019 0:00:00,"MBO","WINTER2019-20",,,,,,0,,
12/1/2019 0:00:00,"MBO","WINTER2019-20",,,,,,0,,
12/2/2019 0:00:00,"OTAI","OTAI",,0.00,,,,0,,
12/4/2019 0:00:00,"MBO","WINTER2019-20",,,,,,0,,
12/5/2019 0:00:00,"MBO","WINTER2019-20",,11.25,,,,0,,
12/6/2019 0:00:00,"OTAI","OTAI",,0.00,,,,0,,
12/7/2019 0:00:00,"MBO","WINTER2019-20",0,0.00,0,0,0,0,0,0
12/8/2019 0:00:00,"MBO","WINTER2019-20",,,,,,0,,
12/10/2019 0:00:00,"OTAI","OTAI",,0.00,,,,0,,
12/12/2019 0:00:00,"MBO","WINTER2019-20",,,,,,0,,
12/13/2019 0:00:00,"MBO","WINTER2019-20",,11.25,,,,0,,
12/15/2019 0:00:00,"MBO","WINTER2019-20",,,,,,0,,
12/16/2019 0:00:00,"OTAI","OTAI",,0.00,,,,0,,
12/17/2019 0:00:00,"MBO","WINTER2019-20",,,,,,0,,
12/19/2019 0:00:00,"MBO","WINTER2019-20",,,,,,0,,
12/22/2019 0:00:00,"MBO","WINTER2019-20",,,,,,0,,
12/26/2019 0:00:00,"MBO","WINTER2019-20",,,,,,0,,
12/29/2019 0:00:00,"MBO","WINTER2019-20",,,,,,0,,
1/2/2020 0:00:00,"SHER","SNBU2019-20",,0.00,,,,0,,
1/3/2020 0:00:00,"MBO","WINTER2019-20",,,,,,0,,
1/4/2020 0:00:00,"MBO","WINTER2019-20",4,15.00,,,,0,,
1/4/2020 0:00:00,"STRO","SNBU2019-20",,0.00,,,,0,,
1/5/2020 0:00:00,"MBO","WINTER2019-20",,,,,,0,,
1/5/2020 0:00:00,"STRO","SNBU2019-20",,0.00,,,,0,,
1/6/2020 0:00:00,"MIR","SNBU2019-20",,0.00,,,,0,,
1/6/2020 0:00:00,"STRO","SNBU2019-20",,0.00,,,,0,,
1/8/2020 0:00:00,"MBO","WINTER2019-20",,,,,,0,,
1/8/2020 0:00:00,"STRO","SNBU2019-20",,0.00,,,,0,,
1/9/2020 0:00:00,"MBO","WINTER2019-20",,,,,,0,,
1/9/2020 0:00:00,"MIR","SNBU2019-20",,0.00,,,,0,,
1/9/2020 0:00:00,"STRO","SNBU2019-20",,0.00,,,,0,,
1/10/2020 0:00:00,"MBO","WINTER2019-20",,7.50,,,,0,,
1/10/2020 0:00:00,"MIR","SNBU2019-20",,0.00,,,,0,,
1/10/2020 0:00:00,"MTCH","SNBU2019-20",,0.00,,,,0,,
1/10/2020 0:00:00,"STRO","SNBU2019-20",,0.00,,,,0,,
1/13/2020 0:00:00,"MIR","SNBU2019-20",,0.00,,,,0,,
1/13/2020 0:00:00,"MTCH","SNBU2019-20",,0.00,,,,0,,
1/13/2020 0:00:00,"SHER","SNBU2019-20",,0.00,,,,0,,
1/14/2020 0:00:00,"MBO","WINTER2019-20",,,,,,0,,
1/14/2020 0:00:00,"MTCH","SNBU2019-20",,0.00,,,,0,,
1/14/2020 0:00:00,"SHER","SNBU2019-20",,0.00,,,,0,,
1/15/2020 0:00:00,"MTCH","SNBU2019-20",,0.00,,,,0,,
1/15/2020 0:00:00,"SHER","SNBU2019-20",,0.00,,,,0,,
1/16/2020 0:00:00,"MBO","WINTER2019-20",,,,,,0,,
1/16/2020 0:00:00,"STRO","SNBU2019-20",,0.00,,,,0,,
1/17/2020 0:00:00,"MIR","SNBU2019-20",,0.00,,,,0,,
1/17/2020 0:00:00,"MTCH","SNBU2019-20",,0.00,,,,0,,
1/17/2020 0:00:00,"SHER","SNBU2019-20",,0.00,,,,0,,
1/17/2020 0:00:00,"STRO","SNBU2019-20",,0.00,,,,0,,
1/18/2020 0:00:00,"MIR","SNBU2019-20",,0.00,,,,0,,
1/18/2020 0:00:00,"SHER","SNBU2019-20",,0.00,,,,0,,
1/18/2020 0:00:00,"STRO","SNBU2019-20",,0.00,,,,0,,
1/19/2020 0:00:00,"MBO","WINTER2019-20",,,,,,0,,
1/19/2020 0:00:00,"MIR","SNBU2019-20",,0.00,,,,0,,
1/20/2020 0:00:00,"MTCH","SNBU2019-20",,0.00,,,,0,,
1/20/2020 0:00:00,"SHER","SNBU2019-20",,0.00,,,,0,,
1/21/2020 0:00:00,"MTCH","SNBU2019-20",,0.00,,,,0,,
1/22/2020 0:00:00,"MBO","WINTER2019-20",,,,,,0,,
1/22/2020 0:00:00,"MIR","SNBU2019-20",,0.00,,,,0,,
1/22/2020 0:00:00,"MTCH","SNBU2019-20",,0.00,,,,0,,
1/22/2020 0:00:00,"SHER","SNBU2019-20",,0.00,,,,0,,
1/23/2020 0:00:00,"MBO","WINTER2019-20",,,,,,0,,
1/24/2020 0:00:00,"MTCH","SNBU2019-20",,0.00,,,,0,,
1/24/2020 0:00:00,"SHER","SNBU2019-20",,0.00,,,,0,,
1/25/2020 0:00:00,"MTCH","SNBU2019-20",,0.00,,,,0,,
1/25/2020 0:00:00,"SHER","SNBU2019-20",,0.00,,,,0,,
1/26/2020 0:00:00,"MBO","WINTER2019-20",,,,,,0,,
1/26/2020 0:00:00,"MIR","SNBU2019-20",,0.00,,,,0,,
1/26/2020 0:00:00,"MTCH","SNBU2019-20",,0.00,,,,0,,
1/27/2020 0:00:00,"MTCH","SNBU2019-20",,0.00,,,,0,,
1/27/2020 0:00:00,"STRO","SNBU2019-20",,0.00,,,,0,,
1/28/2020 0:00:00,"MTCH","SNBU2019-20",,0.00,,,,0,,
1/28/2020 0:00:00,"STRO","SNBU2019-20",,0.00,,,,0,,
1/29/2020 0:00:00,"SHER","SNBU2019-20",,0.00,,,,0,,
1/29/2020 0:00:00,"STRO","SNBU2019-20",,0.00,,,,0,,
1/30/2020 0:00:00,"MBO","WINTER2019-20",,,,,,0,,
1/30/2020 0:00:00,"MTCH","SNBU2019-20",,0.00,,,,0,,
1/30/2020 0:00:00,"SHER","SNBU2019-20",,0.00,,,,0,,
1/30/2020 0:00:00,"STRO","SNBU2019-20",,0.00,,,,0,,
1/31/2020 0:00:00,"MTCH","SNBU2019-20",,0.00,,,,0,,
1/31/2020 0:00:00,"SHER","SNBU2019-20",,0.00,,,,0,,
1/31/2020 0:00:00,"STRO","SNBU2019-20",,0.00,,,,0,,
2/1/2020 0:00:00,"MBO","WINTER2019-20",,,,,,0,,
2/1/2020 0:00:00,"MTCH","SNBU2019-20",,0.00,,,,0,,
2/1/2020 0:00:00,"SHER","SNBU2019-20",,0.00,,,,0,,
2/2/2020 0:00:00,"MBO","WINTER2019-20",,,,,,0,,
2/2/2020 0:00:00,"MTCH","SNBU2019-20",,0.00,,,,0,,
2/3/2020 0:00:00,"MTCH","SNBU2019-20",,0.00,,,,0,,
2/3/2020 0:00:00,"STRO","SNBU2019-20",,0.00,,,,0,,
2/4/2020 0:00:00,"MTCH","SNBU2019-20",,0.00,,,,0,,
2/4/2020 0:00:00,"STRO","SNBU2019-20",,0.00,,,,0,,
2/5/2020 0:00:00,"MTCH","SNBU2019-20",,0.00,,,,0,,
2/5/2020 0:00:00,"SHER","SNBU2019-20",,0.00,,,,0,,
2/5/2020 0:00:00,"STRO","SNBU2019-20",,0.00,,,,0,,
2/6/2020 0:00:00,"MBO","WINTER2019-20",,,,,,0,,
2/6/2020 0:00:00,"MIR","SNBU2019-20",,0.00,,,,0,,
2/7/2020 0:00:00,"MIR","SNBU2019-20",,0.00,,,,0,,
2/8/2020 0:00:00,"MIR","SNBU2019-20",,0.00,,,,0,,
2/8/2020 0:00:00,"MTCH","SNBU2019-20",,0.00,,,,0,,
2/9/2020 0:00:00,"MBO","WINTER2019-20",,,,,,0,,
2/9/2020 0:00:00,"MTCH","SNBU2019-20",,0.00,,,,0,,
2/10/2020 0:00:00,"MIR","SNBU2019-20",,0.00,,,,0,,
2/10/2020 0:00:00,"MTCH","SNBU2019-20",,0.00,,,,0,,
2/11/2020 0:00:00,"MTCH","SNBU2019-20",,0.00,,,,0,,
2/11/2020 0:00:00,"SHER","SNBU2019-20",,0.00,,,,0,,
2/11/2020 0:00:00,"STRO","SNBU2019-20",,0.00,,,,0,,
2/12/2020 0:00:00,"MTCH","SNBU2019-20",,0.00,,,,0,,
2/12/2020 0:00:00,"STRO","SNBU2019-20",,0.00,,,,0,,
2/13/2020 0:00:00,"MBO","WINTER2019-20",0,0.00,0,0,0,0,0,0
2/13/2020 0:00:00,"STRO","SNBU2019-20",,0.00,,,,0,,
2/14/2020 0:00:00,"MTCH","SNBU2019-20",,0.00,,,,0,,
2/14/2020 0:00:00,"STRO","SNBU2019-20",,0.00,,,,0,,
2/15/2020 0:00:00,"MIR","SNBU2019-20",,0.00,,,,0,,
2/15/2020 0:00:00,"MTCH","SNBU2019-20",,0.00,,,,0,,
2/15/2020 0:00:00,"STRO","SNBU2019-20",,0.00,,,,0,,
2/16/2020 0:00:00,"MBO","WINTER2019-20",,,,,,0,,
2/16/2020 0:00:00,"MTCH","SNBU2019-20",,0.00,,,,0,,
2/17/2020 0:00:00,"MTCH","SNBU2019-20",,0.00,,,,0,,
2/17/2020 0:00:00,"SHER","SNBU2019-20",,0.00,,,,0,,
2/17/2020 0:00:00,"STRO","SNBU2019-20",,0.00,,,,0,,
2/18/2020 0:00:00,"MTCH","SNBU2019-20",,0.00,,,,0,,
2/18/2020 0:00:00,"SHER","SNBU2019-20",,0.00,,,,0,,
2/18/2020 0:00:00,"STRO","SNBU2019-20",,0.00,,,,0,,
2/19/2020 0:00:00,"STRO","SNBU2019-20",,0.00,,,,0,,
2/20/2020 0:00:00,"MBO","WINTER2019-20",,,,,,0,,
2/20/2020 0:00:00,"MIR","SNBU2019-20",,0.00,,,,0,,
2/20/2020 0:00:00,"SHER","SNBU2019-20",,0.00,,,,0,,
2/20/2020 0:00:00,"STRO","SNBU2019-20",,0.00,,,,0,,
2/21/2020 0:00:00,"MIR","SNBU2019-20",,0.00,,,,0,,
2/21/2020 0:00:00,"MTCH","SNBU2019-20",,0.00,,,,0,,
2/21/2020 0:00:00,"SHER","SNBU2019-20",,0.00,,,,0,,
2/22/2020 0:00:00,"MTCH","SNBU2019-20",,0.00,,,,0,,
2/22/2020 0:00:00,"SHER","SNBU2019-20",,0.00,,,,0,,
2/23/2020 0:00:00,"MBO","WINTER2019-20",,,,,,0,,
2/23/2020 0:00:00,"MTCH","SNBU2019-20",,0.00,,,,0,,
2/24/2020 0:00:00,"SHER","SNBU2019-20",,0.00,,,,0,,
2/25/2020 0:00:00,"MBO","WINTER2019-20",1,3.00,,,,0,,
2/28/2020 0:00:00,"MBO","WINTER2019-20",,,,,,0,,
2/28/2020 0:00:00,"MIR","SNBU2019-20",,0.00,,,,0,,
2/28/2020 0:00:00,"STRO","SNBU2019-20",,0.00,,,,0,,
2/29/2020 0:00:00,"MIR","SNBU2019-20",,0.00,,,,0,,
2/29/2020 0:00:00,"MTCH","SNBU2019-20",,0.00,,,,0,,
2/29/2020 0:00:00,"SHER","SNBU2019-20",,0.00,,,,0,,
2/29/2020 0:00:00,"STRO","SNBU2019-20",,0.00,,,,0,,
3/1/2020 0:00:00,"MBO","WINTER2019-20",,,,,,0,,
3/1/2020 0:00:00,"MIR","SNBU2019-20",,0.00,,,,0,,
3/1/2020 0:00:00,"MTCH","SNBU2019-20",,0.00,,,,0,,
3/1/2020 0:00:00,"SHER","SNBU2019-20",,0.00,,,,0,,
3/1/2020 0:00:00,"STRO","SNBU2019-20",,0.00,,,,0,,
3/2/2020 0:00:00,"MTCH","SNBU2019-20",,0.00,,,,0,,
3/2/2020 0:00:00,"STRO","SNBU2019-20",,0.00,,,,0,,
3/3/2020 0:00:00,"MBO","WINTER2019-20",2,9.00,,,,0,,
3/4/2020 0:00:00,"STRO","SNBU2019-20",,0.00,,,,0,,
3/5/2020 0:00:00,"MBO","WINTER2019-20",,,,,,0,,
3/6/2020 0:00:00,"MTCH","SNBU2019-20",,0.00,,,,0,,
3/8/2020 0:00:00,"MBO","WINTER2019-20",,,,,,0,,
3/9/2020 0:00:00,"MBO","WINTER2019-20",,,,,,0,,
3/11/2020 0:00:00,"MBO","WINTER2019-20",,,,,,0,,
3/11/2020 0:00:00,"STRO","SNBU2019-20",,0.00,,,,0,,
3/12/2020 0:00:00,"MBO","WINTER2019-20",,,,,,0,,
3/15/2020 0:00:00,"MBO","WINTER2019-20",,,,,,0,,
3/19/2020 0:00:00,"MBO","WINTER2019-20",,,,,,0,,
3/21/2020 0:00:00,"MBO","WINTER2019-20",,,,,,0,,
3/22/2020 0:00:00,"MBO","WINTER2019-20",,,,,,0,,
3/25/2020 0:00:00,"MBO","WINTER2019-20",,,,,,0,,
3/27/2020 0:00:00,"MBO","WINTER2019-20",,,,,,0,,
3/28/2020 0:00:00,"MBO","SMMP2020",,,,,,0,,1
3/29/2020 0:00:00,"MBO","SMMP2020",,,,,,0,,1
3/30/2020 0:00:00,"MBO","SMMP2020",,,,,,0,,1
3/31/2020 0:00:00,"MBO","SMMP2020",,,,,,0,,1
4/1/2020 0:00:00,"MBO","SMMP2020",,,,,,0,,1
4/2/2020 0:00:00,"MBO","SMMP2020",,,,,,0,,1
4/3/2020 0:00:00,"MBO","SMMP2020",,,,,,0,,1
4/4/2020 0:00:00,"MBO","SMMP2020",,,,,,0,,1
4/5/2020 0:00:00,"MBO","SMMP2020",,,,,,0,,1
4/6/2020 0:00:00,"MBO","SMMP2020",,,,,,0,,1
4/7/2020 0:00:00,"MBO","SMMP2020",,,,,,0,,1
4/8/2020 0:00:00,"MBO","SMMP2020",,,,,,0,,1
4/9/2020 0:00:00,"MBO","SMMP2020",,,,,,0,,1
4/10/2020 0:00:00,"MBO","SMMP2020",,,,,,0,,1
4/11/2020 0:00:00,"MBO","SMMP2020",,,,,,0,,1
4/12/2020 0:00:00,"MBO","SMMP2020",,,,,,0,,1
4/13/2020 0:00:00,"MBO","SMMP2020",,,,,,0,,1
4/14/2020 0:00:00,"MBO","SMMP2020",,,,,,0,,1
4/15/2020 0:00:00,"MBO","SMMP2020",,,,,,0,,1
4/16/2020 0:00:00,"MBO","SMMP2020",,,,,,0,,1
4/17/2020 0:00:00,"MBO","SMMP2020",,,,,,0,,1
4/18/2020 0:00:00,"MBO","SMMP2020",,,,,,0,,1
4/19/2020 0:00:00,"MBO","SMMP2020",,,,,,0,,1
4/20/2020 0:00:00,"MBO","SMMP2020",,,,,,0,,1
4/21/2020 0:00:00,"MBO","SMMP2020",,,,,,0,,1
4/22/2020 0:00:00,"MBO","SMMP2020",,,,,,0,,1
4/23/2020 0:00:00,"MBO","SMMP2020",,,,,,0,,1
4/24/2020 0:00:00,"MBO","SMMP2020",,,,,,0,,1
4/25/2020 0:00:00,"MBO","SMMP2020",,,,,,0,,1
4/26/2020 0:00:00,"MBO","SMMP2020",,,,,,0,,1
4/27/2020 0:00:00,"MBO","SMMP2020",,,,,,0,,1
4/28/2020 0:00:00,"MBO","SMMP2020",,,,,,0,,1
4/29/2020 0:00:00,"MBO","SMMP2020",,,,,,0,,1
4/30/2020 0:00:00,"MBO","SMMP2020",,,,,,0,,1
5/1/2020 0:00:00,"MBO","SMMP2020",,,,,,0,,1
5/2/2020 0:00:00,"MBO","SMMP2020",,,,,,0,,1
5/3/2020 0:00:00,"MBO","SMMP2020",,,,,,0,,1
5/4/2020 0:00:00,"MBO","SMMP2020",,,,,,0,,1
5/5/2020 0:00:00,"MBO","SMMP2020",0.5,,,,,0,,1.5
5/6/2020 0:00:00,"MBO","SMMP2020",,,,,,0,,1
5/7/2020 0:00:00,"MBO","SMMP2020",,,,,,0,,1
5/8/2020 0:00:00,"MBO","SMMP2020",1,,,,,0,,1.5
5/9/2020 0:00:00,"MBO","SMMP2020",,,,,,0,,1
5/10/2020 0:00:00,"MBO","SMMP2020",,,,,,0,,1
5/11/2020 0:00:00,"MBO","SMMP2020",,,,,,0,,1
5/12/2020 0:00:00,"MBO","SMMP2020",,,,,,0,,1
5/13/2020 0:00:00,"MBO","SMMP2020",,,,,,0,,1
5/14/2020 0:00:00,"MBO","SMMP2020",,,,,,0,,1
5/15/2020 0:00:00,"MBO","SMMP2020",,,,,,0,,1
5/16/2020 0:00:00,"MBO","SMMP2020",0.5,,,,,0,,1.5
5/17/2020 0:00:00,"MBO","SMMP2020",,,,,,0,,1
5/18/2020 0:00:00,"MBO","SMMP2020",,,,,,0,,1
5/19/2020 0:00:00,"MBO","SMMP2020",0.5,,,,,0,,1.5
5/20/2020 0:00:00,"MBO","SMMP2020",,,,,,0,,1
5/21/2020 0:00:00,"MBO","SMMP2020",,,,,,0,,1
5/22/2020 0:00:00,"MBO","SMMP2020",,,,,,0,,1
5/23/2020 0:00:00,"MBO","SMMP2020",,,,,,0,,1
5/24/2020 0:00:00,"DECO","NEST2020",,,,,,0,,
5/24/2020 0:00:00,"MBO","SMMP2020",1,,,,,0,,1.5
5/25/2020 0:00:00,"MBO","SMMP2020",,,,,,0,,1
5/26/2020 0:00:00,"MBO","SMMP2020",1,,,,,0,,1.5
5/27/2020 0:00:00,"MBO","SMMP2020",,,,,,0,,1
5/28/2020 0:00:00,"MBO","SMMP2020",,,,,,0,,1
5/29/2020 0:00:00,"MBO","SMMP2020",,,,,,0,,1
5/30/2020 0:00:00,"MBO","SMMP2020",0.5,,,,,0,,1.5
5/31/2020 0:00:00,"MBO","SMMP2020",0.5,,,,,0,,1.5
6/1/2020 0:00:00,"MBO","SMMP2020",,,,,,0,,1
6/2/2020 0:00:00,"MBO","SMMP2020",1,,,,,0,,1.5
6/3/2020 0:00:00,"MBO","SMMP2020",,,,,,0,,1
6/4/2020 0:00:00,"MBO","SMMP2020",,,,,,0,,1
6/5/2020 0:00:00,"MBO","SMMP2020",,,,,,0,,1
6/9/2020 0:00:00,"CIBE","NEST2020",,,,,,0,,
6/11/2020 0:00:00,"MBO","MAPS2020",2,0.00,,,,0,,
6/12/2020 0:00:00,"MBO","MAPS2020",,54.00,,,,0,,
6/13/2020 0:00:00,"BIGR","MAPS2020",,54.00,,,,0,,
6/14/2020 0:00:00,"MBO","MAPS2020",,,,,,0,,
6/16/2020 0:00:00,"UDEM","PEFA",,,,,,0,,
6/17/2020 0:00:00,"BIGR","MAPS2020",,54.00,,,,0,,
6/19/2020 0:00:00,"CIBE","NEST2020",,,,,,0,,
6/19/2020 0:00:00,"MBO","MAPS2020",,54.00,,,,0,,
6/19/2020 0:00:00,"SGDC","Nest2020",,,,,,0,,
6/21/2020 0:00:00,"PCC","Nest2020",,,,,,0,,
6/22/2020 0:00:00,"CIBE","NEST2020",,,,,,0,,
6/22/2020 0:00:00,"SGDC","NEST2020",,,,,,0,,
6/26/2020 0:00:00,"BIGR","MAPS2020",,54.00,,,,0,,
6/28/2020 0:00:00,"PCC","Nest2020",,,,,,0,,
6/30/2020 0:00:00,"MBO","MAPS2020",,54.00,,,,0,,
6/30/2020 0:00:00,"SGDC","Nest2020",,,,,,0,,
7/2/2020 0:00:00,"SGDC","Nest2020",,,,,,0,,
7/3/2020 0:00:00,"FAPR","PEFA",,,,,,0,,
7/3/2020 0:00:00,"ISB","Nest2020",,,,,,0,,
7/3/2020 0:00:00,"MBO","NEST2020",,,,,,0,,
7/4/2020 0:00:00,"BIGR","MAPS2020",,54.00,,,,0,,
7/5/2020 0:00:00,"MBO","MAPS2020",,54.00,,,,0,,
7/6/2020 0:00:00,"ISB","Nest2020",,,,,,0,,
7/7/2020 0:00:00,"PCC","Nest2020",,,,,,0,,
7/7/2020 0:00:00,"SGDC","Nest2020",,,,,,0,,
7/8/2020 0:00:00,"BdF","Nest2020",,,,,,0,,
7/8/2020 0:00:00,"TR","Nest2020",,,,,,0,,
7/9/2020 0:00:00,"ISB","NEST2020",,,,,,0,,
7/9/2020 0:00:00,"PCC","NEST2020",,,,,,0,,
7/9/2020 0:00:00,"SGDC","Nest2020",,,,,,0,,
7/10/2020 0:00:00,"BdF","Nest2020",,,,,,0,,
7/10/2020 0:00:00,"TR","NEST2020",,,,,,0,,
7/11/2020 0:00:00,"PCC","Nest2020",,,,,,0,,
7/13/2020 0:00:00,"MBO","MAPS2020",,54.00,,,,0,,
7/13/2020 0:00:00,"PCC","Nest2020",,,,,,0,,
7/13/2020 0:00:00,"SGDC","Nest2020",,,,,,0,,
7/14/2020 0:00:00,"BDF","NEST2020",,,,,,0,,
7/15/2020 0:00:00,"BIGR","MAPS2020",,54.00,,,,0,,
7/15/2020 0:00:00,"ISB","Nest2020",,,,,,0,,
7/15/2020 0:00:00,"PCC","Nest2020",,,,,,0,,
7/16/2020 0:00:00,"SGDC","Nest2020",,,,,,0,,
7/20/2020 0:00:00,"PCC","Nest2020",,,,,,0,,
7/21/2020 0:00:00,"SGDC","Nest2020",,,,,,0,,
7/22/2020 0:00:00,"MBO","MAPS2020",,54.00,,,,0,,
7/24/2020 0:00:00,"MBO","MAPS2020",,,,,,0,,
7/25/2020 0:00:00,"BIGR","MAPS2020",,54.00,,,,0,,
7/27/2020 0:00:00,"PCC","Nest2020",,,,,,0,,
7/28/2020 0:00:00,"ISB","Nest2020",,,,,,0,,
7/28/2020 0:00:00,"SGDC","Nest2020",,,,,,0,,
7/30/2020 0:00:00,"MBO","MAPS2020",,54.00,,,,0,,
7/31/2020 0:00:00,"BIGR","MAPS2020",,54.00,,,,0,,
8/1/2020 0:00:00,"MBO","FMMP2020",10,80.00,,,,0,,5
8/1/2020 0:00:00,"MBO","HUM2020_Fall",,,,,,0,,
8/2/2020 0:00:00,"MBO","FMMP2020",7,56.00,,,,0,,4
8/2/2020 0:00:00,"MBO","HUM2020_Fall",,,,,,0,,
8/3/2020 0:00:00,"MBO","FMMP2020",5,56.00,,,,0,,3.5
8/4/2020 0:00:00,"MBO","FMMP2020",3,24.00,,,,0,,2.5
8/5/2020 0:00:00,"MBO","FMMP2020",6,44.00,,,,0,,3.5
8/5/2020 0:00:00,"MBO","HUM2020_Fall",,,,,,0,,
8/6/2020 0:00:00,"MBO","FMMP2020",13,80.00,,,,0,,5
8/6/2020 0:00:00,"MBO","HUM2020_Fall",,,,,,0,,
8/7/2020 0:00:00,"MBO","FMMP2020",9.3,80.00,,,,0,,5
8/8/2020 0:00:00,"MBO","FMMP2020",11.8,76.00,,,,0,,5
8/8/2020 0:00:00,"MBO","HUM2020_Fall",,,,,,0,,
8/9/2020 0:00:00,"MBO","FMMP2020",15,80.00,,,,0,,5
8/10/2020 0:00:00,"MBO","FMMP2020",10.5,80.00,,,,0,,5
8/11/2020 0:00:00,"MBO","FMMP2020",10,80.00,,,,0,,5
8/11/2020 0:00:00,"MBO","HUM2020_Fall",,,,,,0,,
8/12/2020 0:00:00,"MBO","FMMP2020",10.2,80.00,,,,0,,5
8/13/2020 0:00:00,"MBO","FMMP2020",13,80.00,,,,0,,5
8/13/2020 0:00:00,"MBO","HUM2020_Fall",,,,,,0,,
8/14/2020 0:00:00,"MBO","FMMP2020",9.5,80.00,,,,0,,5
8/14/2020 0:00:00,"MBO","HUM2020_Fall",,,,,,0,,
8/15/2020 0:00:00,"MBO","FMMP2020",11.2,79.50,,,,0,,5
8/15/2020 0:00:00,"MBO","HUM2020_Fall",,,,,,0,,
8/16/2020 0:00:00,"MBO","FMMP2020",15.5,80.00,,,,0,,5
8/17/2020 0:00:00,"MBO","FMMP2020",6.5,56.00,,,,0,,4
8/18/2020 0:00:00,"MBO","FMMP2020",11.5,80.00,,,,0,,5
8/18/2020 0:00:00,"MBO","HUM2020_Fall",,,,,,0,,
8/19/2020 0:00:00,"MBO","FMMP2020",12.2,80.00,,,,0,,5
8/19/2020 0:00:00,"MBO","HUM2020_Fall",,,,,,0,,
8/20/2020 0:00:00,"MBO","FMMP2020",12,80.00,,,,0,,5
8/20/2020 0:00:00,"MBO","HUM2020_Fall",,,,,,0,,
8/21/2020 0:00:00,"MBO","FMMP2020",5,60.00,,,,0,,3.5
8/22/2020 0:00:00,"MBO","FMMP2020",15,80.00,,,,0,,5
8/22/2020 0:00:00,"MBO","HUM2020_Fall",,,,,,0,,
8/23/2020 0:00:00,"MBO","FMMP2020",1,,,,,0,,1.5
8/24/2020 0:00:00,"MBO","FMMP2020",0.5,,,,,0,,1.5
8/25/2020 0:00:00,"MBO","FMMP2020",10.2,80.00,,,,0,,5
8/25/2020 0:00:00,"MBO","HUM2020_Fall",,,,,,0,,
8/26/2020 0:00:00,"MBO","FMMP2020",9.5,80.00,,,,0,,5
8/26/2020 0:00:00,"MBO","HUM2020_Fall",,,,,,0,,
8/27/2020 0:00:00,"MBO","FMMP2020",6,68.00,,,,0,,4
8/27/2020 0:00:00,"MBO","HUM2020_Fall",,,,,,0,,
8/28/2020 0:00:00,"MBO","FMMP2020",10,80.00,,,,0,,5
8/29/2020 0:00:00,"MBO","FMMP2020",,,,,,0,,1
8/30/2020 0:00:00,"MBO","FMMP2020",14.5,80.00,,,,0,,5
8/31/2020 0:00:00,"MBO","FMMP2020",11.8,80.00,,,,0,,5
9/1/2020 0:00:00,"MBO","FMMP2020",14.8,80.00,,,,0,,5
9/1/2020 0:00:00,"MBO","HUM2020_Fall",,,,,,0,,
9/2/2020 0:00:00,"MBO","FMMP2020",13,80.00,,,,0,,5
9/2/2020 0:00:00,"MBO","HUM2020_Fall",,,,,,0,,
9/3/2020 0:00:00,"MBO","FMMP2020",14.5,80.00,,,,0,,5
9/3/2020 0:00:00,"MBO","HUM2020_Fall",,,,,,0,,
9/4/2020 0:00:00,"MBO","FMMP2020",9.5,78.00,,,,0,,5
9/4/2020 0:00:00,"MBO","HUM2020_Fall",,,,,,0,,
9/5/2020 0:00:00,"MBO","FMMP2020",11.8,80.00,,,,0,,5
9/5/2020 0:00:00,"MBO","HUM2020_Fall",,,,,,0,,
9/6/2020 0:00:00,"MBO","FMMP2020",16.5,80.00,,,,0,,5
9/7/2020 0:00:00,"MBO","FMMP2020",9.2,64.00,,,,0,,4.5
9/8/2020 0:00:00,"MBO","FMMP2020",14,80.00,,,,0,,5
9/9/2020 0:00:00,"MBO","FMMP2020",12.2,76.00,,,,0,,5
9/10/2020 0:00:00,"MBO","FMMP2020",9,56.00,,,,0,,4.5
9/11/2020 0:00:00,"MBO","FMMP2020",8,80.00,,,,0,,4.5
9/12/2020 0:00:00,"MBO","FMMP2020",11,80.00,,,,0,,5
9/13/2020 0:00:00,"MBO","FMMP2020",12.5,80.00,,,,0,,5
9/14/2020 0:00:00,"MBO","FMMP2020",7.5,80.00,,,,0,,4.5
9/15/2020 0:00:00,"MBO","FMMP2020",10.2,80.00,,,,0,,5
9/16/2020 0:00:00,"MBO","FMMP2020",7,80.00,,,,0,,4.5
9/17/2020 0:00:00,"MBO","FMMP2020",14,80.00,,,,0,,5
9/18/2020 0:00:00,"MBO","FMMP2020",8.2,80.00,,,,0,,4.5
9/19/2020 0:00:00,"MBO","FMMP2020",8.8,80.00,,,,0,,4.5
9/20/2020 0:00:00,"MBO","FMMP2020",12.5,80.00,,,,0,,5
9/21/2020 0:00:00,"MBO","FMMP2020",17,80.00,,,,0,,5
9/22/2020 0:00:00,"MBO","FMMP2020",10,80.00,,,,0,,5
9/23/2020 0:00:00,"MBO","FMMP2020",4,80.00,,,,0,,4
9/24/2020 0:00:00,"MBO","FMMP2020",7,64.00,,,,0,,4
9/25/2020 0:00:00,"MBO","FMMP2020",6.2,80.00,,,,0,,4.5
9/26/2020 0:00:00,"MBO","FMMP2020",10.5,80.00,,,,0,,5
9/27/2020 0:00:00,"MBO","FMMP2020",10,80.00,,,,0,,5
9/28/2020 0:00:00,"MBO","FMMP2020",9,80.00,,,,0,,5
9/29/2020 0:00:00,"MBO","FMMP2020",2,48.00,,,,0,,2.5
9/30/2020 0:00:00,"MBO","FMMP2020",,,,,,0,,1
10/1/2020 0:00:00,"MBO","FMMP2020",16.5,80.00,,,,0,,5
10/2/2020 0:00:00,"MBO","FMMP2020",13,72.00,,,,0,,4.5
10/3/2020 0:00:00,"MBO","FMMP2020",13.5,80.00,,,,0,,5
10/4/2020 0:00:00,"MBO","FMMP2020",13.5,80.00,,,,0,,5
10/5/2020 0:00:00,"MBO","FMMP2020",16.8,72.00,,,,0,,4.5
10/6/2020 0:00:00,"MBO","FMMP2020",6.2,80.00,,,,0,,4.5
10/7/2020 0:00:00,"MBO","FMMP2020",2.5,28.00,,,,0,,2.5
10/8/2020 0:00:00,"MBO","FMMP2020",11,80.00,,,,0,,5
10/9/2020 0:00:00,"MBO","FMMP2020",8.5,80.00,,,,0,,4.5
10/10/2020 0:00:00,"MBO","FMMP2020",13.5,74.00,,,,0,,4.5
10/11/2020 0:00:00,"MBO","FMMP2020",13.5,80.00,,,,0,,5
10/12/2020 0:00:00,"MBO","FMMP2020",13.5,80.00,,,,0,,5
10/13/2020 0:00:00,"MBO","FMMP2020",,0.00,,,,0,,1
10/14/2020 0:00:00,"MBO","FMMP2020",14,80.00,,,,0,,5
10/15/2020 0:00:00,"MBO","FMMP2020",11,80.00,,,,0,,5
10/16/2020 0:00:00,"MBO","FMMP2020",,,,,,0,,1
10/17/2020 0:00:00,"MBO","FMMP2020",10.5,80.00,,,,0,,5
10/18/2020 0:00:00,"MBO","FMMP2020",12,80.00,,,,0,,5
10/19/2020 0:00:00,"MBO","FMMP2020",13,72.00,,,,0,,4.5
10/20/2020 0:00:00,"MBO","FMMP2020",2,32.00,,,,0,,2.5
10/21/2020 0:00:00,"MBO","FMMP2020",2.5,16.00,,,,0,,2
10/22/2020 0:00:00,"MBO","FMMP2020",14.8,80.00,,,,0,,5
10/23/2020 0:00:00,"MBO","FMMP2020",10,80.00,,,,0,,5
10/24/2020 0:00:00,"MBO","FMMP2020",11.2,42.00,,,,0,,4
10/25/2020 0:00:00,"MBO","FMMP2020",11.8,80.00,,,,0,,5
10/26/2020 0:00:00,"MBO","FMMP2020",10,80.00,,,,0,,4
10/27/2020 0:00:00,"MBO","FMMP2020",12,80.00,,,,0,,5
10/28/2020 0:00:00,"MBO","FMMP2020",12,80.00,,,,0,,5
10/29/2020 0:00:00,"MBO","FMMP2020",12,80.00,,,,0,,5
10/30/2020 0:00:00,"MBO","FMMP2020",12,80.00,,,,0,,5
10/31/2020 0:00:00,"MBO","FMMP2020",17.2,80.00,,,,0,,5
11/1/2020 0:00:00,"MBO","FMMP2020",9.8,80.00,,,,0,,5
11/2/2020 0:00:00,"MBO","FMMP2020",8,48.00,,,,0,,3.5
11/3/2020 0:00:00,"MBO","FMMP2020",12.5,76.00,,,,0,,5
11/4/2020 0:00:00,"MBO","FMMP2020",11,80.00,,,,0,,5
11/5/2020 0:00:00,"MBO","FMMP2020",16,80.00,,,,0,,5
11/6/2020 0:00:00,"MBO","FMMP2020",17,80.00,,,,0,,5
11/7/2020 0:00:00,"MBO","WINTER2020-21",,,,,,0,,
11/9/2020 0:00:00,"MBO","WINTER2020-21",,,,,,0,,
11/12/2020 0:00:00,"MBO","WINTER2020-21",,,,,,0,,
11/13/2020 0:00:00,"MBO","WINTER2020-21",,,,,,0,,
11/14/2020 0:00:00,"OTAI","OTAI",,,,,,0,,
11/20/2020 0:00:00,"MBO","WINTER2020-21",,,,,,0,,
11/21/2020 0:00:00,"MBO","WINTER2020-21",,,,,,0,,
11/28/2020 0:00:00,"MBO","WINTER2020-21",,,,,,0,,
11/29/2020 0:00:00,"MBO","WINTER2020-21",6,15.00,,,,0,,
12/4/2020 0:00:00,"MBO","WINTER2020-21",,,,,,0,,
12/5/2020 0:00:00,"MBO","WINTER2020-21",4.5,10.50,,,,0,,
12/6/2020 0:00:00,"MBO","WINTER2020-21",,,,,,0,,
12/7/2020 0:00:00,"MBO","WINTER2020-21",,,,,,0,,
12/10/2020 0:00:00,"MBO","WINTER2020-21",,,,,,0,,
12/11/2020 0:00:00,"MBO","WINTER2020-21",4,24.00,,,,0,,
12/13/2020 0:00:00,"MBO","WINTER2020-21",,,,,,0,,
12/14/2020 0:00:00,"MBO","WINTER2020-21",,20.25,,,,0,,
12/15/2020 0:00:00,"OTAI","OTAI",,,,,,0,,
12/16/2020 0:00:00,"OTAI","OTAI",,,,,,0,,
12/17/2020 0:00:00,"MBO","WINTER2020-21",,,,,,0,,
12/18/2020 0:00:00,"MBO","WINTER2020-21",,,,,,0,,
12/19/2020 0:00:00,"MBO","WINTER2020-21",,,,,,0,,
12/20/2020 0:00:00,"MBO","WINTER2020-21",5,15.00,,,,0,,
12/22/2020 0:00:00,"MIR","SNBU2020-21",,,,,,0,,
12/23/2020 0:00:00,"MIR","SNBU2020-21",,,,,,0,,
12/24/2020 0:00:00,"MBO","WINTER2020-21",,,,,,0,,
12/24/2020 0:00:00,"OTAI","OTAI",,,,,,0,,
12/27/2020 0:00:00,"MTCH","SNBU2020-21",,,,,,0,,
12/27/2020 0:00:00,"MTCH","SNBU2025-26",,,,,,0,,
12/28/2020 0:00:00,"MBO","WINTER2020-21",,,,,,0,,
12/30/2020 0:00:00,"OTAI","OTAI",,,,,,0,,
12/31/2020 0:00:00,"MBO","WINTER2020-21",,,,,,0,,
12/31/2020 0:00:00,"MIR","SNBU2020-21",,,,,,0,,
1/1/2021 0:00:00,"MBO","WINTER2020-21",4,13.50,,,,0,,
1/1/2021 0:00:00,"OTAI","OTAI",,,,,,0,,
1/2/2021 0:00:00,"MIR","SNBU2020-21",,,,,,0,,
1/3/2021 0:00:00,"MTCH","SNBU2020-21",,,,,,0,,
1/3/2021 0:00:00,"SHER","SNBU2020-21",,,,,,0,,
1/4/2021 0:00:00,"MBO","WINTER2020-21",,,,,,0,,
1/5/2021 0:00:00,"MTCH","SNBU2020-21",,,,,,0,,
1/6/2021 0:00:00,"MTCH","SNBU2020-21",,,,,,0,,
1/7/2021 0:00:00,"MBO","WINTER2020-21",,,,,,0,,
1/9/2021 0:00:00,"MBO","WINTER2020-21",,,,,,0,,
1/10/2021 0:00:00,"MBO","WINTER2020-21",,,,,,0,,
1/10/2021 0:00:00,"SHER","SNBU2020-21",,,,,,0,,
1/12/2021 0:00:00,"MTCH","SNBU2020-21",,,,,,0,,
1/12/2021 0:00:00,"STRO","SNBU2020-21",,,,,,0,,
1/13/2021 0:00:00,"STRO","SNBU2020-21",,,,,,0,,
1/14/2021 0:00:00,"MBO","WINTER2020-21",,,,,,0,,
1/14/2021 0:00:00,"MTCH","SNBU2020-21",,,,,,0,,
1/14/2021 0:00:00,"STRO","SNBU2020-21",,,,,,0,,
1/15/2021 0:00:00,"MIR","SNBU2020-21",,,,,,0,,
1/15/2021 0:00:00,"STRO","SNBU2020-21",,,,,,0,,
1/16/2021 0:00:00,"MIR","SNBU2020-21",,,,,,0,,
1/16/2021 0:00:00,"MTCH","SNBU2020-21",,,,,,0,,
1/18/2021 0:00:00,"MBO","WINTER2020-21",,,,,,0,,
1/18/2021 0:00:00,"MTCH","SNBU2020-21",,,,,,0,,
1/19/2021 0:00:00,"MIR","SNBU2020-21",,,,,,0,,
1/19/2021 0:00:00,"MTCH","SNBU2020-21",,,,,,0,,
1/20/2021 0:00:00,"MIR","SNBU2020-21",,,,,,0,,
1/20/2021 0:00:00,"MTCH","SNBU2020-21",,,,,,0,,
1/21/2021 0:00:00,"MBO","WINTER2020-21",,,,,,0,,
1/21/2021 0:00:00,"MIR","SNBU2020-21",,,,,,0,,
1/22/2021 0:00:00,"MIR","SNBU2020-21",,,,,,0,,
1/22/2021 0:00:00,"MTCH","SNBU2020-21",,,,,,0,,
1/23/2021 0:00:00,"MIR","SNBU2020-21",,,,,,0,,
1/23/2021 0:00:00,"MTCH","SNBU2020-21",,,,,,0,,
1/24/2021 0:00:00,"MBO","WINTER2020-21",,,,,,0,,
1/24/2021 0:00:00,"MTCH","SNBU2020-21",,,,,,0,,
1/26/2021 0:00:00,"MIR","SNBU2020-21",,,,,,0,,
1/26/2021 0:00:00,"MTCH","SNBU2020-21",,,,,,0,,
1/27/2021 0:00:00,"MIR","SNBU2020-21",,,,,,0,,
1/27/2021 0:00:00,"SHER","SNBU2020-21",,,,,,0,,
1/27/2021 0:00:00,"STRO","SNBU2020-21",,,,,,0,,
1/28/2021 0:00:00,"MBO","WINTER2020-21",,,,,,0,,
1/28/2021 0:00:00,"MTCH","SNBU2020-21",,,,,,0,,
1/28/2021 0:00:00,"STRO","SNBU2020-21",,,,,,0,,
1/29/2021 0:00:00,"MTCH","SNBU2020-21",,,,,,0,,
1/29/2021 0:00:00,"STRO","SNBU2020-21",,,,,,0,,
1/30/2021 0:00:00,"MIR","SNBU2020-21",,,,,,0,,
1/30/2021 0:00:00,"MTCH","SNBU2020-21",,,,,,0,,
1/30/2021 0:00:00,"SHER","SNBU2020-21",,,,,,0,,
1/30/2021 0:00:00,"STRO","SNBU2020-21",,,,,,0,,
1/31/2021 0:00:00,"MBO","WINTER2020-21",,,,,,0,,
1/31/2021 0:00:00,"SHER","SNBU2020-21",,,,,,0,,
1/31/2021 0:00:00,"STRO","SNBU2020-21",,,,,,0,,
2/1/2021 0:00:00,"MTCH","SNBU2020-21",,,,,,0,,
2/1/2021 0:00:00,"SHER","SNBU2020-21",,,,,,0,,
2/4/2021 0:00:00,"MBO","WINTER2020-21",4.5,13.50,,,,0,,
2/5/2021 0:00:00,"MIR","SNBU2020-21",,,,,,0,,
2/5/2021 0:00:00,"MTCH","SNBU2020-21",,,,,,0,,
2/6/2021 0:00:00,"MTCH","SNBU2020-21",,,,,,0,,
2/7/2021 0:00:00,"MBO","WINTER2020-21",,,,,,0,,
2/7/2021 0:00:00,"MIR","SNBU2020-21",,,,,,0,,
2/7/2021 0:00:00,"MTCH","SNBU2020-21",,,,,,0,,
2/9/2021 0:00:00,"MTCH","SNBU2020-21",,,,,,0,,
2/9/2021 0:00:00,"STRO","SNBU2020-21",,,,,,0,,
2/10/2021 0:00:00,"MTCH","SNBU2020-21",,,,,,0,,
2/10/2021 0:00:00,"STRO","SNBU2020-21",,,,,,0,,
2/11/2021 0:00:00,"MBO","WINTER2020-21",,,,,,0,,
2/11/2021 0:00:00,"MTCH","SNBU2020-21",,,,,,0,,
2/11/2021 0:00:00,"SHER","SNBU2020-21",,,,,,0,,
2/11/2021 0:00:00,"STRO","SNBU2020-21",,,,,,0,,
2/12/2021 0:00:00,"MIR","SNBU2020-21",,,,,,0,,
2/12/2021 0:00:00,"SHER","SNBU2020-21",,,,,,0,,
2/12/2021 0:00:00,"STRO","SNBU2020-21",,,,,,0,,
2/13/2021 0:00:00,"MIR","SNBU2020-21",,,,,,0,,
2/13/2021 0:00:00,"SHER","SNBU2020-21",,,,,,0,,
2/13/2021 0:00:00,"STRO","SNBU2020-21",,,,,,0,,
2/14/2021 0:00:00,"MBO","WINTER2020-21",,,,,,0,,
2/14/2021 0:00:00,"MIR","SNBU2020-21",,,,,,0,,
2/15/2021 0:00:00,"MIR","SNBU2020-21",,,,,,0,,
2/15/2021 0:00:00,"MTCH","SNBU2020-21",,,,,,0,,
2/16/2021 0:00:00,"MIR","SNBU2020-21",,,,,,0,,
2/17/2021 0:00:00,"MIR","SNBU2020-21",,,,,,0,,
2/18/2021 0:00:00,"MBO","WINTER2020-21",,,,,,0,,
2/18/2021 0:00:00,"MTCH","SNBU2020-21",,,,,,0,,
2/18/2021 0:00:00,"SHER","SNBU2020-21",,,,,,0,,
2/19/2021 0:00:00,"MTCH","SNBU2020-21",,,,,,0,,
2/19/2021 0:00:00,"SHER","SNBU2020-21",,,,,,0,,
2/20/2021 0:00:00,"MTCH","SNBU2020-21",,,,,,0,,
2/20/2021 0:00:00,"SHER","SNBU2020-21",,,,,,0,,
2/21/2021 0:00:00,"MBO","WINTER2020-21",,,,,,0,,
2/21/2021 0:00:00,"SHER","SNBU2020-21",,,,,,0,,
2/21/2021 0:00:00,"STRO","SNBU2020-21",,,,,,0,,
2/22/2021 0:00:00,"STRO","SNBU2020-21",,,,,,0,,
2/23/2021 0:00:00,"MBO","WINTER2020-21",4.5,9.75,,,,0,,
2/23/2021 0:00:00,"MTCH","SNBU2020-21",,,,,,0,,
2/23/2021 0:00:00,"STRO","SNBU2020-21",,,,,,0,,
2/24/2021 0:00:00,"MBO","WINTER2020-21",3,15.75,,,,0,,
2/24/2021 0:00:00,"MTCH","SNBU2020-21",,,,,,0,,
2/25/2021 0:00:00,"MBO","WINTER2020-21",,,,,,0,,
2/25/2021 0:00:00,"MIR","SNBU2020-21",,,,,,0,,
2/25/2021 0:00:00,"MTCH","SNBU2020-21",,,,,,0,,
2/25/2021 0:00:00,"STRO","SNBU2020-21",,,,,,0,,
2/26/2021 0:00:00,"MIR","SNBU2020-21",,,,,,0,,
2/26/2021 0:00:00,"MTCH","SNBU2020-21",,,,,,0,,
2/26/2021 0:00:00,"STRO","SNBU2020-21",,,,,,0,,
2/27/2021 0:00:00,"MBO","WINTER2020-21",,,,,,0,,
2/27/2021 0:00:00,"MIR","SNBU2020-21",,,,,,0,,
2/27/2021 0:00:00,"MTCH","SNBU2020-21",,,,,,0,,
2/27/2021 0:00:00,"SHER","SNBU2020-21",,,,,,0,,
2/28/2021 0:00:00,"MBO","WINTER2020-21",5,15.00,,,,0,,
2/28/2021 0:00:00,"MIR","SNBU2020-21",,,,,,0,,
2/28/2021 0:00:00,"SHER","SNBU2020-21",,,,,,0,,
3/2/2021 0:00:00,"MIR","SNBU2020-21",,,,,,0,,
3/2/2021 0:00:00,"MTCH","SNBU2020-21",,,,,,0,,
3/3/2021 0:00:00,"MBO","WINTER2020-21",2.5,13.50,,,,0,,
3/3/2021 0:00:00,"MIR","SNBU2020-21",,,,,,0,,
3/3/2021 0:00:00,"MTCH","SNBU2020-21",,,,,,0,,
3/4/2021 0:00:00,"MBO","WINTER2020-21",,,,,,0,,
3/4/2021 0:00:00,"MIR","SNBU2020-21",,,,,,0,,
3/4/2021 0:00:00,"MTCH","SNBU2020-21",,,,,,0,,
3/5/2021 0:00:00,"MIR","SNBU2020-21",,,,,,0,,
3/5/2021 0:00:00,"MTCH","SNBU2020-21",,,,,,0,,
3/6/2021 0:00:00,"MIR","SNBU2020-21",,,,,,0,,
3/6/2021 0:00:00,"MTCH","SNBU2020-21",,,,,,0,,
3/7/2021 0:00:00,"MBO","WINTER2020-21",,,,,,0,,
3/7/2021 0:00:00,"MIR","SNBU2020-21",,,,,,0,,
3/8/2021 0:00:00,"MTCH","SNBU2020-21",,,,,,0,,
3/9/2021 0:00:00,"MBO","WINTER2020-21",3.8,15.00,,,,0,,
3/9/2021 0:00:00,"MIR","SNBU2020-21",,,,,,0,,
3/9/2021 0:00:00,"MTCH","SNBU2020-21",,,,,,0,,
3/10/2021 0:00:00,"MBO","WINTER2020-21",6,18.75,,,,0,,
3/10/2021 0:00:00,"MIR","SNBU2020-21",,,,,,0,,
3/10/2021 0:00:00,"MTCH","SNBU2020-21",,,,,,0,,
3/10/2021 0:00:00,"STRO","SNBU2020-21",,,,,,0,,
3/11/2021 0:00:00,"STRO","SNBU2020-21",,,,,,0,,
3/12/2021 0:00:00,"MBO","WINTER2020-21",,,,,,0,,
3/12/2021 0:00:00,"MTCH","SNBU2020-21",,,,,,0,,
3/12/2021 0:00:00,"STRO","SNBU2020-21",,,,,,0,,
3/13/2021 0:00:00,"MIR","SNBU2020-21",,,,,,0,,
3/13/2021 0:00:00,"STRO","SNBU2020-21",,,,,,0,,
3/14/2021 0:00:00,"MTCH","SNBU2020-21",,,,,,0,,
3/14/2021 0:00:00,"STRO","SNBU2020-21",,,,,,0,,
3/15/2021 0:00:00,"MBO","WINTER2020-21",,,,,,0,,
3/15/2021 0:00:00,"STRO","SNBU2020-21",,,,,,0,,
3/16/2021 0:00:00,"STRO","SNBU2020-21",,,,,,0,,
3/17/2021 0:00:00,"MBO","WINTER2020-21",2.5,12.00,,,,0,,
3/18/2021 0:00:00,"MBO","WINTER2020-21",,,,,,0,,
3/20/2021 0:00:00,"MBO","WINTER2020-21",,,,,,0,,
3/21/2021 0:00:00,"MBO","WINTER2020-21",6.5,16.50,,,,0,,
3/24/2021 0:00:00,"OTAI","OTAI",,,,,,0,,
3/25/2021 0:00:00,"MBO","WINTER2020-21",,,,,,0,,
3/28/2021 0:00:00,"MBO","SMMP2021",,,,,,0,,1
3/29/2021 0:00:00,"MBO","SMMP2021",,,,,,0,,1
3/30/2021 0:00:00,"MBO","SMMP2021",,,,,,0,,1
3/31/2021 0:00:00,"MBO","SMMP2021",,,,,,0,,1
4/1/2021 0:00:00,"MBO","SMMP2021",,,,,,0,,1
4/2/2021 0:00:00,"MBO","SMMP2021",,,,,,0,,1
4/3/2021 0:00:00,"MBO","SMMP2021",,,,,,0,,1
4/4/2021 0:00:00,"MBO","SMMP2021",,,,,,0,,1
4/5/2021 0:00:00,"MBO","SMMP2021",,,,,,0,,1
4/6/2021 0:00:00,"MBO","SMMP2021",,,,,,0,,1
4/7/2021 0:00:00,"MBO","SMMP2021",,,,,,0,,1
4/8/2021 0:00:00,"MBO","SMMP2021",,,,,,0,,1
4/9/2021 0:00:00,"MBO","SMMP2021",,,,,,0,,1
4/10/2021 0:00:00,"MBO","SMMP2021",,,,,,0,,1
4/11/2021 0:00:00,"MBO","SMMP2021",,,,,,0,,1
4/12/2021 0:00:00,"MBO","SMMP2021",,,,,,0,,1
4/13/2021 0:00:00,"MBO","SMMP2021",,,,,,0,,1
4/14/2021 0:00:00,"MBO","SMMP2021",,,,,,0,,1
4/15/2021 0:00:00,"MBO","SMMP2021",,,,,,0,,1
4/16/2021 0:00:00,"MBO","SMMP2021",,,,,,0,,1
4/17/2021 0:00:00,"MBO","SMMP2021",,,,,,0,,1
4/18/2021 0:00:00,"MBO","SMMP2021",9.2,80.00,,,,0,,5
4/19/2021 0:00:00,"MBO","SMMP2021",12.8,80.00,,,,0,,5
4/20/2021 0:00:00,"MBO","SMMP2021",3.5,16.00,,,,0,,2.5
4/21/2021 0:00:00,"MBO","SMMP2021",,,,,,0,,1
4/22/2021 0:00:00,"MBO","SMMP2021",1.5,,,,,0,,1.5
4/23/2021 0:00:00,"MBO","SMMP2021",13.8,80.00,,,,0,,5
4/24/2021 0:00:00,"MBO","SMMP2021",10.5,80.00,,,,0,,5
4/25/2021 0:00:00,"MBO","SMMP2021",9,80.00,,,,0,,5
4/26/2021 0:00:00,"MBO","SMMP2021",10.8,80.00,,,,0,,5
4/27/2021 0:00:00,"MBO","SMMP2021",17.5,80.00,,,,0,,5
4/28/2021 0:00:00,"MBO","SMMP2021",14,80.00,,,,0,,5
4/29/2021 0:00:00,"MBO","SMMP2021",15,80.00,,,,0,,5
4/30/2021 0:00:00,"MBO","SMMP2021",,,,,,0,,1
5/1/2021 0:00:00,"MBO","SMMP2021",7.5,80.00,,,,0,,4.5
5/2/2021 0:00:00,"MBO","SMMP2021",9.5,80.00,,,,0,,5
5/3/2021 0:00:00,"MBO","SMMP2021",10,80.00,,,,0,,5
5/4/2021 0:00:00,"MBO","SMMP2021",7.5,80.00,,,,0,,4.5
5/5/2021 0:00:00,"MBO","SMMP2021",9.5,64.00,,,,0,,4.5
5/6/2021 0:00:00,"MBO","SMMP2021",13,80.00,,,,0,,5
5/7/2021 0:00:00,"MBO","SMMP2021",12.5,80.00,,,,0,,5
5/8/2021 0:00:00,"MBO","HUM2021_Spring",,,,,,0,,
5/8/2021 0:00:00,"MBO","SMMP2021",5.5,80.00,,,,0,,4
5/9/2021 0:00:00,"MBO","SMMP2021",13.8,80.00,,,,0,,5
5/10/2021 0:00:00,"MBO","SMMP2021",13,80.00,,,,0,,5
5/11/2021 0:00:00,"MBO","HUM2021_Spring",,,,,,0,,
5/11/2021 0:00:00,"MBO","SMMP2021",20.2,80.00,,,,0,,5
5/12/2021 0:00:00,"MBO","SMMP2021",14,80.00,,,,0,,5
5/13/2021 0:00:00,"MBO","SMMP2021",12.2,80.00,,,,0,,5
5/14/2021 0:00:00,"MBO","HUM2021_Spring",,,,,,0,,
5/14/2021 0:00:00,"MBO","SMMP2021",8,80.00,,,,0,,4.5
5/15/2021 0:00:00,"MBO","SMMP2021",11.5,80.00,,,,0,,5
5/16/2021 0:00:00,"MBO","SMMP2021",8.8,80.00,,,,0,,4.5
5/17/2021 0:00:00,"MBO","HUM2021_Spring",,,,,,0,,
5/17/2021 0:00:00,"MBO","SMMP2021",11,80.00,,,,0,,5
5/18/2021 0:00:00,"MBO","SMMP2021",10.5,80.00,,,,0,,5
5/19/2021 0:00:00,"MBO","HUM2021_Spring",,,,,,0,,
5/19/2021 0:00:00,"MBO","SMMP2021",11.8,80.00,,,,0,,5
5/20/2021 0:00:00,"MBO","HUM2021_Spring",,,,,,0,,
5/20/2021 0:00:00,"MBO","SMMP2021",12.5,80.00,,,,0,,5
5/21/2021 0:00:00,"MBO","SMMP2021",9.2,80.00,,,,0,,5
5/22/2021 0:00:00,"MBO","HUM2021_Spring",,,,,,0,,
5/22/2021 0:00:00,"MBO","SMMP2021",12.8,80.00,,,,0,,5
5/23/2021 0:00:00,"MBO","SMMP2021",9.5,80.00,,,,0,,5
5/24/2021 0:00:00,"MBO","HUM2021_Spring",,,,,,0,,
5/24/2021 0:00:00,"MBO","SMMP2021",14.8,80.00,,,,0,,5
5/25/2021 0:00:00,"MBO","SMMP2021",12.2,80.00,,,,0,,5
5/26/2021 0:00:00,"MBO","SMMP2021",13.5,80.00,,,,0,,5
5/27/2021 0:00:00,"MBO","SMMP2021",11.8,79.50,,,,0,,5
5/28/2021 0:00:00,"MBO","HUM2021_Spring",,,,,,0,,
5/28/2021 0:00:00,"MBO","SMMP2021",8.5,80.00,,,,0,,4.5
5/29/2021 0:00:00,"MBO","SMMP2021",22.5,68.00,,,,0,,4.5
5/30/2021 0:00:00,"MBO","SMMP2021",16.5,80.00,,,,0,,5
5/31/2021 0:00:00,"MBO","SMMP2021",13.5,70.00,,,,0,,4.5
6/1/2021 0:00:00,"MBO","SMMP2021",11.2,70.00,,,,0,,4.5
6/2/2021 0:00:00,"MBO","SMMP2021",,,,,,0,,1
6/3/2021 0:00:00,"MBO","SMMP2021",,,,,,0,,1
6/3/2021 0:00:00,"SBL","SEAT2021",,,,,,0,,
6/4/2021 0:00:00,"MBO","SMMP2021",,,,,,0,,1
6/4/2021 0:00:00,"SBL","SEAT2021",,,,,,0,,
6/5/2021 0:00:00,"MBO","SMMP2021",,,,,,0,,1
6/5/2021 0:00:00,"SBL","SEAT2021",,,,,,0,,
6/6/2021 0:00:00,"BIGR","MAPS2021",,54.00,,,,0,,
6/6/2021 0:00:00,"SBL","SEAT2021",,,,,,0,,
6/7/2021 0:00:00,"SBL","SEAT2021",,,,,,0,,
6/8/2021 0:00:00,"SBL","SEAT2021",,,,,,0,,
6/9/2021 0:00:00,"MBO","MAPS2021",,54.00,,,,0,,
6/13/2021 0:00:00,"TECH","NEST2021",,,,,,0,,
6/16/2021 0:00:00,"BIGR","MAPS2021",,54.00,,,,0,,
6/16/2021 0:00:00,"ISB","Nest2021",,,,,,0,,
6/17/2021 0:00:00,"BDLR","PHDPROJECTS",,,,,,0,,
6/17/2021 0:00:00,"CIBE","NEST2021",,,,,,0,,
6/17/2021 0:00:00,"MBO","NEST2021",,,,,,0,,
6/18/2021 0:00:00,"AK08","AMKE2021",,,,,,0,,
6/18/2021 0:00:00,"AK25","AMKE2021",,,,,,0,,
6/18/2021 0:00:00,"MRC","NEST2021",,,,,,0,,
6/19/2021 0:00:00,"MBO","MAPS2021",,54.00,,,,0,,
6/20/2021 0:00:00,"AK47","AMKE2021",,,,,,0,,
6/20/2021 0:00:00,"TECH","NEST2021",,,,,,0,,
6/21/2021 0:00:00,"PCC","NEST2021",,,,,,0,,
6/22/2021 0:00:00,"ISB","Nest2021",,,,,,0,,
6/22/2021 0:00:00,"MAC","NEST2021",,,,,,0,,
6/22/2021 0:00:00,"MBO","NEST2021",,,,,,0,,
6/22/2021 0:00:00,"PCC","NEST2021",,,,,,0,,
6/23/2021 0:00:00,"BIGR","MAPS2021",,54.00,,,,0,,
6/24/2021 0:00:00,"BH","Nest2021",,,,,,0,,
6/24/2021 0:00:00,"ISB","Nest2021",,,,,,0,,
6/24/2021 0:00:00,"MAC","NEST2021",,,,,,0,,
6/24/2021 0:00:00,"SGDC","Nest2021",,,,,,0,,
6/25/2021 0:00:00,"AK01","AMKE2021",,,,,,0,,
6/25/2021 0:00:00,"AK04","AMKE2021",,,,,,0,,
6/25/2021 0:00:00,"AK37","AMKE2021",,,,,,0,,
6/25/2021 0:00:00,"AK75","AMKE2021",,,,,,0,,
6/25/2021 0:00:00,"AK76","AMKE2021",,,,,,0,,
6/25/2021 0:00:00,"PCC","NEST2021",,,,,,0,,
6/28/2021 0:00:00,"BH","Nest2021",,,,,,0,,
6/28/2021 0:00:00,"ISB","Nest2021",,,,,,0,,
6/28/2021 0:00:00,"SGDC","Nest2021",,,,,,0,,
6/28/2021 0:00:00,"TECH","NEST2021",,,,,,0,,
6/29/2021 0:00:00,"MAC","NEST2021",,,,,,0,,
6/29/2021 0:00:00,"MBO","MAPS2021",,54.00,,,,0,,
6/29/2021 0:00:00,"MBO","NEST2021",,,,,,0,,
6/29/2021 0:00:00,"PCC","Nest2021",,,,,,0,,
7/1/2021 0:00:00,"BH","Nest2021",,,,,,0,,
7/1/2021 0:00:00,"ISB","Nest2021",,,,,,0,,
7/1/2021 0:00:00,"SGDC","Nest2021",,,,,,0,,
7/2/2021 0:00:00,"UDEM","PEFA",,,,,,0,,
7/3/2021 0:00:00,"TECH","NEST2021",,,,,,0,,
7/4/2021 0:00:00,"BIGR","MAPS2021",,54.00,,,,0,,
7/5/2021 0:00:00,"AK03","AMKE2021",,,,,,0,,
7/5/2021 0:00:00,"AK20","AMKE2021",,,,,,0,,
7/5/2021 0:00:00,"AK23","AMKE2021",,,,,,0,,
7/5/2021 0:00:00,"AK60","AMKE2021",,,,,,0,,
7/5/2021 0:00:00,"AK61","AMKE2021",,,,,,0,,
7/5/2021 0:00:00,"AK63","AMKE2021",,,,,,0,,
7/5/2021 0:00:00,"BH","Nest2021",,,,,,0,,
7/5/2021 0:00:00,"ISB","Nest2021",,,,,,0,,
7/5/2021 0:00:00,"SGDC","Nest2021",,,,,,0,,
7/7/2021 0:00:00,"MBO","MAPS2021",,54.00,,,,0,,
7/7/2021 0:00:00,"PCC","Nest2021",,,,,,0,,
7/9/2021 0:00:00,"BH","Nest2021",,,,,,0,,
7/9/2021 0:00:00,"ISB","Nest2021",,,,,,0,,
7/9/2021 0:00:00,"SGDC","Nest2021",,,,,,0,,
7/9/2021 0:00:00,"TECH","NEST2021",,,,,,0,,
7/11/2021 0:00:00,"MRC","NEST2021",,,,,,0,,
7/12/2021 0:00:00,"AK42","AMKE2021",,,,,,0,,
7/12/2021 0:00:00,"BIGR","MAPS2021",,54.00,,,,0,,
7/13/2021 0:00:00,"BH","Nest2021",,,,,,0,,
7/13/2021 0:00:00,"ISB","Nest2021",,,,,,0,,
7/13/2021 0:00:00,"SGDC","Nest2021",,,,,,0,,
7/15/2021 0:00:00,"BH","Nest2021",,,,,,0,,
7/15/2021 0:00:00,"MBO","MAPS2021",,54.00,,,,0,,
7/15/2021 0:00:00,"SGDC","Nest2021",,,,,,0,,
7/16/2021 0:00:00,"PCC","Nest2021",,,,,,0,,
7/19/2021 0:00:00,"BH","Nest2021",,,,,,0,,
7/19/2021 0:00:00,"SGDC","Nest2021",,,,,,0,,
7/22/2021 0:00:00,"BIGR","MAPS2021",,54.00,,,,0,,
7/24/2021 0:00:00,"MBO","MAPS2021",,54.00,,,,0,,
7/27/2021 0:00:00,"BH","Nest2021",,,,,,0,,
7/27/2021 0:00:00,"SGDC","Nest2021",,,,,,0,,
7/31/2021 0:00:00,"BIGR","MAPS2021",,54.00,,,,0,,
7/31/2021 0:00:00,"MBO","MAPS2021",,54.00,,,,0,,
8/1/2021 0:00:00,"MBO","FMMP2021",6,80.00,,,,0,,4.5
8/1/2021 0:00:00,"MBO","HUM2021_Fall",,,,,,0,,
8/2/2021 0:00:00,"MBO","FMMP2021",9.8,80.00,,,,0,,5
8/2/2021 0:00:00,"MBO","HUM2021_Fall",,,,,,0,,
8/3/2021 0:00:00,"MBO","FMMP2021",14,80.00,,,,0,,5
8/3/2021 0:00:00,"MBO","HUM2021_Fall",,,,,,0,,
8/4/2021 0:00:00,"MBO","FMMP2021",6.5,80.00,,,,0,,4.5
8/5/2021 0:00:00,"MBO","FMMP2021",11.5,80.00,,,,0,,5
8/6/2021 0:00:00,"AK65","AMKE2021",,,,,,0,,
8/6/2021 0:00:00,"MBO","FMMP2021",9.5,80.00,,,,0,,5
8/6/2021 0:00:00,"MBO","HUM2021_Fall",,,,,,0,,
8/7/2021 0:00:00,"MBO","FMMP2021",7,80.00,,,,0,,4.5
8/8/2021 0:00:00,"MBO","FMMP2021",7.5,80.00,,,,0,,4.5
8/8/2021 0:00:00,"MBO","HUM2021_Fall",,,,,,0,,
8/9/2021 0:00:00,"MBO","FMMP2021",5.2,80.00,,,,0,,4
8/9/2021 0:00:00,"MBO","HUM2021_Fall",,,,,,0,,
8/10/2021 0:00:00,"MBO","FMMP2021",11.8,80.00,,,,0,,5
8/11/2021 0:00:00,"MBO","FMMP2021",4.5,68.00,,,,0,,3.5
8/11/2021 0:00:00,"MBO","HUM2021_Fall",,,,,,0,,
8/11/2021 0:00:00,"MRC","NEST2021",,,,,,0,,
8/12/2021 0:00:00,"MBO","FMMP2021",10.2,80.00,,,,0,,5
8/12/2021 0:00:00,"MBO","HUM2021_Fall",,,,,,0,,
8/13/2021 0:00:00,"MBO","FMMP2021",9,80.00,,,,0,,4
8/13/2021 0:00:00,"MBO","HUM2021_Fall",,,,,,0,,
8/14/2021 0:00:00,"MBO","FMMP2021",3,68.00,,,,0,,3.5
8/14/2021 0:00:00,"MBO","HUM2021_Fall",,,,,,0,,
8/15/2021 0:00:00,"MBO","FMMP2021",3,80.00,,,,0,,4
8/16/2021 0:00:00,"MBO","FMMP2021",10,80.00,,,,0,,5
8/16/2021 0:00:00,"MBO","HUM2021_Fall",,,,,,0,,
8/17/2021 0:00:00,"MBO","FMMP2021",12.5,80.00,,,,0,,5
8/17/2021 0:00:00,"MBO","HUM2021_Fall",,,,,,0,,
8/18/2021 0:00:00,"MBO","FMMP2021",3.5,80.00,,,,0,,4
8/18/2021 0:00:00,"MBO","HUM2021_Fall",,,,,,0,,
8/19/2021 0:00:00,"MBO","FMMP2021",11.5,80.00,,,,0,,5
8/20/2021 0:00:00,"MBO","FMMP2021",11.5,80.00,,,,0,,5
8/20/2021 0:00:00,"MBO","HUM2021_Fall",,,,,,0,,
8/21/2021 0:00:00,"MBO","FMMP2021",5.8,80.00,,,,0,,3
8/21/2021 0:00:00,"MBO","HUM2021_Fall",,,,,,0,,
8/22/2021 0:00:00,"MBO","FMMP2021",3.8,80.00,,,,0,,4
8/23/2021 0:00:00,"MBO","FMMP2021",7.2,80.00,,,,0,,4.5
8/23/2021 0:00:00,"MBO","HUM2021_Fall",,,,,,0,,
8/24/2021 0:00:00,"MBO","FMMP2021",4.5,80.00,,,,0,,4
8/24/2021 0:00:00,"MBO","HUM2021_Fall",,,,,,0,,
8/25/2021 0:00:00,"MBO","FMMP2021",10.5,80.00,,,,0,,5
8/25/2021 0:00:00,"MBO","HUM2021_Fall",,,,,,0,,
8/26/2021 0:00:00,"MBO","FMMP2021",8,80.00,,,,0,,4.5
8/26/2021 0:00:00,"MBO","HUM2021_Fall",,,,,,0,,
8/27/2021 0:00:00,"MBO","FMMP2021",8.5,80.00,,,,0,,4.5
8/27/2021 0:00:00,"MBO","HUM2021_FALL",,,,,,0,,
8/28/2021 0:00:00,"MBO","FMMP2021",8,64.00,,,,0,,4
8/29/2021 0:00:00,"MBO","FMMP2021",4.5,80.00,,,,0,,3
8/30/2021 0:00:00,"MBO","FMMP2021",4.2,52.00,,,,0,,3.5
8/30/2021 0:00:00,"MBO","HUM2021_FALL",,,,,,0,,
8/31/2021 0:00:00,"MBO","FMMP2021",5,80.00,,,,0,,4
8/31/2021 0:00:00,"MBO","HUM2021_FALL",,,,,,0,,
9/1/2021 0:00:00,"MBO","FMMP2021",8.2,80.00,,,,0,,4.5
9/2/2021 0:00:00,"MBO","FMMP2021",13.2,80.00,,,,0,,5
9/2/2021 0:00:00,"MBO","HUM2021_FALL",,,,,,0,,
9/3/2021 0:00:00,"MBO","FMMP2021",8.5,80.00,,,,0,,4.5
9/3/2021 0:00:00,"MBO","HUM2021_FALL",,,,,,0,,
9/4/2021 0:00:00,"MBO","FMMP2021",9.5,80.00,,,,0,,5
9/4/2021 0:00:00,"MBO","HUM2021_FALL",,,,,,0,,
9/5/2021 0:00:00,"MBO","FMMP2021",7.8,60.00,,,,0,,4
9/6/2021 0:00:00,"MBO","FMMP2021",2.5,68.00,,,,0,,3
9/7/2021 0:00:00,"MBO","FMMP2021",7.2,80.00,,,,0,,4.5
9/7/2021 0:00:00,"MBO","HUM2021_Fall",,,,,,0,,
9/8/2021 0:00:00,"MBO","FMMP2021",2,48.00,,,,0,,2.5
9/9/2021 0:00:00,"MBO","FMMP2021",7,80.00,,,,0,,4.5
9/10/2021 0:00:00,"MBO","FMMP2021",6,80.00,,,,0,,4.5
9/11/2021 0:00:00,"MBO","FMMP2021",10.2,80.00,,,,0,,5
9/12/2021 0:00:00,"MBO","FMMP2021",8.5,80.00,,,,0,,4.5
9/13/2021 0:00:00,"MBO","FMMP2021",8.2,80.00,,,,0,,4.5
9/14/2021 0:00:00,"MBO","FMMP2021",5.5,80.00,,,,0,,4
9/15/2021 0:00:00,"MBO","FMMP2021",,,,,,0,,1
9/16/2021 0:00:00,"MBO","FMMP2021",11.2,80.00,,,,0,,5
9/17/2021 0:00:00,"MBO","FMMP2021",6.5,80.00,,,,0,,4.5
9/18/2021 0:00:00,"MBO","FMMP2021",7.5,80.00,,,,0,,4.5
9/19/2021 0:00:00,"MBO","FMMP2021",13.2,80.00,,,,0,,5
9/20/2021 0:00:00,"MBO","FMMP2021",4.8,80.00,,,,0,,4
9/21/2021 0:00:00,"MBO","FMMP2021",11.2,80.00,,,,0,,5
9/22/2021 0:00:00,"MBO","FMMP2021",11.2,64.00,,,,0,,4.5
9/23/2021 0:00:00,"MBO","FMMP2021",7.5,80.00,,,,0,,4.5
9/24/2021 0:00:00,"MBO","FMMP2021",,,,,,0,,1
9/25/2021 0:00:00,"MBO","FMMP2021",12.2,80.00,,,,0,,5
9/26/2021 0:00:00,"MBO","FMMP2021",8.5,80.00,,,,0,,4.5
9/27/2021 0:00:00,"MBO","FMMP2021",4.2,80.00,,,,0,,4
9/28/2021 0:00:00,"MBO","FMMP2021",8.5,80.00,,,,0,,4.5
9/28/2021 0:00:00,"MBO","OWLS2021",,,,,,0,,
9/29/2021 0:00:00,"MBO","FMMP2021",11.8,80.00,,,,0,,5
9/29/2021 0:00:00,"MBO","OWLS2021",,,,,,0,,
9/30/2021 0:00:00,"MBO","FMMP2021",6,80.00,,,,0,,4.5
9/30/2021 0:00:00,"MBO","OWLS2021",,,,,,0,,
10/1/2021 0:00:00,"MBO","FMMP2021",11.8,80.00,,,,0,,5
10/1/2021 0:00:00,"MBO","OWLS2021",,,,,,0,,
10/2/2021 0:00:00,"MBO","FMMP2021",,,,,,0,,1
10/3/2021 0:00:00,"MBO","FMMP2021",7.5,24.00,,,,0,,3
10/3/2021 0:00:00,"MBO","OWLS2021",,,,,,0,,
10/4/2021 0:00:00,"MBO","FMMP2021",11,80.00,,,,0,,5
10/4/2021 0:00:00,"MBO","OWLS2021",,,,,,0,,
10/5/2021 0:00:00,"MBO","FMMP2021",8.5,80.00,,,,0,,4.5
10/5/2021 0:00:00,"MBO","OWLS2021",,,,,,0,,
10/6/2021 0:00:00,"MBO","FMMP2021",6,72.00,,,,0,,4
10/6/2021 0:00:00,"MBO","OWLS2021",,,,,,0,,
10/7/2021 0:00:00,"MBO","FMMP2021",13.8,80.00,,,,0,,5
10/7/2021 0:00:00,"MBO","OWLS2021",,,,,,0,,
10/8/2021 0:00:00,"MBO","FMMP2021",7.8,80.00,,,,0,,4.5
10/8/2021 0:00:00,"MBO","OWLS2021",,,,,,0,,
10/9/2021 0:00:00,"MBO","FMMP2021",4.2,80.00,,,,0,,4
10/9/2021 0:00:00,"MBO","OWLS2021",,,,,,0,,
10/10/2021 0:00:00,"MBO","FMMP2021",6.8,80.00,,,,0,,4.5
10/10/2021 0:00:00,"MBO","OWLS2021",,,,,,0,,
10/11/2021 0:00:00,"MBO","FMMP2021",8.2,80.00,,,,0,,4.5
10/11/2021 0:00:00,"MBO","OWLS2021",,,,,,0,,
10/12/2021 0:00:00,"MBO","FMMP2021",10.5,80.00,,,,0,,5
10/12/2021 0:00:00,"MBO","OWLS2021",,,,,,0,,
10/13/2021 0:00:00,"MBO","FMMP2021",8,80.00,,,,0,,4.5
10/13/2021 0:00:00,"MBO","OWLS2021",,,,,,0,,
10/14/2021 0:00:00,"MBO","FMMP2021",11.2,80.00,,,,0,,5
10/14/2021 0:00:00,"MBO","OWLS2021",,,,,,0,,
10/15/2021 0:00:00,"MBO","FMMP2021",7.5,72.00,,,,0,,4
10/15/2021 0:00:00,"MBO","OWLS2021",,,,,,0,,
10/16/2021 0:00:00,"MBO","FMMP2021",3,56.00,,,,0,,3.5
10/17/2021 0:00:00,"MBO","FMMP2021",5.5,80.00,,,,0,,4
10/17/2021 0:00:00,"MBO","OWLS2021",,,,,,0,,
10/18/2021 0:00:00,"MBO","FMMP2021",5.2,60.00,,,,0,,3.5
10/18/2021 0:00:00,"MBO","OWLS2021",,,,,,0,,
10/19/2021 0:00:00,"MBO","FMMP2021",9.8,80.00,,,,0,,5
10/19/2021 0:00:00,"MBO","OWLS2021",,,,,,0,,
10/20/2021 0:00:00,"MBO","FMMP2021",5.5,80.00,,,,0,,4
10/20/2021 0:00:00,"MBO","OWLS2021",,,,,,0,,
10/21/2021 0:00:00,"MBO","FMMP2021",9.8,32.00,,,,0,,4
10/22/2021 0:00:00,"MBO","FMMP2021",7.8,64.00,,,,0,,4
10/22/2021 0:00:00,"MBO","OWLS2021",,,,,,0,,
10/23/2021 0:00:00,"MBO","FMMP2021",8.2,80.00,,,,0,,4.5
10/23/2021 0:00:00,"MBO","OWLS2021",,,,,,0,,
10/24/2021 0:00:00,"MBO","FMMP2021",10,80.00,,,,0,,5
10/24/2021 0:00:00,"MBO","OWLS2021",,,,,,0,,
10/25/2021 0:00:00,"MBO","FMMP2021",3.2,20.00,,,,0,,2.5
10/26/2021 0:00:00,"MBO","FMMP2021",,,,,,0,,1
10/27/2021 0:00:00,"MBO","FMMP2021",10.2,80.00,,,,0,,5
10/27/2021 0:00:00,"MBO","OWLS2021",,,,,,0,,
10/28/2021 0:00:00,"MBO","FMMP2021",7,80.00,,,,0,,4.5
10/28/2021 0:00:00,"MBO","OWLS2021",,,,,,0,,
10/29/2021 0:00:00,"MBO","FMMP2021",6.5,80.00,,,,0,,4.5
10/29/2021 0:00:00,"MBO","OWLS2021",,,,,,0,,
10/30/2021 0:00:00,"MBO","FMMP2021",10,42.00,,,,0,,4
10/31/2021 0:00:00,"MBO","OWLS2021",,,,,,0,,
11/1/2021 0:00:00,"MBO","FMMP2021",4.5,59.00,,,,0,,3.5
11/1/2021 0:00:00,"MBO","OWLS2021",,,,,,0,,
11/2/2021 0:00:00,"MBO","FMMP2021",13,80.00,,,,0,,5
11/2/2021 0:00:00,"MBO","OWLS2021",,,,,,0,,
11/3/2021 0:00:00,"MBO","FMMP2021",11,80.00,,,,0,,5
11/3/2021 0:00:00,"MBO","OWLS2021",,,,,,0,,
11/4/2021 0:00:00,"MBO","FMMP2021",12.2,80.00,,,,0,,5
11/4/2021 0:00:00,"MBO","OWLS2021",,,,,,0,,
11/5/2021 0:00:00,"MBO","FMMP2021",9.5,80.00,,,,0,,5
11/5/2021 0:00:00,"MBO","OWLS2021",,,,,,0,,
11/6/2021 0:00:00,"MBO","FMMP2021",15.5,80.00,,,,0,,5
11/6/2021 0:00:00,"MBO","OWLS2021",,,,,,0,,
11/8/2021 0:00:00,"MBO","WINTER2021-2022",,,,,,0,,
11/9/2021 0:00:00,"MBO","WINTER2021-2022",,,,,,0,,
11/15/2021 0:00:00,"OTAI","OTAI",,,,,,0,,
11/17/2021 0:00:00,"MBO","WINTER2021-2022",,,,,,0,,
11/20/2021 0:00:00,"MBO","WINTER2021-2022",5,12.00,,,,0,,
11/24/2021 0:00:00,"MBO","WINTER2021-2022",,,,,,0,,
11/25/2021 0:00:00,"MBO","WINTER2021-2022",,,,,,0,,
11/28/2021 0:00:00,"MBO","WINTER2021-2022",,,,,,0,,
12/1/2021 0:00:00,"OTAI","OTAI",,,,,,0,,
12/2/2021 0:00:00,"MBO","WINTER2021-2022",,,,,,0,,
12/4/2021 0:00:00,"MBO","WINTER2021-2022",,,,,,0,,
12/5/2021 0:00:00,"MBO","WINTER2021-2022",,,,,,0,,
12/7/2021 0:00:00,"OTAI","OTAI",,,,,,0,,
12/9/2021 0:00:00,"MBO","WINTER2021-2022",,,,,,0,,
12/9/2021 0:00:00,"OTAI","OTAI",,,,,,0,,
12/10/2021 0:00:00,"MBO","WINTER2021-2022",,,,,,0,,
12/12/2021 0:00:00,"MBO","WINTER2021-2022",,,,,,0,,
12/15/2021 0:00:00,"OTAI","OTAI",,,,,,0,,
12/16/2021 0:00:00,"MBO","WINTER2021-2022",,,,,,0,,
12/17/2021 0:00:00,"MBO","WINTER2021-2022",,,,,,0,,
12/18/2021 0:00:00,"OTAI","OTAI",,,,,,0,,
12/19/2021 0:00:00,"MBO","WINTER2021-2022",,,,,,0,,
12/22/2021 0:00:00,"MBO","WINTER2021-2022",,,,,,0,,
12/22/2021 0:00:00,"STRO","SNBU2021-22",,,,,,0,,
12/23/2021 0:00:00,"STRO","SNBU2021-22",,,,,,0,,
12/24/2021 0:00:00,"STRO","SNBU2021-22",,,,,,0,,
12/26/2021 0:00:00,"MBO","WINTER2021-2022",,,,,,0,,
12/27/2021 0:00:00,"STRO","SNBU2021-22",,,,,,0,,
12/28/2021 0:00:00,"STRO","SNBU2021-22",,,,,,0,,
12/29/2021 0:00:00,"MBO","WINTER2021-2022",,,,,,0,,
12/29/2021 0:00:00,"STRO","SNBU2021-22",,,,,,0,,
12/30/2021 0:00:00,"MBO","WINTER2021-2022",,,,,,0,,
12/31/2021 0:00:00,"STRO","SNBU2021-22",,,,,,0,,
1/2/2022 0:00:00,"MBO","WINTER2021-2022",,,,,,0,,
1/3/2022 0:00:00,"MTCH","SNBU2021-22",,,,,,0,,
1/3/2022 0:00:00,"STRO","SNBU2021-22",,,,,,0,,
1/4/2022 0:00:00,"MTCH","SNBU2021-22",,,,,,0,,
1/4/2022 0:00:00,"STRO","SNBU2021-22",,,,,,0,,
1/5/2022 0:00:00,"MTCH","SNBU2021-22",,,,,,0,,
1/6/2022 0:00:00,"MBO","WINTER2021-2022",,,,,,0,,
1/6/2022 0:00:00,"MIR","SNBU2021-22",,,,,,0,,
1/6/2022 0:00:00,"MTCH","SNBU2021-22",,,,,,0,,
1/7/2022 0:00:00,"MIR","SNBU2021-22",,,,,,0,,
1/7/2022 0:00:00,"MTCH","SNBU2021-22",,,,,,0,,
1/7/2022 0:00:00,"OTAI","OTAI",,,,,,0,,
1/8/2022 0:00:00,"MIR","SNBU2021-22",,,,,,0,,
1/8/2022 0:00:00,"MTCH","SNBU2021-22",,,,,,0,,
1/9/2022 0:00:00,"MBO","WINTER2021-2022",,,,,,0,,
1/9/2022 0:00:00,"MTCH","SNBU2021-22",,,,,,0,,
1/12/2022 0:00:00,"MIR","SNBU2021-22",,,,,,0,,
1/12/2022 0:00:00,"MTCH","SNBU2021-22",,,,,,0,,
1/13/2022 0:00:00,"MBO","WINTER2021-2022",,,,,,0,,
1/13/2022 0:00:00,"MTCH","SNBU2021-22",,,,,,0,,
1/14/2022 0:00:00,"MTCH","SNBU2021-22",,,,,,0,,
1/15/2022 0:00:00,"MTCH","SNBU2021-22",,,,,,0,,
1/16/2022 0:00:00,"MBO","WINTER2021-2022",,,,,,0,,
1/18/2022 0:00:00,"MIR","SNBU2021-22",,,,,,0,,
1/18/2022 0:00:00,"STRO","SNBU2021-22",,,,,,0,,
1/19/2022 0:00:00,"MIR","SNBU2021-22",,,,,,0,,
1/20/2022 0:00:00,"MBO","WINTER2021-2022",,,,,,0,,
1/20/2022 0:00:00,"MIR","SNBU2021-22",,,,,,0,,
1/20/2022 0:00:00,"MTCH","SNBU2021-22",,,,,,0,,
1/20/2022 0:00:00,"STRO","SNBU2021-22",,,,,,0,,
1/21/2022 0:00:00,"MTCH","SNBU2021-22",,,,,,0,,
1/21/2022 0:00:00,"STRO","SNBU2021-22",,,,,,0,,
1/22/2022 0:00:00,"MTCH","SNBU2021-22",,,,,,0,,
1/22/2022 0:00:00,"STRO","SNBU2021-22",,,,,,0,,
1/23/2022 0:00:00,"MBO","WINTER2021-2022",,,,,,0,,
1/23/2022 0:00:00,"MTCH","SNBU2021-22",,,,,,0,,
1/23/2022 0:00:00,"SHER","SNBU2021-22",,,,,,0,,
1/23/2022 0:00:00,"STRO","SNBU2021-22",,,,,,0,,
1/24/2022 0:00:00,"MTCH","SNBU2021-22",,,,,,0,,
1/24/2022 0:00:00,"STRO","SNBU2021-22",,,,,,0,,
1/25/2022 0:00:00,"MIR","SNBU2021-22",,,,,,0,,
1/25/2022 0:00:00,"MTCH","SNBU2021-22",,,,,,0,,
1/26/2022 0:00:00,"MTCH","SNBU2021-22",,,,,,0,,
1/27/2022 0:00:00,"MBO","WINTER2021-2022",,,,,,0,,
1/27/2022 0:00:00,"MTCH","SNBU2021-22",,,,,,0,,
1/28/2022 0:00:00,"MBO","WINTER2021-2022",,,,,,0,,
1/28/2022 0:00:00,"MIR","SNBU2021-22",,,,,,0,,
1/28/2022 0:00:00,"MTCH","SNBU2021-22",,,,,,0,,
1/29/2022 0:00:00,"MIR","SNBU2021-22",,,,,,0,,
1/29/2022 0:00:00,"MTCH","SNBU2021-22",,,,,,0,,
1/30/2022 0:00:00,"MBO","WINTER2021-2022",,,,,,0,,
1/30/2022 0:00:00,"MIR","SNBU2021-22",,,,,,0,,
1/30/2022 0:00:00,"MTCH","SNBU2021-22",,,,,,0,,
1/30/2022 0:00:00,"SHER","SNBU2021-22",,,,,,0,,
1/31/2022 0:00:00,"MIR","SNBU2021-22",,,,,,0,,
1/31/2022 0:00:00,"MTCH","SNBU2021-22",,,,,,0,,
2/2/2022 0:00:00,"MTCH","SNBU2021-22",,,,,,0,,
2/3/2022 0:00:00,"MBO","WINTER2021-2022",,,,,,0,,
2/3/2022 0:00:00,"MIR","SNBU2021-22",,,,,,0,,
2/4/2022 0:00:00,"MIR","SNBU2021-22",,,,,,0,,
2/4/2022 0:00:00,"MTCH","SNBU2021-22",,,,,,0,,
2/4/2022 0:00:00,"STRO","SNBU2021-22",,,,,,0,,
2/5/2022 0:00:00,"MIR","SNBU2021-22",,,,,,0,,
2/5/2022 0:00:00,"MTCH","SNBU2021-22",,,,,,0,,
2/5/2022 0:00:00,"STRO","SNBU2021-22",,,,,,0,,
2/6/2022 0:00:00,"MBO","WINTER2021-2022",,,,,,0,,
2/6/2022 0:00:00,"MIR","SNBU2021-22",,,,,,0,,
2/6/2022 0:00:00,"MTCH","SNBU2021-22",,,,,,0,,
2/6/2022 0:00:00,"STRO","SNBU2021-22",,,,,,0,,
2/7/2022 0:00:00,"MIR","SNBU2021-22",,,,,,0,,
2/7/2022 0:00:00,"MTCH","SNBU2021-22",,,,,,0,,
2/7/2022 0:00:00,"STRO","SNBU2021-22",,,,,,0,,
2/9/2022 0:00:00,"MBO","WINTER2021-2022",,,,,,0,,
2/9/2022 0:00:00,"MIR","SNBU2021-22",,,,,,0,,
2/9/2022 0:00:00,"MTCH","SNBU2021-22",,,,,,0,,
2/10/2022 0:00:00,"MBO","WINTER2021-2022",,9.00,,,,0,,
2/10/2022 0:00:00,"MTCH","SNBU2021-22",,,,,,0,,
2/11/2022 0:00:00,"MIR","SNBU2021-22",,,,,,0,,
2/11/2022 0:00:00,"MTCH","SNBU2021-22",,,,,,0,,
2/12/2022 0:00:00,"MIR","SNBU2021-22",,,,,,0,,
2/13/2022 0:00:00,"MBO","WINTER2021-2022",,,,,,0,,
2/14/2022 0:00:00,"MTCH","SNBU2021-22",,,,,,0,,
2/15/2022 0:00:00,"MTCH","SNBU2021-22",,,,,,0,,
2/16/2022 0:00:00,"MTCH","SNBU2021-22",,,,,,0,,
2/17/2022 0:00:00,"MBO","WINTER2021-2022",,,,,,0,,
2/18/2022 0:00:00,"MIR","SNBU2021-22",,,,,,0,,
2/20/2022 0:00:00,"MBO","WINTER2021-2022",,,,,,0,,
2/20/2022 0:00:00,"MIR","SNBU2021-22",,,,,,0,,
2/20/2022 0:00:00,"MTCH","SNBU2021-22",,,,,,0,,
2/21/2022 0:00:00,"MIR","SNBU2021-22",,,,,,0,,
2/21/2022 0:00:00,"MTCH","SNBU2021-22",,,,,,0,,
2/22/2022 0:00:00,"MIR","SNBU2021-22",,,,,,0,,
2/22/2022 0:00:00,"STRO","SNBU2021-22",,,,,,0,,
2/24/2022 0:00:00,"MTCH","SNBU2021-22",,,,,,0,,
2/24/2022 0:00:00,"STRO","SNBU2021-22",,,,,,0,,
2/26/2022 0:00:00,"MBO","WINTER2021-2022",,,,,,0,,
2/26/2022 0:00:00,"MTCH","SNBU2021-22",,,,,,0,,
2/26/2022 0:00:00,"STRO","SNBU2021-22",,,,,,0,,
2/28/2022 0:00:00,"MTCH","SNBU2021-22",,,,,,0,,
3/1/2022 0:00:00,"MIR","SNBU2021-22",,,,,,0,,
3/1/2022 0:00:00,"MTCH","SNBU2021-22",,,,,,0,,
3/2/2022 0:00:00,"MIR","SNBU2021-22",,,,,,0,,
3/2/2022 0:00:00,"MTCH","SNBU2021-22",,,,,,0,,
3/3/2022 0:00:00,"MBO","WINTER2021-2022",,,,,,0,,
3/3/2022 0:00:00,"MIR","SNBU2021-22",,,,,,0,,
3/3/2022 0:00:00,"MTCH","SNBU2021-22",,,,,,0,,
3/4/2022 0:00:00,"MIR","SNBU2021-22",,,,,,0,,
3/4/2022 0:00:00,"MTCH","SNBU2021-22",,,,,,0,,
3/5/2022 0:00:00,"MIR","SNBU2021-22",,,,,,0,,
3/5/2022 0:00:00,"MTCH","SNBU2021-22",,,,,,0,,
3/5/2022 0:00:00,"SHER","SNBU2021-22",,,,,,0,,
3/7/2022 0:00:00,"MBO","WINTER2021-2022",,,,,,0,,
3/7/2022 0:00:00,"MIR","SNBU2021-22",,,,,,0,,
3/8/2022 0:00:00,"MBO","WINTER2021-2022",,,,,,0,,
3/8/2022 0:00:00,"MIR","SNBU2021-22",,,,,,0,,
3/9/2022 0:00:00,"MIR","SNBU2021-22",,,,,,0,,
3/9/2022 0:00:00,"MTCH","SNBU2021-22",,,,,,0,,
3/9/2022 0:00:00,"STRO","SNBU2021-22",,,,,,0,,
3/10/2022 0:00:00,"MBO","WINTER2021-2022",,,,,,0,,
3/10/2022 0:00:00,"MTCH","SNBU2021-22",,,,,,0,,
3/11/2022 0:00:00,"STRO","SNBU2021-22",,,,,,0,,
3/12/2022 0:00:00,"MIR","SNBU2021-22",,,,,,0,,
3/13/2022 0:00:00,"MBO","WINTER2021-2022",,,,,,0,,
3/13/2022 0:00:00,"MIR","SNBU2021-22",,,,,,0,,
3/13/2022 0:00:00,"STRO","SNBU2021-22",,,,,,0,,
3/14/2022 0:00:00,"MTCH","SNBU2021-22",,,,,,0,,
3/14/2022 0:00:00,"STRO","SNBU2021-22",,,,,,0,,
3/17/2022 0:00:00,"MBO","WINTER2021-2022",,,,,,0,,
3/20/2022 0:00:00,"MBO","WINTER2021-2022",,,,,,0,,
3/20/2022 0:00:00,"OTAI","OTAI",,,,,,0,,
3/21/2022 0:00:00,"MBO","WINTER2021-2022",,,,,,0,,
3/24/2022 0:00:00,"MBO","WINTER2021-2022",,,,,,0,,
3/26/2022 0:00:00,"MBO","WINTER2021-2022",8,9.00,,,,0,,
3/27/2022 0:00:00,"MBO","WINTER2021-2022",,,,,,0,,
3/28/2022 0:00:00,"MBO","SMMP2022",,,,,,0,,1
3/29/2022 0:00:00,"MBO","SMMP2022",,,,,,0,,1
3/30/2022 0:00:00,"MBO","SMMP2022",,,,,,0,,1
3/31/2022 0:00:00,"MBO","SMMP2022",,,,,,0,,1
4/1/2022 0:00:00,"MBO","SMMP2022",,,,,,0,,1
4/2/2022 0:00:00,"MBO","SMMP2022",,,,,,0,,1
4/3/2022 0:00:00,"MBO","SMMP2022",,,,,,0,,1
4/4/2022 0:00:00,"MBO","SMMP2022",,,,,,0,,1
4/5/2022 0:00:00,"MBO","SMMP2022",,,,,,0,,1
4/6/2022 0:00:00,"MBO","SMMP2022",,,,,,0,,1
4/6/2022 0:00:00,"OTAI","OTAI",,,,,,0,,
4/7/2022 0:00:00,"MBO","SMMP2022",,,,,,0,,1
4/8/2022 0:00:00,"MBO","SMMP2022",,,,,,0,,1
4/9/2022 0:00:00,"MBO","SMMP2022",,,,,,0,,1
4/10/2022 0:00:00,"MBO","SMMP2022",,,,,,0,,1
4/11/2022 0:00:00,"MBO","SMMP2022",,,,,,0,,1
4/12/2022 0:00:00,"MBO","SMMP2022",,,,,,0,,1
4/13/2022 0:00:00,"MBO","SMMP2022",,,,,,0,,1
4/14/2022 0:00:00,"MBO","SMMP2022",,,,,,0,,1
4/15/2022 0:00:00,"MBO","SMMP2022",,,,,,0,,1
4/16/2022 0:00:00,"MBO","SMMP2022",,,,,,0,,1
4/17/2022 0:00:00,"MBO","SMMP2022",,,,,,0,,1
4/18/2022 0:00:00,"MBO","SMMP2022",17,70.00,,,,0,,4.5
4/20/2022 0:00:00,"MBO","SMMP2022",10.5,50.00,,,,0,,4.5
4/21/2022 0:00:00,"MBO","SMMP2022",18.8,80.00,,,,0,,5
4/22/2022 0:00:00,"MBO","SMMP2022",16.8,80.00,,,,0,,5
4/23/2022 0:00:00,"MBO","SMMP2022",7,80.00,,,,0,,4.5
4/24/2022 0:00:00,"MBO","SMMP2022",10,80.00,,,,0,,5
4/25/2022 0:00:00,"MBO","SMMP2022",10.8,80.00,,,,0,,5
4/26/2022 0:00:00,"MBO","SMMP2022",12.5,80.00,,,,0,,5
4/27/2022 0:00:00,"MBO","SMMP2022",3.2,28.00,,,,0,,3
4/28/2022 0:00:00,"MBO","SMMP2022",5.5,80.00,,,,0,,4
4/29/2022 0:00:00,"MBO","SMMP2022",16,80.00,,,,0,,5
4/30/2022 0:00:00,"MBO","SMMP2022",24,80.00,,,,0,,5
5/1/2022 0:00:00,"MBO","SMMP2022",17.5,80.00,,,,0,,5
5/2/2022 0:00:00,"MBO","SMMP2022",17.8,80.00,,,,0,,5
5/3/2022 0:00:00,"MBO","SMMP2022",12.8,80.00,,,,0,,5
5/4/2022 0:00:00,"MBO","SMMP2022",3.5,,,,,0,,2
5/5/2022 0:00:00,"MBO","SMMP2022",23.5,80.00,,,,0,,5
5/6/2022 0:00:00,"MBO","SMMP2022",21.5,80.00,,,,0,,5
5/7/2022 0:00:00,"MBO","SMMP2022",16.5,80.00,,,,0,,5
5/8/2022 0:00:00,"MBO","SMMP2022",11.8,80.00,,,,0,,5
5/9/2022 0:00:00,"MBO","SMMP2022",15.8,80.00,,,,0,,5
5/10/2022 0:00:00,"MBO","HUM2022_Spring",,,,,,0,,
5/10/2022 0:00:00,"MBO","SMMP2022",14.2,80.00,,,,0,,5
5/11/2022 0:00:00,"MBO","SMMP2022",10,80.00,,,,0,,5
5/12/2022 0:00:00,"MBO","SMMP2022",14.8,80.00,,,,0,,5
5/13/2022 0:00:00,"MBO","SMMP2022",13.5,80.00,,,,0,,5
5/14/2022 0:00:00,"MBO","SMMP2022",12.5,80.00,,,,0,,5
5/15/2022 0:00:00,"MBO","SMMP2022",4.2,80.00,,,,0,,4
5/16/2022 0:00:00,"MBO","HUM2022_Spring",,,,,,0,,
5/16/2022 0:00:00,"MBO","SMMP2022",15,80.00,,,,0,,5
5/16/2022 0:00:00,"MRC","NEST2022",,,,,,0,,
5/17/2022 0:00:00,"MBO","SMMP2022",6.2,48.00,,,,0,,3.5
5/18/2022 0:00:00,"MBO","SMMP2022",12.2,80.00,,,,0,,5
5/19/2022 0:00:00,"MBO","HUM2022_Spring",,,,,,0,,
5/19/2022 0:00:00,"MBO","SMMP2022",10.8,80.00,,,,0,,5
5/20/2022 0:00:00,"MBO","HUM2022_Spring",,,,,,0,,
5/20/2022 0:00:00,"MBO","SMMP2022",10.8,80.00,,,,0,,5
5/21/2022 0:00:00,"MBO","SMMP2022",12.8,80.00,,,,0,,5
5/22/2022 0:00:00,"MBO","SMMP2022",9.5,80.00,,,,0,,5
5/23/2022 0:00:00,"MBO","SMMP2022",11.2,80.00,,,,0,,5
5/24/2022 0:00:00,"MBO","HUM2022_Spring",,,,,,0,,
5/24/2022 0:00:00,"MBO","SMMP2022",12.8,80.00,,,,0,,5
5/25/2022 0:00:00,"MBO","SMMP2022",10.8,80.00,,,,0,,5
5/26/2022 0:00:00,"MBO","SMMP2022",4.5,32.00,,,,0,,3
5/27/2022 0:00:00,"MBO","SMMP2022",,,,,,0,,1
5/28/2022 0:00:00,"CIBE","NEST2022",,,,,,0,,
5/28/2022 0:00:00,"MBO","SMMP2022",20.8,68.00,,,,0,,4.5
5/29/2022 0:00:00,"MBO","SMMP2022",12,80.00,,,,0,,5
5/29/2022 0:00:00,"MRC","NEST2022",,,,,,0,,
5/30/2022 0:00:00,"MBO","SMMP2022",16.8,80.00,,,,0,,5
5/31/2022 0:00:00,"CIBE","NEST2022",,,,,,0,,
5/31/2022 0:00:00,"MBO","SMMP2022",16,80.00,,,,0,,5
6/1/2022 0:00:00,"MBO","SMMP2022",16.5,80.00,,,,0,,5
6/2/2022 0:00:00,"MBO","SMMP2022",,,,,,0,,1
6/3/2022 0:00:00,"MBO","SMMP2022",,,,,,0,,1
6/3/2022 0:00:00,"SBL","SEAT2022",,,,,,0,,
6/4/2022 0:00:00,"MBO","SMMP2022",,,,,,0,,1
6/5/2022 0:00:00,"BIGR","MAPS2022",,54.00,,,,0,,
6/5/2022 0:00:00,"MBO","SMMP2022",,,,,,0,,1
6/5/2022 0:00:00,"PCC","NEST2022",,,,,,0,,
6/5/2022 0:00:00,"SBL","SEAT2022",,,,,,0,,
6/6/2022 0:00:00,"MRC","NEST2022",,,,,,0,,
6/6/2022 0:00:00,"SBL","SEAT2022",,,,,,0,,
6/8/2022 0:00:00,"ISB","NEST2022",,,,,,0,,
6/8/2022 0:00:00,"MBO","MAPS2022",,54.00,,,,0,,
6/8/2022 0:00:00,"PCC","NEST2022",,,,,,0,,
6/10/2022 0:00:00,"KANA","NEST2022",,,,,,0,,
6/10/2022 0:00:00,"MAC","NEST2022",,,,,,0,,
6/11/2022 0:00:00,"AK77","AMKE2022",,,,,,0,,
6/11/2022 0:00:00,"PCC","NEST2022",,,,,,0,,
6/11/2022 0:00:00,"TECH","NEST2022",,,,,,0,,
6/12/2022 0:00:00,"AK68","AMKE2022",,,,,,0,,
6/12/2022 0:00:00,"BIGR","MAPS2022",,54.00,,,,0,,
6/13/2022 0:00:00,"MBO","NEST2022",,,,,,0,,
6/13/2022 0:00:00,"VELA","NEST2022",,,,,,0,,
6/13/2022 0:00:00,"VISE","NEST2022",,,,,,0,,
6/14/2022 0:00:00,"CIBE","NEST2022",,,,,,0,,
6/14/2022 0:00:00,"MAC","NEST2022",,,,,,0,,
6/15/2022 0:00:00,"AK41","AMKE2022",,,,,,0,,
6/15/2022 0:00:00,"AK75","AMKE2022",,,,,,0,,
6/15/2022 0:00:00,"CIBE","NEST2022",,,,,,0,,
6/15/2022 0:00:00,"PCC","NEST2022",,,,,,0,,
6/17/2022 0:00:00,"MRC","NEST2022",,,,,,0,,
6/17/2022 0:00:00,"UDEM","PEFA",,,,,,0,,
6/19/2022 0:00:00,"CIBE","NEST2022",,,,,,0,,
6/19/2022 0:00:00,"MBO","MAPS2022",,54.00,,,,0,,
6/19/2022 0:00:00,"PCC","NEST2022",,,,,,0,,
6/19/2022 0:00:00,"VISE","NEST2022",,,,,,0,,
6/20/2022 0:00:00,"AK904","AMKE2022",,,,,,0,,
6/20/2022 0:00:00,"KANA","NEST2022",,,,,,0,,
6/22/2022 0:00:00,"AK08","AMKE2022",,,,,,0,,
6/22/2022 0:00:00,"AK23","AMKE2022",,,,,,0,,
6/24/2022 0:00:00,"AK42","AMKE2022",,,,,,0,,
6/24/2022 0:00:00,"AK78","AMKE2022",,,,,,0,,
6/24/2022 0:00:00,"MAC","NEST2022",,,,,,0,,
6/24/2022 0:00:00,"MRC","NEST2022",,,,,,0,,
6/25/2022 0:00:00,"AK16","AMKE2022",,,,,,0,,
6/25/2022 0:00:00,"BIGR","MAPS2022",,54.00,,,,0,,
6/26/2022 0:00:00,"PCC","NEST2022",,,,,,0,,
6/27/2022 0:00:00,"AK01","AMKE2022",,,,,,0,,
6/27/2022 0:00:00,"AK47","AMKE2022",,,,,,0,,
6/27/2022 0:00:00,"AK60","AMKE2022",,,,,,0,,
6/27/2022 0:00:00,"AK61","AMKE2022",,,,,,0,,
6/27/2022 0:00:00,"AK62","AMKE2022",,,,,,0,,
6/27/2022 0:00:00,"AK64","AMKE2022",,,,,,0,,
6/27/2022 0:00:00,"AK65B","AMKE2022",,,,,,0,,
6/27/2022 0:00:00,"AK901","AMKE2022",,,,,,0,,
6/27/2022 0:00:00,"AK902","AMKE2022",,,,,,0,,
6/27/2022 0:00:00,"AK903","AMKE2022",,,,,,0,,
6/28/2022 0:00:00,"ODAN","NEST2022",,,,,,0,,
6/29/2022 0:00:00,"CIBE","NEST2022",,,,,,0,,
6/29/2022 0:00:00,"MBO","MAPS2022",,54.00,,,,0,,
6/29/2022 0:00:00,"VISE","NEST2022",,,,,,0,,
6/30/2022 0:00:00,"AK69","AMKE2022",,,,,,0,,
6/30/2022 0:00:00,"AK76","AMKE2022",,,,,,0,,
7/1/2022 0:00:00,"MRC","NEST2022",,,,,,0,,
7/2/2022 0:00:00,"BIGR","MAPS2022",,54.00,,,,0,,
7/6/2022 0:00:00,"MBO","MAPS2022",,54.00,,,,0,,
7/7/2022 0:00:00,"KANA","NEST2022",,,,,,0,,
7/7/2022 0:00:00,"VISE","NEST2022",,,,,,0,,
7/8/2022 0:00:00,"AK66","AMKE2022",,,,,,0,,
7/13/2022 0:00:00,"MBO","MAPS2022",,54.00,,,,0,,
7/16/2022 0:00:00,"PCC","NEST2022",,,,,,0,,
7/18/2022 0:00:00,"BIGR","MAPS2022",,54.00,,,,0,,
7/20/2022 0:00:00,"MAC","NEST2022",,,,,,0,,
7/22/2022 0:00:00,"MBO","MAPS2022",,54.00,,,,0,,
7/23/2022 0:00:00,"AK69","AMKE2022",,,,,,0,,
7/26/2022 0:00:00,"BIGR","MAPS2022",,54.00,,,,0,,
7/28/2022 0:00:00,"MRC","NEST2022",,,,,,0,,
7/30/2022 0:00:00,"MBO","MAPS2022",,54.00,,,,0,,
7/31/2022 0:00:00,"BIGR","MAPS2022",,54.00,,,,0,,
8/1/2022 0:00:00,"MBO","FMMP2022",6.5,80.00,,,,0,,4.5
8/2/2022 0:00:00,"MBO","FMMP2022",17.5,78.00,,,,0,,5
8/3/2022 0:00:00,"MBO","FMMP2022",5,80.00,,,,0,,4
8/4/2022 0:00:00,"MBO","FMMP2022",3,80.00,,,,0,,4
8/5/2022 0:00:00,"MBO","FMMP2022",5.2,80.00,,,,0,,4
8/5/2022 0:00:00,"MBO","HUM2022_Fall",,,,,,0,,
8/6/2022 0:00:00,"MBO","FMMP2022",15,80.00,,,,0,,5
8/6/2022 0:00:00,"MBO","HUM2022_Fall",,,,,,0,,
8/7/2022 0:00:00,"MBO","FMMP2022",5.5,80.00,,,,0,,4
8/7/2022 0:00:00,"MBO","HUM2022_Fall",,,,,,0,,
8/8/2022 0:00:00,"MBO","FMMP2022",3.5,79.00,,,,0,,4
8/9/2022 0:00:00,"MBO","FMMP2022",8.5,80.00,,,,0,,4.5
8/10/2022 0:00:00,"MBO","FMMP2022",9.2,80.00,,,,0,,5
8/10/2022 0:00:00,"MBO","HUM2022_Fall",,,,,,0,,
8/11/2022 0:00:00,"MBO","FMMP2022",3.8,80.00,,,,0,,4
8/12/2022 0:00:00,"MBO","FMMP2022",6,80.00,,,,0,,4.5
8/12/2022 0:00:00,"MBO","HUM2022_Fall",,,,,,0,,
8/13/2022 0:00:00,"MBO","FMMP2022",15,80.00,,,,0,,5
8/14/2022 0:00:00,"MBO","FMMP2022",8.5,80.00,,,,0,,4.5
8/15/2022 0:00:00,"MBO","FMMP2022",13,79.50,,,,0,,5
8/15/2022 0:00:00,"NICH","NEST2022",,,,,,0,,
8/16/2022 0:00:00,"MBO","FMMP2022",8.5,80.00,,,,0,,4.5
8/17/2022 0:00:00,"MBO","FMMP2022",5.8,80.00,,,,0,,4
8/18/2022 0:00:00,"MBO","FMMP2022",13.2,80.00,,,,0,,5
8/19/2022 0:00:00,"MBO","FMMP2022",14.2,80.00,,,,0,,5
8/19/2022 0:00:00,"MBO","HUM2022_Fall",,,,,,0,,
8/20/2022 0:00:00,"MBO","FMMP2022",6,80.00,,,,0,,4.5
8/21/2022 0:00:00,"MBO","FMMP2022",11.5,80.00,,,,0,,5
8/22/2022 0:00:00,"MBO","FMMP2022",12.8,80.00,,,,0,,5
8/23/2022 0:00:00,"MBO","FMMP2022",5,44.00,,,,0,,3
8/24/2022 0:00:00,"MBO","FMMP2022",8,80.00,,,,0,,4.5
8/25/2022 0:00:00,"MBO","FMMP2022",9,80.00,,,,0,,5
8/25/2022 0:00:00,"MBO","HUM2022_Fall",,,,,,0,,
8/26/2022 0:00:00,"MBO","FMMP2022",9,80.00,,,,0,,5
8/27/2022 0:00:00,"MBO","FMMP2022",7.2,80.00,,,,0,,4.5
8/28/2022 0:00:00,"MBO","FMMP2022",11.5,79.50,,,,0,,5
8/29/2022 0:00:00,"MBO","FMMP2022",15,80.00,,,,0,,5
8/30/2022 0:00:00,"MBO","FMMP2022",7.5,76.00,,,,0,,4.5
8/31/2022 0:00:00,"MBO","FMMP2022",11.5,80.00,,,,0,,5
9/1/2022 0:00:00,"MBO","FMMP2022",13,80.00,,,,0,,5
9/2/2022 0:00:00,"MBO","FMMP2022",7,80.00,,,,0,,4.5
9/2/2022 0:00:00,"MBO","HUM2022_Fall",,,,,,0,,
9/3/2022 0:00:00,"MBO","FMMP2022",8,80.00,,,,0,,4.5
9/4/2022 0:00:00,"MBO","FMMP2022",3,22.00,,,,0,,2.5
9/5/2022 0:00:00,"MBO","FMMP2022",10.5,80.00,,,,0,,5
9/6/2022 0:00:00,"MBO","FMMP2022",1.5,80.00,,,,0,,3.5
9/7/2022 0:00:00,"MBO","FMMP2022",12,80.00,,,,0,,5
9/8/2022 0:00:00,"MBO","FMMP2022",6.5,80.00,,,,0,,4.5
9/9/2022 0:00:00,"MBO","FMMP2022",10.5,80.00,,,,0,,5
9/10/2022 0:00:00,"MBO","FMMP2022",12.5,80.00,,,,0,,5
9/11/2022 0:00:00,"MBO","FMMP2022",15.5,80.00,,,,0,,5
9/12/2022 0:00:00,"MBO","FMMP2022",10,80.00,,,,0,,5
9/13/2022 0:00:00,"MBO","FMMP2022",8,48.00,,,,0,,3.5
9/14/2022 0:00:00,"MBO","FMMP2022",3.5,72.00,,,,0,,3.5
9/15/2022 0:00:00,"MBO","FMMP2022",11.5,80.00,,,,0,,5
9/16/2022 0:00:00,"MBO","FMMP2022",14.8,80.00,,,,0,,5
9/17/2022 0:00:00,"MBO","FMMP2022",11.5,80.00,,,,0,,5
9/18/2022 0:00:00,"MBO","FMMP2022",10.8,68.00,,,,0,,4.5
9/19/2022 0:00:00,"MBO","FMMP2022",2.5,24.00,,,,0,,2
9/20/2022 0:00:00,"MBO","FMMP2022",6,68.00,,,,0,,4
9/21/2022 0:00:00,"MBO","FMMP2022",6,80.00,,,,0,,4.5
9/22/2022 0:00:00,"MBO","FMMP2022",6,78.00,,,,0,,4.5
9/23/2022 0:00:00,"MBO","FMMP2022",14,79.50,,,,0,,5
9/24/2022 0:00:00,"MBO","FMMP2022",14.2,80.00,,,,0,,5
9/25/2022 0:00:00,"MBO","FMMP2022",13.8,80.00,,,,0,,5
9/26/2022 0:00:00,"MBO","FMMP2022",11,80.00,,,,0,,5
9/27/2022 0:00:00,"MBO","FMMP2022",0.5,3.00,,,,0,,2
9/28/2022 0:00:00,"MBO","FMMP2022",7,32.00,,,,0,,3.5
9/29/2022 0:00:00,"MBO","FMMP2022",14,80.00,,,,0,,5
9/30/2022 0:00:00,"MBO","FMMP2022",12.8,80.00,,,,0,,5
10/1/2022 0:00:00,"MBO","FMMP2022",16.8,80.00,,,,0,,5
10/2/2022 0:00:00,"MBO","FMMP2022",19.5,80.00,,,,0,,5
10/3/2022 0:00:00,"MBO","FMMP2022",9.8,80.00,,,,0,,5
10/4/2022 0:00:00,"MBO","FMMP2022",14.2,80.00,,,,0,,5
10/5/2022 0:00:00,"MBO","FMMP2022",10.2,80.00,,,,0,,5
10/6/2022 0:00:00,"MBO","FMMP2022",12.8,80.00,,,,0,,5
10/7/2022 0:00:00,"MBO","FMMP2022",9,60.00,,,,0,,4.5
10/8/2022 0:00:00,"MBO","FMMP2022",8.5,80.00,,,,0,,4.5
10/9/2022 0:00:00,"MBO","FMMP2022",3.2,31.50,,,,0,,3
10/10/2022 0:00:00,"MBO","FMMP2022",8.5,80.00,,,,0,,4.5
10/11/2022 0:00:00,"MBO","FMMP2022",11,80.00,,,,0,,5
10/12/2022 0:00:00,"MBO","FMMP2022",12.5,80.00,,,,0,,5
10/13/2022 0:00:00,"MBO","FMMP2022",9.5,80.00,,,,0,,5
10/14/2022 0:00:00,"MBO","FMMP2022",7.8,76.00,,,,0,,4.5
10/15/2022 0:00:00,"MBO","FMMP2022",13,80.00,,,,0,,5
10/16/2022 0:00:00,"MBO","FMMP2022",9.8,80.00,,,,0,,5
10/17/2022 0:00:00,"MBO","FMMP2022",11.2,80.00,,,,0,,5
10/18/2022 0:00:00,"MBO","FMMP2022",6,65.00,,,,0,,4
10/19/2022 0:00:00,"MBO","FMMP2022",4.5,80.00,,,,0,,4
10/20/2022 0:00:00,"MBO","FMMP2022",12.8,66.00,,,,0,,4.5
10/21/2022 0:00:00,"MBO","FMMP2022",11,80.00,,,,0,,5
10/22/2022 0:00:00,"MBO","FMMP2022",10.2,80.00,,,,0,,5
10/23/2022 0:00:00,"MBO","FMMP2022",16,80.00,,,,0,,5
10/24/2022 0:00:00,"MBO","FMMP2022",6.5,80.00,,,,0,,4.5
10/25/2022 0:00:00,"MBO","FMMP2022",8.5,80.00,,,,0,,4.5
10/26/2022 0:00:00,"MBO","FMMP2022",6,79.00,,,,0,,4.5
10/27/2022 0:00:00,"MBO","FMMP2022",16.2,80.00,,,,0,,5
10/28/2022 0:00:00,"MBO","FMMP2022",10.8,80.00,,,,0,,5
10/29/2022 0:00:00,"MBO","FMMP2022",12.2,72.00,,,,0,,4.5
10/30/2022 0:00:00,"MBO","FMMP2022",13,80.00,,,,0,,5
10/31/2022 0:00:00,"MBO","FMMP2022",4.5,80.00,,,,0,,4
11/1/2022 0:00:00,"MBO","FMMP2022",6,60.00,,,,0,,4
11/2/2022 0:00:00,"MBO","FMMP2022",9,72.00,,,,0,,4.5
11/3/2022 0:00:00,"MBO","FMMP2022",18.5,80.00,,,,0,,5
11/4/2022 0:00:00,"MBO","FMMP2022",11.2,80.00,,,,0,,5
11/5/2022 0:00:00,"MBO","FMMP2022",17.8,77.00,,,,0,,5
11/6/2022 0:00:00,"MBO","FMMP2022",1.5,3.00,,,,0,,2
11/7/2022 0:00:00,"MBO","WINTER2022-23",,,,,,0,,
11/9/2022 0:00:00,"MBO","WINTER2022-23",,10.50,,,,0,,
11/13/2022 0:00:00,"MBO","WINTER2022-23",,,,,,0,,
11/17/2022 0:00:00,"MBO","WINTER2022-23",,,,,,0,,
11/20/2022 0:00:00,"MBO","WINTER2022-23",,,,,,0,,
11/24/2022 0:00:00,"MBO","WINTER2022-23",,,,,,0,,
11/27/2022 0:00:00,"MBO","WINTER2022-23",,,,,,0,,
12/1/2022 0:00:00,"MBO","WINTER2022-23",,,,,,0,,
12/4/2022 0:00:00,"MBO","WINTER2022-23",,,,,,0,,
12/8/2022 0:00:00,"MBO","WINTER2022-23",,,,,,0,,
12/11/2022 0:00:00,"MBO","WINTER2022-23",,,,,,0,,
12/14/2022 0:00:00,"MBO","WINTER2022-23",,,,,,0,,
12/15/2022 0:00:00,"MBO","WINTER2022-23",,,,,,0,,
12/18/2022 0:00:00,"MBO","WINTER2022-23",,,,,,0,,
12/22/2022 0:00:00,"MBO","WINTER2022-23",,,,,,0,,
12/22/2022 0:00:00,"MIR","SNBU2022-23",,,,,,0,,
12/26/2022 0:00:00,"MBO","WINTER2022-23",,,,,,0,,
12/26/2022 0:00:00,"MIR","SNBU2022-23",,,,,,0,,
12/27/2022 0:00:00,"MIR","SNBU2022-23",,,,,,0,,
12/27/2022 0:00:00,"STRO","SNBU2022-23",,,,,,0,,
12/28/2022 0:00:00,"MIR","SNBU2022-23",,,,,,0,,
12/29/2022 0:00:00,"MBO","WINTER2022-23",,,,,,0,,
12/29/2022 0:00:00,"MIR","SNBU2022-23",,,,,,0,,
12/29/2022 0:00:00,"STRO","SNBU2022-23",,,,,,0,,
1/1/2023 0:00:00,"MBO","WINTER2022-23",,,,,,0,,
1/2/2023 0:00:00,"MBO","WINTER2022-23",,,,,,0,,
1/6/2023 0:00:00,"MBO","WINTER2022-23",,,,,,0,,
1/8/2023 0:00:00,"MBO","WINTER2022-23",,,,,,0,,
1/12/2023 0:00:00,"MBO","WINTER2022-23",,,,,,0,,
1/14/2023 0:00:00,"MBO","WINTER2022-23",,,,,,0,,
1/15/2023 0:00:00,"MBO","WINTER2022-23",,,,,,0,,
1/19/2023 0:00:00,"MBO","WINTER2022-23",,,,,,0,,
1/22/2023 0:00:00,"MBO","WINTER2022-23",,9.00,,,,0,,
1/23/2023 0:00:00,"MBO","WINTER2022-23",,,,,,0,,
1/27/2023 0:00:00,"MBO","WINTER2022-23",,,,,,0,,
1/29/2023 0:00:00,"MBO","WINTER2022-23",,,,,,0,,
2/2/2023 0:00:00,"MBO","WINTER2022-23",,,,,,0,,
2/5/2023 0:00:00,"MBO","WINTER2022-23",,,,,,0,,
2/9/2023 0:00:00,"MBO","WINTER2022-23",,,,,,0,,
2/12/2023 0:00:00,"MBO","WINTER2022-23",8,12.75,,,,0,,
2/16/2023 0:00:00,"MBO","WINTER2022-23",5,12.00,,,,0,,
2/19/2023 0:00:00,"MBO","WINTER2022-23",9,15.00,,,,0,,
2/21/2023 0:00:00,"MIR","SNBU2022-23",,,,,,0,,
2/22/2023 0:00:00,"MIR","SNBU2022-23",,,,,,0,,
2/23/2023 0:00:00,"MBO","WINTER2022-23",,,,,,0,,
2/23/2023 0:00:00,"MIR","SNBU2022-23",,,,,,0,,
2/24/2023 0:00:00,"MBO","WINTER2022-23",,,,,,0,,
2/24/2023 0:00:00,"MIR","SNBU2022-23",,,,,,0,,
2/26/2023 0:00:00,"MBO","WINTER2022-23",,,,,,0,,
3/1/2023 0:00:00,"MBO","WINTER2022-23",,,,,,0,,
3/5/2023 0:00:00,"MBO","WINTER2022-23",,8.25,,,,0,,
3/9/2023 0:00:00,"MBO","WINTER2022-23",,,,,,0,,
3/12/2023 0:00:00,"MBO","WINTER2022-23",,,,,,0,,
3/16/2023 0:00:00,"MBO","WINTER2022-23",,,,,,0,,
3/18/2023 0:00:00,"MBO","WINTER2022-23",6,15.00,,,,0,,
3/19/2023 0:00:00,"MBO","WINTER2022-23",,,,,,0,,
3/23/2023 0:00:00,"MBO","WINTER2022-23",,,,,,0,,
3/24/2023 0:00:00,"MBO","WINTER2022-23",,15.00,,,,0,,
3/28/2023 0:00:00,"MBO","SMMP2023",,,,,,0,,1
3/29/2023 0:00:00,"MBO","FMMP2023",,,,,,0,,1
3/29/2023 0:00:00,"MBO","SMMP2023",,,,,,0,,1
3/30/2023 0:00:00,"MBO","SMMP2023",,,,,,0,,1
3/31/2023 0:00:00,"MBO","SMMP2023",,,,,,0,,1
4/1/2023 0:00:00,"MBO","SMMP2023",,,,,,0,,1
4/2/2023 0:00:00,"MBO","SMMP2023",,,,,,0,,1
4/3/2023 0:00:00,"MBO","SMMP2023",,,,,,0,,1
4/4/2023 0:00:00,"MBO","SMMP2023",,,,,,0,,1
4/5/2023 0:00:00,"MBO","SMMP2023",,,,,,0,,1
4/6/2023 0:00:00,"MBO","SMMP2023",,,,,,0,,1
4/7/2023 0:00:00,"MBO","SMMP2023",,,,,,0,,1
4/8/2023 0:00:00,"MBO","SMMP2023",,,,,,0,,1
4/9/2023 0:00:00,"MBO","SMMP2023",,,,,,0,,1
4/10/2023 0:00:00,"MBO","SMMP2023",,,,,,0,,1
4/11/2023 0:00:00,"MBO","SMMP2023",,,,,,0,,1
4/12/2023 0:00:00,"MBO","SMMP2023",,,,,,0,,1
4/13/2023 0:00:00,"MBO","SMMP2023",,,,,,0,,1
4/14/2023 0:00:00,"MBO","SMMP2023",,,,,,0,,1
4/15/2023 0:00:00,"MBO","SMMP2023",,,,,,0,,1
4/16/2023 0:00:00,"MBO","SMMP2023",,,,,,0,,1
4/17/2023 0:00:00,"MBO","SMMP2023",,,,,,0,,1
4/18/2023 0:00:00,"MBO","SMMP2023",14,80.00,,,,0,,5
4/19/2023 0:00:00,"MBO","SMMP2023",14.2,80.00,,,,0,,5
4/20/2023 0:00:00,"MBO","SMMP2023",17.5,80.00,,,,0,,5
4/21/2023 0:00:00,"MBO","SMMP2023",20.2,80.00,,,,0,,5
4/22/2023 0:00:00,"MBO","SMMP2023",13.8,80.00,,,,0,,5
4/23/2023 0:00:00,"MBO","SMMP2023",,,,,,0,,1
4/24/2023 0:00:00,"MBO","SMMP2023",12.5,80.00,,,,0,,5
4/25/2023 0:00:00,"MBO","SMMP2023",17.5,80.00,,,,0,,5
4/26/2023 0:00:00,"MBO","SMMP2023",11.5,80.00,,,,0,,5
4/27/2023 0:00:00,"MBO","SMMP2023",13,80.00,,,,0,,5
4/28/2023 0:00:00,"MBO","SMMP2023",10,80.00,,,,0,,5
4/29/2023 0:00:00,"MBO","SMMP2023",22.2,80.00,,,,0,,5
4/30/2023 0:00:00,"MBO","SMMP2023",9.5,80.00,,,,0,,5
5/1/2023 0:00:00,"MBO","SMMP2023",,,,,,0,,1
5/2/2023 0:00:00,"MBO","SMMP2023",11.5,,,,,0,,3
5/3/2023 0:00:00,"MBO","SMMP2023",4.5,48.00,,,,0,,3
5/4/2023 0:00:00,"MBO","SMMP2023",15,80.00,,,,0,,5
5/5/2023 0:00:00,"MBO","SMMP2023",11.8,80.00,,,,0,,5
5/6/2023 0:00:00,"MBO","SMMP2023",21,80.00,,,,0,,5
5/7/2023 0:00:00,"MBO","SMMP2023",14.2,80.00,,,,0,,5
5/8/2023 0:00:00,"MBO","SMMP2023",11.8,80.00,,,,0,,5
5/9/2023 0:00:00,"MBO","SMMP2023",11.5,80.00,,,,0,,5
5/10/2023 0:00:00,"MBO","SMMP2023",14.5,80.00,,,,0,,5
5/11/2023 0:00:00,"MBO","SMMP2023",11.8,80.00,,,,0,,5
5/12/2023 0:00:00,"MBO","SMMP2023",9.2,80.00,,,,0,,5
5/13/2023 0:00:00,"MBO","SMMP2023",16.5,80.00,,,,0,,5
5/14/2023 0:00:00,"MBO","SMMP2023",10.5,80.00,,,,0,,5
5/15/2023 0:00:00,"MBO","SMMP2023",16.2,80.00,,,,0,,5
5/16/2023 0:00:00,"MBO","HUM2023_Spring",,,,,,0,,
5/16/2023 0:00:00,"MBO","SMMP2023",14,76.00,,,,0,,5
5/17/2023 0:00:00,"MBO","SMMP2023",10.2,80.00,,,,0,,5
5/18/2023 0:00:00,"MBO","SMMP2023",11.5,80.00,,,,0,,5
5/19/2023 0:00:00,"CIBE","NEST2023",,,,,,0,,
5/19/2023 0:00:00,"MBO","SMMP2023",7.2,80.00,,,,0,,4.5
5/20/2023 0:00:00,"MBO","SMMP2023",6.5,80.00,,,,0,,4.5
5/21/2023 0:00:00,"MBO","SMMP2023",18.5,80.00,,,,0,,5
5/22/2023 0:00:00,"MBO","SMMP2023",15.8,80.00,,,,0,,5
5/23/2023 0:00:00,"MBO","HUM2023_Spring",,,,,,0,,
5/23/2023 0:00:00,"MBO","SMMP2023",15.2,80.00,,,,0,,5
5/24/2023 0:00:00,"MBO","SMMP2023",9.2,52.00,,,,0,,4.5
5/25/2023 0:00:00,"MBO","SMMP2023",12.8,80.00,,,,0,,5
5/26/2023 0:00:00,"MBO","SMMP2023",9.5,80.00,,,,0,,5
5/27/2023 0:00:00,"MBO","HUM2023_Spring",,,,,,0,,
5/27/2023 0:00:00,"MBO","SMMP2023",16,80.00,,,,0,,5
5/27/2023 0:00:00,"SHANA","NEST2023",,,,,,0,,
5/28/2023 0:00:00,"MBO","SMMP2023",12,80.00,,,,0,,5
5/29/2023 0:00:00,"MBO","SMMP2023",11,80.00,,,,0,,5
5/30/2023 0:00:00,"MBO","SMMP2023",12.2,80.00,,,,0,,5
5/31/2023 0:00:00,"MBO","SMMP2023",13.2,80.00,,,,0,,5
6/1/2023 0:00:00,"MBO","SMMP2023",17.2,80.00,,,,0,,5
6/1/2023 0:00:00,"MRC","NEST2023",,,,,,0,,
6/1/2023 0:00:00,"VELA","NEST2023",,,,,,0,,
6/2/2023 0:00:00,"MBO","SMMP2023",,,,,,0,,1
6/3/2023 0:00:00,"MBO","SMMP2023",,,,,,0,,1
6/4/2023 0:00:00,"MBO","SMMP2023",,,,,,0,,1
6/4/2023 0:00:00,"PCC","Nest2023",,,,,,0,,
6/6/2023 0:00:00,"MBO","MAPS2023",5,54.00,,,,0,,
6/7/2023 0:00:00,"PCC","Nest2023",,,,,,0,,
6/9/2023 0:00:00,"BIGR","MAPS2023",,,,,,0,,
6/9/2023 0:00:00,"CIBE","NEST2023",,,,,,0,,
6/9/2023 0:00:00,"SBL","SEAT2023",,,,,,0,,
6/9/2023 0:00:00,"TECH","NEST2023",,,,,,0,,
6/9/2023 0:00:00,"VELA","NEST2023",,,,,,0,,
6/10/2023 0:00:00,"CIBE","NEST2023",,,,,,0,,
6/10/2023 0:00:00,"MAC","Nest2023",,,,,,0,,
6/10/2023 0:00:00,"PCC","Nest2023",,,,,,0,,
6/10/2023 0:00:00,"SBL","SEAT2023",,,,,,0,,
6/11/2023 0:00:00,"SBL","SEAT2023",,,,,,0,,
6/12/2023 0:00:00,"PCC","Nest2023",,,,,,0,,
6/12/2023 0:00:00,"SBL","SEAT2023",,,,,,0,,
6/12/2023 0:00:00,"TECH","NEST2023",,,,,,0,,
6/12/2023 0:00:00,"VISE","NEST2023",,,,,,0,,
6/14/2023 0:00:00,"KANA","NEST2023",,,,,,0,,
6/14/2023 0:00:00,"MBO","MAPS2023",,54.00,,,,0,,
6/14/2023 0:00:00,"SBL","SEAT2023",,,,,,0,,
6/14/2023 0:00:00,"SHANA","NEST2023",,,,,,0,,
6/15/2023 0:00:00,"AK23","AMKE2023",,,,,,0,,
6/15/2023 0:00:00,"AK901","NEST2023",,,,,,0,,
6/16/2023 0:00:00,"CIBE","NEST2023",,,,,,0,,
6/16/2023 0:00:00,"MAC","NEST2023",,,,,,0,,
6/19/2023 0:00:00,"AK24","AMKE2023",,,,,,0,,
6/19/2023 0:00:00,"AK75","AMKE2023",,,,,,0,,
6/19/2023 0:00:00,"BIGR","MAPS2023",,,,,,0,,
6/19/2023 0:00:00,"CIBE","NEST2023",,,,,,0,,
6/20/2023 0:00:00,"AK01","AMKE2023",,,,,,0,,
6/20/2023 0:00:00,"AK10","AMKE2023",,,,,,0,,
6/20/2023 0:00:00,"AK60","AMKE2023",,,,,,0,,
6/20/2023 0:00:00,"AK64","AMKE2023",,,,,,0,,
6/20/2023 0:00:00,"AK65","AMKE2023",,,,,,0,,
6/20/2023 0:00:00,"AK66","AMKE2023",,,,,,0,,
6/20/2023 0:00:00,"AK901","AMKE2023",,,,,,0,,
6/20/2023 0:00:00,"AK901","NEST2023",,,,,,0,,
6/20/2023 0:00:00,"AK902","AMKE2023",,,,,,0,,
6/20/2023 0:00:00,"AK903","AMKE2023",,,,,,0,,
6/20/2023 0:00:00,"PCC","Nest2023",,,,,,0,,
6/21/2023 0:00:00,"MAC","NEST2023",,,,,,0,,
6/22/2023 0:00:00,"BIGR","MAPS2023",,,,,,0,,
6/22/2023 0:00:00,"CIBE","NEST2023",,,,,,0,,
6/22/2023 0:00:00,"MBO","MAPS2023",,54.00,,,,0,,
6/22/2023 0:00:00,"MBO","NEST2023",,,,,,0,,
6/22/2023 0:00:00,"VISE","NEST2023",,,,,,0,,
6/23/2023 0:00:00,"AK42","AMKE2023",,,,,,0,,
6/25/2023 0:00:00,"BIGR","MAPS2023",,,,,,0,,
6/25/2023 0:00:00,"MRC","NEST2023",,,,,,0,,
6/27/2023 0:00:00,"CIBE","NEST2023",,,,,,0,,
6/27/2023 0:00:00,"MAC","NEST2023",,,,,,0,,
6/27/2023 0:00:00,"MBO","NEST2023",,,,,,0,,
6/30/2023 0:00:00,"AK04","AMKE2023",,,,,,0,,
6/30/2023 0:00:00,"AK08","AMKE2023",,,,,,0,,
6/30/2023 0:00:00,"AK56","AMKE2023",,,,,,0,,
6/30/2023 0:00:00,"AK59","AMKE2023",,,,,,0,,
6/30/2023 0:00:00,"AK904","AMKE2023",,,,,,0,,
6/30/2023 0:00:00,"MBO","MAPS2023",,54.00,,,,0,,
6/30/2023 0:00:00,"MRC","NEST2023",,,,,,0,,
7/4/2023 0:00:00,"KANA","NEST2023",,,,,,0,,
7/4/2023 0:00:00,"KANA1","NEST2023",,,,,,0,,
7/4/2023 0:00:00,"SHANA","NEST2023",,,,,,0,,
7/5/2023 0:00:00,"AK06","AMKE2023",,,,,,0,,
7/5/2023 0:00:00,"AK105","AMKE2023",,,,,,0,,
7/5/2023 0:00:00,"AK107","AMKE2023",,,,,,0,,
7/5/2023 0:00:00,"AK21","AMKE2023",,,,,,0,,
7/8/2023 0:00:00,"BIGR","MAPS2023",,,,,,0,,
7/8/2023 0:00:00,"PCC","Nest2023",,,,,,0,,
7/12/2023 0:00:00,"AK67","AMKE2023",,,,,,0,,
7/12/2023 0:00:00,"AK80","AMKE2023",,,,,,0,,
7/12/2023 0:00:00,"CIBE","NEST2023",,,,,,0,,
7/12/2023 0:00:00,"KANA","Nest2023",,,,,,0,,
7/12/2023 0:00:00,"VISE","NEST2023",,,,,,0,,
7/14/2023 0:00:00,"BIGR","MAPS2023",,,,,,0,,
7/14/2023 0:00:00,"MBO","MAPS2023",,54.00,,,,0,,
7/19/2023 0:00:00,"AK41","AMKE2023",,,,,,0,,
7/19/2023 0:00:00,"AK52","AMKE2023",,,,,,0,,
7/19/2023 0:00:00,"BIGR","MAPS2023",,,,,,0,,
7/19/2023 0:00:00,"KANA","Nest2023",,,,,,0,,
7/19/2023 0:00:00,"PCC","Nest2023",,,,,,0,,
7/20/2023 0:00:00,"MBO","MAPS2023",,54.00,,,,0,,
7/25/2023 0:00:00,"BIGR","MAPS2023",,,,,,0,,
7/26/2023 0:00:00,"PCC","Nest2023",,,,,,0,,
7/30/2023 0:00:00,"BIGR","MAPS2023",,,,,,0,,
7/30/2023 0:00:00,"MBO","MAPS2023",,,,,,0,,
8/1/2023 0:00:00,"MBO","FMMP2023",5.8,80.00,,,,0,,4
8/2/2023 0:00:00,"MBO","FMMP2023",7.8,80.00,,,,0,,4.5
8/3/2023 0:00:00,"MBO","FMMP2023",3,32.00,,,,0,,3
8/4/2023 0:00:00,"MBO","FMMP2023",9.8,80.00,,,,0,,5
8/5/2023 0:00:00,"MBO","FMMP2023",3,80.00,,,,0,,4
8/6/2023 0:00:00,"MBO","FMMP2023",7.5,80.00,,,,0,,4.5
8/7/2023 0:00:00,"MBO","FMMP2023",8.2,80.00,,,,0,,4.5
8/8/2023 0:00:00,"MBO","FMMP2023",4,68.00,,,,0,,3.5
8/9/2023 0:00:00,"MBO","FMMP2023",9.2,80.00,,,,0,,5
8/10/2023 0:00:00,"MBO","FMMP2023",7.5,80.00,,,,0,,4.5
8/11/2023 0:00:00,"MBO","FMMP2023",19,80.00,,,,0,,5
8/12/2023 0:00:00,"MBO","FMMP2023",8,79.50,,,,0,,4.5
8/12/2023 0:00:00,"MBO","NICHOIR",,,,,,0,,
8/12/2023 0:00:00,"NICH","NICHOIR",,,,,,0,,
8/13/2023 0:00:00,"MBO","FMMP2023",5.5,80.00,,,,0,,4
8/14/2023 0:00:00,"MBO","FMMP2023",10.8,80.00,,,,0,,5
8/15/2023 0:00:00,"MBO","FMMP2023",9,80.00,,,,0,,5
8/16/2023 0:00:00,"MBO","FMMP2023",7,80.00,,,,0,,4.5
8/17/2023 0:00:00,"MBO","FMMP2023",18.2,80.00,,,,0,,5
8/17/2023 0:00:00,"MBO","NICHOIR",,,,,,0,,
8/17/2023 0:00:00,"NICH","NICHOIR",,,,,,0,,
8/18/2023 0:00:00,"MBO","FMMP2023",,,,,,0,,1
8/19/2023 0:00:00,"MBO","FMMP2023",13,80.00,,,,0,,5
8/20/2023 0:00:00,"MBO","FMMP2023",11,80.00,,,,0,,5
8/21/2023 0:00:00,"MBO","FMMP2023",3.8,80.00,,,,0,,4
8/22/2023 0:00:00,"MBO","FMMP2023",11.2,80.00,,,,0,,5
8/23/2023 0:00:00,"MBO","FMMP2023",13,80.00,,,,0,,5
8/23/2023 0:00:00,"MBO","HUM2023_Fall",,,,,,0,,
8/24/2023 0:00:00,"MBO","FMMP2023",13.2,80.00,,,,0,,5
8/25/2023 0:00:00,"MBO","FMMP2023",9.5,72.00,,,,0,,4.5
8/26/2023 0:00:00,"MBO","FMMP2023",10.2,80.00,,,,0,,5
8/27/2023 0:00:00,"MBO","FMMP2023",13,80.00,,,,0,,5
8/28/2023 0:00:00,"MBO","FMMP2023",8.8,80.00,,,,0,,4.5
8/29/2023 0:00:00,"MBO","FMMP2023",9.5,56.00,,,,0,,4.5
8/30/2023 0:00:00,"MBO","FMMP2023",1,1.50,,,,0,,2
8/31/2023 0:00:00,"MBO","FMMP2023",8.5,80.00,,,,0,,4.5
9/1/2023 0:00:00,"MBO","FMMP2023",12,80.00,,,,0,,5
9/2/2023 0:00:00,"MBO","FMMP2023",11,80.00,,,,0,,5
9/3/2023 0:00:00,"MBO","FMMP2023",14,80.00,,,,0,,5
9/4/2023 0:00:00,"MBO","FMMP2023",15,80.00,,,,0,,5
9/5/2023 0:00:00,"MBO","FMMP2023",6.8,80.00,,,,0,,4.5
9/6/2023 0:00:00,"MBO","FMMP2023",14,80.00,,,,0,,5
9/7/2023 0:00:00,"MBO","FMMP2023",9.2,80.00,,,,0,,5
9/8/2023 0:00:00,"MBO","FMMP2023",4,80.00,,,,0,,4
9/9/2023 0:00:00,"MBO","FMMP2023",21.5,80.00,,,,0,,5
9/10/2023 0:00:00,"MBO","FMMP2023",3.2,,,,,0,,2
9/11/2023 0:00:00,"MBO","FMMP2023",11,80.00,,,,0,,5
9/12/2023 0:00:00,"MBO","FMMP2023",4.5,80.00,,,,0,,4
9/13/2023 0:00:00,"MBO","FMMP2023",1.2,,,,,0,,1.5
9/14/2023 0:00:00,"MBO","FMMP2023",8.5,80.00,,,,0,,4.5
9/15/2023 0:00:00,"MBO","FMMP2023",14,80.00,,,,0,,5
9/16/2023 0:00:00,"MBO","FMMP2023",15,80.00,,,,0,,5
9/17/2023 0:00:00,"MBO","FMMP2023",13.5,80.00,,,,0,,5
9/18/2023 0:00:00,"MBO","FMMP2023",12,80.00,,,,0,,5
9/19/2023 0:00:00,"MBO","FMMP2023",5,18.75,,,,0,,2.5
9/20/2023 0:00:00,"MBO","FMMP2023",10.8,72.00,,,,0,,4.5
9/21/2023 0:00:00,"MBO","FMMP2023",11,80.00,,,,0,,5
9/22/2023 0:00:00,"MBO","FMMP2023",11.2,80.00,,,,0,,5
9/23/2023 0:00:00,"MBO","FMMP2023",7,80.00,,,,0,,4.5
9/24/2023 0:00:00,"MBO","FMMP2023",10.5,75.00,,,,0,,5
9/25/2023 0:00:00,"MBO","FMMP2023",14.8,60.00,,,,0,,4.5
9/26/2023 0:00:00,"MBO","FMMP2023",8.5,80.00,,,,0,,4.5
9/27/2023 0:00:00,"MBO","FMMP2023",6.8,80.00,,,,0,,4.5
9/28/2023 0:00:00,"MBO","FMMP2023",6.5,80.00,,,,0,,4.5
9/29/2023 0:00:00,"MBO","FMMP2023",10.5,80.00,,,,0,,5
9/30/2023 0:00:00,"MBO","FMMP2023",14,80.00,,,,0,,5
10/1/2023 0:00:00,"MBO","FMMP2023",13,80.00,,,,0,,5
10/1/2023 0:00:00,"MBO","OWLS2023",,,,,,0,,
10/2/2023 0:00:00,"MBO","FMMP2023",12.2,80.00,,,,0,,5
10/3/2023 0:00:00,"MBO","FMMP2023",11.8,73.00,,,,0,,4.5
10/3/2023 0:00:00,"MBO","OWLS2023",,,,,,0,,
10/4/2023 0:00:00,"MBO","FMMP2023",6.5,80.00,,,,0,,4.5
10/4/2023 0:00:00,"MBO","OWLS2023",,,,,,0,,
10/5/2023 0:00:00,"MBO","FMMP2023",7.5,73.00,,,,0,,4
10/5/2023 0:00:00,"MBO","OWLS2023",,,,,,0,,
10/6/2023 0:00:00,"MBO","FMMP2023",7.5,58.25,,,,0,,4
10/7/2023 0:00:00,"MBO","FMMP2023",,,,,,0,,1
10/8/2023 0:00:00,"MBO","FMMP2023",13.8,60.00,,,,0,,4.5
10/9/2023 0:00:00,"MBO","FMMP2023",8.5,9.00,,,,0,,3
10/10/2023 0:00:00,"MBO","FMMP2023",9.5,79.75,,,,0,,5
10/10/2023 0:00:00,"MBO","OWLS2023",,,,,,0,,
10/11/2023 0:00:00,"MBO","FMMP2023",7,80.00,,,,0,,4.5
10/12/2023 0:00:00,"MBO","FMMP2023",7,80.00,,,,0,,4.5
10/13/2023 0:00:00,"MBO","FMMP2023",4.8,80.00,,,,0,,4
10/14/2023 0:00:00,"MBO","FMMP2023",10.8,80.00,,,,0,,5
10/14/2023 0:00:00,"MBO","OWLS2023",,,,,,0,,
10/15/2023 0:00:00,"MBO","FMMP2023",24.5,80.00,,,,0,,5
10/16/2023 0:00:00,"MBO","FMMP2023",8.8,80.00,,,,0,,4.5
10/16/2023 0:00:00,"MBO","OWLS2023",,,,,,0,,
10/17/2023 0:00:00,"MBO","FMMP2023",7.8,80.00,,,,0,,4.5
10/17/2023 0:00:00,"MBO","OWLS2023",,,,,,0,,
10/18/2023 0:00:00,"MBO","FMMP2023",12,80.00,,,,0,,5
10/18/2023 0:00:00,"MBO","OWLS2023",,,,,,0,,
10/19/2023 0:00:00,"MBO","FMMP2023",8.8,80.00,,,,0,,4.5
10/19/2023 0:00:00,"MBO","OWLS2023",,,,,,0,,
10/20/2023 0:00:00,"MBO","FMMP2023",8.8,80.00,,,,0,,4.5
10/20/2023 0:00:00,"MBO","OWLS2023",,,,,,0,,
10/21/2023 0:00:00,"MBO","FMMP2023",,,,,,0,,1
10/22/2023 0:00:00,"MBO","FMMP2023",,,,,,0,,1
10/23/2023 0:00:00,"MBO","FMMP2023",10.5,80.00,,,,0,,5
10/23/2023 0:00:00,"MBO","OWLS2023",,,,,,0,,
10/24/2023 0:00:00,"MBO","FMMP2023",4.5,80.00,,,,0,,4
10/24/2023 0:00:00,"MBO","OWLS2023",,,,,,0,,
10/25/2023 0:00:00,"MBO","FMMP2023",7.8,40.00,,,,0,,3.5
10/25/2023 0:00:00,"MBO","OWLS2023",,,,,,0,,
10/26/2023 0:00:00,"LOYO","FMMP2023",,,,,,0,,
10/26/2023 0:00:00,"MBO","FMMP2023",11.8,80.00,,,,0,,5
10/27/2023 0:00:00,"LOYO","FMMP2023",,,,,,0,,
10/27/2023 0:00:00,"MBO","FMMP2023",16.8,80.00,,,,0,,5
10/27/2023 0:00:00,"MBO","OWLS2023",,,,,,0,,
10/28/2023 0:00:00,"LOYO","FMMP2023",,,,,,0,,
10/28/2023 0:00:00,"MBO","FMMP2023",10.8,78.50,,,,0,,5
10/28/2023 0:00:00,"MBO","OWLS2023",,,,,,0,,
10/29/2023 0:00:00,"MBO","FMMP2023",19.2,80.00,,,,0,,5
10/29/2023 0:00:00,"MBO","OWLS2023",,,,,,0,,
10/30/2023 0:00:00,"MBO","FMMP2023",3.5,,,,,0,,2
10/30/2023 0:00:00,"MBO","OWLS2023",,,,,,0,,
10/31/2023 0:00:00,"LOYO","FMMP2023",,,,,,0,,
10/31/2023 0:00:00,"MBO","FMMP2023",12.2,80.00,,,,0,,5
10/31/2023 0:00:00,"MBO","OWLS2023",,,,,,0,,
11/1/2023 0:00:00,"MBO","FMMP2023",7,80.00,,,,0,,4.5
11/2/2023 0:00:00,"MBO","FMMP2023",8.5,80.00,,,,0,,4.5
11/2/2023 0:00:00,"MBO","OWLS2023",,,,,,0,,
11/3/2023 0:00:00,"LOYO","FMMP2023",,,,,,0,,
11/3/2023 0:00:00,"MBO","FMMP2023",11,80.00,,,,0,,5
11/3/2023 0:00:00,"MBO","OWLS2023",,,,,,0,,
11/4/2023 0:00:00,"MBO","FMMP2023",5,80.00,,,,0,,4
11/4/2023 0:00:00,"MBO","OWLS2023",,,,,,0,,
11/5/2023 0:00:00,"MBO","FMMP2023",14.8,80.00,,,,0,,5
11/5/2023 0:00:00,"MBO","OWLS2023",,,,,,0,,
11/6/2023 0:00:00,"LOYO","FMMP2023",,,,,,0,,
11/6/2023 0:00:00,"MBO","FMMP2023",7.5,80.00,,,,0,,4.5
11/8/2023 0:00:00,"MBO","WINTER2023-24",,6.00,,,,0,,
11/10/2023 0:00:00,"MBO","WINTER2023-24",3,7.50,,,,0,,
11/11/2023 0:00:00,"MBO","WINTER2023-24",1.5,10.50,,,,0,,
11/12/2023 0:00:00,"MBO","WINTER2023-24",2.5,12.00,,,,0,,
11/14/2023 0:00:00,"LOYO","WINTER2023-24",,,,,,0,,
11/14/2023 0:00:00,"MBO","WINTER2023-24",1.2,9.00,,,,0,,
11/15/2023 0:00:00,"LOYO","WINTER2023-24",,,,,,0,,
11/15/2023 0:00:00,"MBO","WINTER2023-24",2,15.00,,,,0,,
11/18/2023 0:00:00,"MBO","WINTER2023-24",,,,,,0,,
11/20/2023 0:00:00,"LOYO","WINTER2023-24",,,,,,0,,
11/20/2023 0:00:00,"MBO","WINTER2023-24",,9.00,,,,0,,
11/21/2023 0:00:00,"MBO","WINTER2023-24",,,,,,0,,
11/23/2023 0:00:00,"LOYO","WINTER2023-24",,,,,,0,,
11/23/2023 0:00:00,"MBO","WINTER2023-24",5,19.50,,,,0,,
11/26/2023 0:00:00,"MBO","WINTER2023-24",,,,,,0,,
11/30/2023 0:00:00,"MBO","WINTER2023-24",,,,,,0,,
12/3/2023 0:00:00,"MBO","WINTER2023-24",,,,,,0,,
12/7/2023 0:00:00,"MBO","WINTER2023-24",,,,,,0,,
12/8/2023 0:00:00,"MBO","WINTER2023-24",,,,,,0,,
12/9/2023 0:00:00,"MBO","WINTER2023-24",,,,,,0,,
12/14/2023 0:00:00,"MBO","WINTER2023-24",,,,,,0,,
12/17/2023 0:00:00,"MBO","WINTER2023-24",,,,,,0,,
12/21/2023 0:00:00,"MBO","WINTER2023-24",,,,,,0,,
12/24/2023 0:00:00,"MBO","WINTER2023-24",,,,,,0,,
12/28/2023 0:00:00,"MBO","WINTER2023-24",,,,,,0,,
12/31/2023 0:00:00,"MBO","WINTER2023-24",,,,,,0,,
1/1/2024 0:00:00,"MBO","WINTER2023-24",,,,,,0,,
1/4/2024 0:00:00,"MBO","WINTER2023-24",,,,,,0,,
1/7/2024 0:00:00,"MBO","AMKE2024",,,,,,0,,
1/8/2024 0:00:00,"MBO","WINTER2023-24",,,,,,0,,
1/11/2024 0:00:00,"MBO","WINTER2023-24",,,,,,0,,
1/14/2024 0:00:00,"MBO","WINTER2023-24",,,,,,0,,
1/18/2024 0:00:00,"MBO","WINTER2023-24",,,,,,0,,
1/21/2024 0:00:00,"MBO","WINTER2023-24",,,,,,0,,
1/22/2024 0:00:00,"MBO","WINTER2023-24",2,3.00,,,,0,,
1/23/2024 0:00:00,"MBO","WINTER2023-24",6,12.00,,,,0,,
1/25/2024 0:00:00,"MBO","WINTER2023-24",,,,,,0,,
1/27/2024 0:00:00,"MBO","WINTER2023-24",2.5,9.00,,,,0,,
1/28/2024 0:00:00,"MBO","WINTER2023-24",3,14.25,,,,0,,
2/1/2024 0:00:00,"MBO","WINTER2023-24",,,,,,0,,
2/4/2024 0:00:00,"MBO","WINTER2023-24",,,,,,0,,
2/8/2024 0:00:00,"MBO","WINTER2023-24",,,,,,0,,
2/10/2024 0:00:00,"MBO","WINTER2023-24",8,13.50,,,,0,,
2/11/2024 0:00:00,"MBO","WINTER2023-24",4.2,9.00,,,,0,,
2/12/2024 0:00:00,"MBO","WINTER2023-24",1,9.00,,,,0,,
2/15/2024 0:00:00,"MBO","WINTER2023-24",,,,,,0,,
2/19/2024 0:00:00,"MBO","WINTER2023-24",,,,,,0,,
2/22/2024 0:00:00,"MBO","WINTER2023-24",,,,,,0,,
2/25/2024 0:00:00,"MBO","WINTER2023-24",,,,,,0,,
2/26/2024 0:00:00,"MBO","WINTER2023-24",3,12.75,,,,0,,
2/27/2024 0:00:00,"MBO","WINTER2023-24",4.5,12.75,,,,0,,
2/29/2024 0:00:00,"MBO","WINTER2023-24",,,,,,0,,
3/3/2024 0:00:00,"MBO","WINTER2023-24",2.5,13.00,,,,0,,
3/4/2024 0:00:00,"MBO","WINTER2023-24",3,12.00,,,,0,,
3/5/2024 0:00:00,"MBO","WINTER2023-24",5.2,15.00,,,,0,,
3/7/2024 0:00:00,"MBO","WINTER2023-24",1.5,6.00,,,,0,,
3/9/2024 0:00:00,"MBO","WINTER2023-24",,,,,,0,,
3/13/2024 0:00:00,"MBO","WINTER2023-24",3,15.75,,,,0,,
3/14/2024 0:00:00,"MBO","WINTER2023-24",,,,,,0,,
3/17/2024 0:00:00,"MBO","WINTER2023-24",,,,,,0,,
3/22/2024 0:00:00,"MBO","WINTER2023-24",,,,,,0,,
3/24/2024 0:00:00,"MBO","WINTER2023-24",,,,,,0,,
3/26/2024 0:00:00,"MBO","WINTER2023-24",,,,,,0,,
3/28/2024 0:00:00,"MBO","SMMP2024",,,,,,0,,1
3/29/2024 0:00:00,"MBO","SMMP2024",,,,,,0,,1
3/30/2024 0:00:00,"MBO","SMMP2024",,,,,,0,,1
4/1/2024 0:00:00,"MBO","SMMP2024",,,,,,0,,1
4/2/2024 0:00:00,"MBO","SMMP2024",,,,,,0,,1
4/3/2024 0:00:00,"MBO","SMMP2024",,,,,,0,,1
4/4/2024 0:00:00,"MBO","SMMP2024",,,,,,0,,1
4/5/2024 0:00:00,"MBO","SMMP2024",,,,,,0,,1
4/6/2024 0:00:00,"MBO","SMMP2024",,,,,,0,,1
4/7/2024 0:00:00,"MBO","SMMP2024",,,,,,0,,1
4/8/2024 0:00:00,"MBO","SMMP2024",,,,,,0,,1
4/9/2024 0:00:00,"MBO","SMMP2024",,,,,,0,,1
4/10/2024 0:00:00,"MBO","SMMP2024",,,,,,0,,1
4/10/2024 0:00:00,"NICH","NICHOIR",,,,,,0,,
4/11/2024 0:00:00,"MBO","SMMP2024",,,,,,0,,1
4/12/2024 0:00:00,"MBO","SMMP2024",,,,,,0,,1
4/13/2024 0:00:00,"MBO","SMMP2024",,,,,,0,,1
4/14/2024 0:00:00,"MBO","SMMP2024",,,,,,0,,1
4/15/2024 0:00:00,"MBO","SMMP2024",,,,,,0,,1
4/16/2024 0:00:00,"MBO","NICHOIR",,,,,,0,,
4/16/2024 0:00:00,"MBO","SMMP2024",,,,,,0,,1
4/16/2024 0:00:00,"NICH","NICHOIR",,,,,,0,,
4/17/2024 0:00:00,"MBO","SMMP2024",,,,,,0,,1
4/18/2024 0:00:00,"MBO","SMMP2024",12,68.00,,,,0,,4.5
4/19/2024 0:00:00,"MBO","SMMP2024",11,80.00,,,,0,,5
4/20/2024 0:00:00,"MBO","SMMP2024",17.8,79.50,,,,0,,5
4/21/2024 0:00:00,"MBO","SMMP2024",20.5,80.00,,,,0,,5
4/22/2024 0:00:00,"MBO","SMMP2024",10.8,80.00,,,,0,,5
4/23/2024 0:00:00,"MBO","SMMP2024",16.8,80.00,,,,0,,5
4/24/2024 0:00:00,"MBO","SMMP2024",,,,,,0,,1
4/25/2024 0:00:00,"MBO","SMMP2024",11.2,60.00,,,,0,,4.5
4/26/2024 0:00:00,"MBO","SMMP2024",19.5,80.00,,,,0,,5
4/27/2024 0:00:00,"MBO","SMMP2024",10.2,80.00,,,,0,,5
4/28/2024 0:00:00,"MBO","SMMP2024",2,37.60,,,,0,,2.5
4/29/2024 0:00:00,"MBO","SMMP2024",11.8,80.00,,,,0,,5
4/29/2024 0:00:00,"NICH","NICHOIR",,,,,,0,,
4/30/2024 0:00:00,"MBO","SMMP2024",,,,,,0,,1
5/1/2024 0:00:00,"MBO","SMMP2024",10.5,80.00,,,,0,,5
5/1/2024 0:00:00,"NICH","NICHOIR",,,,,,0,,
5/2/2024 0:00:00,"MBO","SMMP2024",4,72.00,,,,0,,3.5
5/3/2024 0:00:00,"MBO","SMMP2024",10.5,80.00,,,,0,,5
5/4/2024 0:00:00,"MBO","SMMP2024",5,77.00,,,,0,,4
5/5/2024 0:00:00,"MBO","SMMP2024",7.5,44.00,,,,0,,3.5
5/6/2024 0:00:00,"MBO","SMMP2024",12.8,80.00,,,,0,,5
5/6/2024 0:00:00,"NICH","NICHOIR",,,,,,0,,
5/7/2024 0:00:00,"MBO","SMMP2024",11.5,80.00,,,,0,,5
5/7/2024 0:00:00,"NICH","NICHOIR",,,,,,0,,
5/8/2024 0:00:00,"MBO","SMMP2024",11.2,80.00,,,,0,,5
5/9/2024 0:00:00,"MBO","SMMP2024",8,80.00,,,,0,,4.5
5/9/2024 0:00:00,"NICH","NICHOIR",,,,,,0,,
5/10/2024 0:00:00,"MBO","SMMP2024",17.5,80.00,,,,0,,5
5/11/2024 0:00:00,"MBO","SMMP2024",11.2,80.00,,,,0,,5
5/12/2024 0:00:00,"MBO","SMMP2024",14,80.00,,,,0,,5
5/13/2024 0:00:00,"MBO","SMMP2024",12.2,80.00,,,,0,,5
5/14/2024 0:00:00,"MBO","SMMP2024",,,,,,0,,1
5/15/2024 0:00:00,"MBO","SMMP2024",8.5,80.00,,,,0,,4.5
5/16/2024 0:00:00,"MBO","SMMP2024",7.5,80.00,,,,0,,4.5
5/17/2024 0:00:00,"MBO","SMMP2024",11.2,80.00,,,,0,,4
5/18/2024 0:00:00,"MBO","SMMP2024",9.5,80.00,,,,0,,5
5/19/2024 0:00:00,"MBO","SMMP2024",17,80.00,,,,0,,5
5/20/2024 0:00:00,"MBO","SMMP2024",11.8,80.00,,,,0,,5
5/20/2024 0:00:00,"NICH","NICHOIR",,,,,,0,,
5/21/2024 0:00:00,"MBO","SMMP2024",12.8,80.00,,,,0,,5
5/22/2024 0:00:00,"MBO","SMMP2024",13.2,80.00,,,,0,,5
5/23/2024 0:00:00,"MBO","SMMP2024",11,80.00,,,,0,,5
5/24/2024 0:00:00,"MAC","NEST2024",,,,,,0,,
5/24/2024 0:00:00,"MBO","SMMP2024",14,68.00,,,,0,,4.5
5/25/2024 0:00:00,"MBO","SMMP2024",7.5,80.00,,,,0,,4.5
5/25/2024 0:00:00,"SHANA","NEST2025",,,,,,0,,
5/26/2024 0:00:00,"MBO","SMMP2024",15.2,80.00,,,,0,,5
5/27/2024 0:00:00,"MBO","SMMP2024",7.5,52.00,,,,0,,4
5/27/2024 0:00:00,"SHANA","NEST2024",,,,,,0,,
5/28/2024 0:00:00,"MBO","SMMP2024",9,80.00,,,,0,,5
5/29/2024 0:00:00,"MBO","SMMP2024",10.2,80.00,,,,0,,5
5/30/2024 0:00:00,"MBO","NEST2024",,,,,,0,,
5/30/2024 0:00:00,"MBO","SMMP2024",11.5,80.00,,,,0,,5
5/31/2024 0:00:00,"MBO","SMMP2024",13.2,80.00,,,,0,,5
6/1/2024 0:00:00,"MBO","SMMP2024",10.8,80.00,,,,0,,5
6/2/2024 0:00:00,"CIBE","NEST2024",,,,,,0,,
6/2/2024 0:00:00,"MBO","SMMP2024",,,,,,0,,1
6/3/2024 0:00:00,"MBO","SMMP2024",,,,,,0,,1
6/4/2024 0:00:00,"MBO","SMMP2024",,,,,,0,,1
6/5/2024 0:00:00,"AK75","AMKE2024",,,,,,0,,
6/5/2024 0:00:00,"CHBL","NEST2024",,,,,,0,,
6/5/2024 0:00:00,"MBO","SMMP2024",,,,,,0,,1
6/5/2024 0:00:00,"UDEM","PEFA",,,,,,0,,
6/6/2024 0:00:00,"MBO","MAPS2024",,,,,,0,,
6/7/2024 0:00:00,"SBL","SEAT2024",,,,,,0,,
6/8/2024 0:00:00,"PCC","Nest2024",,,,,,0,,
6/8/2024 0:00:00,"SBL","SEAT2024",,,,,,0,,
6/9/2024 0:00:00,"SBL","SEAT2024",,,,,,0,,
6/10/2024 0:00:00,"MRC","Nest2024",,,,,,0,,
6/10/2024 0:00:00,"PCC","Nest2024",,,,,,0,,
6/10/2024 0:00:00,"SBL","SEAT2024",,,,,,0,,
6/10/2024 0:00:00,"TECH","Nest2024",,,,,,0,,
6/10/2024 0:00:00,"VISE","NEST2024",,,,,,0,,
6/11/2024 0:00:00,"KANA","NEST2024",,,,,,0,,
6/11/2024 0:00:00,"KANA1","NEST2024",,,,,,0,,
6/11/2024 0:00:00,"SBL","SEAT2024",,,,,,0,,
6/12/2024 0:00:00,"CIBE","NEST2024",,,,,,0,,
6/12/2024 0:00:00,"MAC","NEST2024",,,,,,0,,
6/12/2024 0:00:00,"MBO","NEST2024",,,,,,0,,
6/12/2024 0:00:00,"PCC","Nest2024",,,,,,0,,
6/12/2024 0:00:00,"SBL","SEAT2024",,,,,,0,,
6/13/2024 0:00:00,"AK63","AMKE2024",,,,,,0,,
6/13/2024 0:00:00,"AK901","NEST2024",,,,,,0,,
6/13/2024 0:00:00,"MBO","MAPS2024",,,,,,0,,
6/13/2024 0:00:00,"SHANA","NEST2024",,,,,,0,,
6/14/2024 0:00:00,"KANA","NEST2024",,,,,,0,,
6/14/2024 0:00:00,"KANA1","NEST2024",,,,,,0,,
6/14/2024 0:00:00,"PCC","Nest2024",,,,,,0,,
6/15/2024 0:00:00,"AK23","AMKE2024",,,,,,0,,
6/16/2024 0:00:00,"CIBE","NEST2024",,,,,,0,,
6/17/2024 0:00:00,"CHBL","NEST2024",,,,,,0,,
6/17/2024 0:00:00,"PCC","Nest2024",,,,,,0,,
6/17/2024 0:00:00,"VELA","NEST2024",,,,,,0,,
6/18/2024 0:00:00,"AK06","AMKE2024",,,,,,0,,
6/18/2024 0:00:00,"KANA","NEST2024",,,,,,0,,
6/18/2024 0:00:00,"KANA1","NEST2024",,,,,,0,,
6/21/2024 0:00:00,"AK106","AMKE2024",,,,,,0,,
6/21/2024 0:00:00,"AK107","AMKE2024",,,,,,0,,
6/21/2024 0:00:00,"AK16","AMKE2024",,,,,,0,,
6/21/2024 0:00:00,"AK21","AMKE2024",,,,,,0,,
6/21/2024 0:00:00,"AK75","AMKE2024",,,,,,0,,
6/21/2024 0:00:00,"PCC","Nest2024",,,,,,0,,
6/25/2024 0:00:00,"AK10","AMKE2024",,,,,,0,,
6/25/2024 0:00:00,"AK107","AMKE2024",,,,,,0,,
6/25/2024 0:00:00,"AK54","AMKE2024",,,,,,0,,
6/25/2024 0:00:00,"AK56","AMKE2024",,,,,,0,,
6/25/2024 0:00:00,"AK60","AMKE2024",,,,,,0,,
6/25/2024 0:00:00,"AK61","AMKE2024",,,,,,0,,
6/25/2024 0:00:00,"AK901","AMKE2024",,,,,,0,,
6/27/2024 0:00:00,"MBO","MAPS2024",,,,,,0,,
6/27/2024 0:00:00,"PCC","Nest2024",,,,,,0,,
6/28/2024 0:00:00,"AK22","NEST2024",,,,,,0,,
6/28/2024 0:00:00,"AK78","AMKE2024",,,,,,0,,
6/28/2024 0:00:00,"MRC","Nest2024",,,,,,0,,
6/30/2024 0:00:00,"PCC","Nest2024",,,,,,0,,
7/1/2024 0:00:00,"AK01","AMKE2024",,,,,,0,,
7/1/2024 0:00:00,"AK09","AMKE2024",,,,,,0,,
7/1/2024 0:00:00,"AK19","AMKE2024",,,,,,0,,
7/1/2024 0:00:00,"AK49","AMKE2024",,,,,,0,,
7/1/2024 0:00:00,"AK62","AMKE2024",,,,,,0,,
7/1/2024 0:00:00,"AK66","AMKE2024",,,,,,0,,
7/1/2024 0:00:00,"AK84","AMKE2024",,,,,,0,,
7/1/2024 0:00:00,"AK85","AMKE2024",,,,,,0,,
7/1/2024 0:00:00,"AK901","AMKE2024",,,,,,0,,
7/1/2024 0:00:00,"MBO","AMKE2024",,,,,,0,,
7/3/2024 0:00:00,"MAC","AMKE2024",,,,,,0,,
7/3/2024 0:00:00,"MAC","NEST2024",,,,,,0,,
7/4/2024 0:00:00,"MRC","Nest2024",,,,,,0,,
7/4/2024 0:00:00,"PCC","Nest2024",,,,,,0,,
7/4/2024 0:00:00,"SHANA","NEST2025",,,,,,0,,
7/5/2024 0:00:00,"MAC","AMKE2024",,,,,,0,,
7/5/2024 0:00:00,"MBO","MAPS2024",,,,,,0,,
7/5/2024 0:00:00,"NICH","NICHOIR",,,,,,0,,
7/7/2024 0:00:00,"PCC","Nest2024",,,,,,0,,
7/8/2024 0:00:00,"CIBE","NEST2024",,,,,,0,,
7/8/2024 0:00:00,"MRC","Nest2024",,,,,,0,,
7/8/2024 0:00:00,"VISE","NEST2024",,,,,,0,,
7/10/2024 0:00:00,"MBO","NICHOIR",,,,,,0,,
7/11/2024 0:00:00,"SHANA","NEST2024",,,,,,0,,
7/12/2024 0:00:00,"PCC","Nest2024",,,,,,0,,
7/14/2024 0:00:00,"AK45","AMKE2024",,,,,,0,,
7/14/2024 0:00:00,"AK49","AMKE2024",,,,,,0,,
7/15/2024 0:00:00,"MBO","MAPS2024",,,,,,0,,
7/17/2024 0:00:00,"MBO","NICHOIR",,,,,,0,,
7/21/2024 0:00:00,"AK41","AMKE2024",,,,,,0,,
7/22/2024 0:00:00,"MBO","MAPS2024",,,,,,0,,
7/24/2024 0:00:00,"MBO","NICHOIR",,,,,,0,,
7/30/2024 0:00:00,"MBO","MAPS2024",,,,,,0,,
7/31/2024 0:00:00,"MBO","NICHOIR",,,,,,0,,
8/1/2024 0:00:00,"MBO","FMMP2024",11.2,80.00,,,,0,,5
8/2/2024 0:00:00,"MBO","FMMP2024",10,80.00,,,,0,,5
8/3/2024 0:00:00,"MBO","FMMP2024",11.5,80.00,,,,0,,5
8/4/2024 0:00:00,"MBO","FMMP2024",8.8,80.00,,,,0,,4.5
8/5/2024 0:00:00,"MBO","FMMP2024",12.2,80.00,,,,0,,5
8/6/2024 0:00:00,"MBO","FMMP2024",13.5,80.00,,,,0,,5
8/7/2024 0:00:00,"MBO","FMMP2024",6,80.00,,,,0,,4.5
8/7/2024 0:00:00,"MBO","NICHOIR",,,,,,0,,
8/8/2024 0:00:00,"MBO","FMMP2024",8,80.00,,,,0,,4.5
8/9/2024 0:00:00,"MBO","FMMP2024",,,,,,0,,
8/10/2024 0:00:00,"MBO","FMMP2024",7,70.00,,,,0,,4
8/11/2024 0:00:00,"MBO","FMMP2024",5.5,80.00,,,,0,,4
8/12/2024 0:00:00,"MBO","FMMP2024",11.2,80.00,,,,0,,5
8/13/2024 0:00:00,"MBO","FMMP2024",13.5,80.00,,,,0,,5
8/14/2024 0:00:00,"MBO","FMMP2024",7.8,80.00,,,,0,,4.5
8/14/2024 0:00:00,"MBO","NICHOIR",,,,,,0,,
8/15/2024 0:00:00,"MBO","FMMP2024",9.2,80.00,,,,0,,5
8/16/2024 0:00:00,"MBO","FMMP2024",7,80.00,,,,0,,4.5
8/17/2024 0:00:00,"MBO","FMMP2024",5,80.00,,,,0,,4
8/18/2024 0:00:00,"MBO","FMMP2024",7.8,80.00,,,,0,,4.5
8/19/2024 0:00:00,"MBO","FMMP2024",6,80.00,,,,0,,4.5
8/20/2024 0:00:00,"MBO","FMMP2024",6.5,80.00,,,,0,,4.5
8/21/2024 0:00:00,"MBO","FMMP2024",,,,,,0,,
8/21/2024 0:00:00,"MBO","NICHOIR",,,,,,0,,
8/22/2024 0:00:00,"MBO","FMMP2024",3.8,80.00,,,,0,,4
8/23/2024 0:00:00,"MBO","FMMP2024",9.8,80.00,,,,0,,5
8/24/2024 0:00:00,"MBO","FMMP2024",6.5,80.00,,,,0,,4.5
8/25/2024 0:00:00,"MBO","FMMP2024",7.2,80.00,,,,0,,4.5
8/26/2024 0:00:00,"MBO","FMMP2024",4.8,48.00,,,,0,,3
8/27/2024 0:00:00,"MBO","FMMP2024",9.5,80.00,,,,0,,5
8/28/2024 0:00:00,"MBO","FMMP2024",9,80.00,,,,0,,5
8/29/2024 0:00:00,"MBO","FMMP2024",11.5,80.00,,,,0,,5
8/29/2024 0:00:00,"MBO","NICHOIR",,,,,,0,,
8/30/2024 0:00:00,"MBO","FMMP2024",6.5,80.00,,,,0,,4.5
8/31/2024 0:00:00,"MBO","FMMP2024",6.5,64.00,,,,0,,4
9/1/2024 0:00:00,"MBO","FMMP2024",10.8,80.00,,,,0,,5
9/2/2024 0:00:00,"MBO","FMMP2024",8.5,80.00,,,,0,,4.5
9/3/2024 0:00:00,"MBO","FMMP2024",12,79.00,,,,0,,5
9/4/2024 0:00:00,"MBO","FMMP2024",11.2,80.00,,,,0,,5
9/5/2024 0:00:00,"MBO","FMMP2024",9.2,80.00,,,,0,,5
9/6/2024 0:00:00,"MBO","FMMP2024",10.2,80.00,,,,0,,5
9/7/2024 0:00:00,"MBO","FMMP2024",11,80.00,,,,0,,5
9/8/2024 0:00:00,"MBO","FMMP2024",15.5,68.00,,,,0,,4.5
9/9/2024 0:00:00,"MBO","FMMP2024",8.2,80.00,,,,0,,4.5
9/10/2024 0:00:00,"MBO","FMMP2024",10,80.00,,,,0,,5
9/11/2024 0:00:00,"MBO","FMMP2024",8.2,80.00,,,,0,,4.5
9/12/2024 0:00:00,"MBO","FMMP2024",10.2,80.00,,,,0,,5
9/13/2024 0:00:00,"MBO","FMMP2024",7.5,80.00,,,,0,,4.5
9/14/2024 0:00:00,"MBO","FMMP2024",8.5,80.00,,,,0,,4.5
9/15/2024 0:00:00,"MBO","FMMP2024",0,,,,,0,,1
9/16/2024 0:00:00,"MBO","FMMP2024",10.2,80.00,,,,0,,5
9/17/2024 0:00:00,"MBO","FMMP2024",14.2,80.00,,,,0,,5
9/18/2024 0:00:00,"MBO","FMMP2024",12.5,80.00,,,,0,,5
9/19/2024 0:00:00,"MBO","FMMP2024",10,80.00,,,,0,,5
9/20/2024 0:00:00,"MBO","FMMP2024",8.2,80.00,,,,0,,4.5
9/21/2024 0:00:00,"MBO","FMMP2024",16.5,80.00,,,,0,,5
9/22/2024 0:00:00,"MBO","FMMP2024",14.2,80.00,,,,0,,5
9/23/2024 0:00:00,"MBO","FMMP2024",4,32.00,,,,0,,3
9/24/2024 0:00:00,"MBO","FMMP2024",12.2,80.00,,,,0,,5
9/25/2024 0:00:00,"MBO","FMMP2024",0,,,,,0,,1
9/26/2024 0:00:00,"MBO","FMMP2024",3,15.00,,,,0,,2.5
9/26/2024 0:00:00,"MBO","OWLS2023",,0.00,,,,0,,
9/26/2024 0:00:00,"MBO","OWLS2024",,,,,,0,,
9/27/2024 0:00:00,"MBO","FMMP2024",10,80.00,,,,0,,5
9/27/2024 0:00:00,"MBO","OWLS2024",,,,,,0,,
9/28/2024 0:00:00,"MBO","FMMP2024",11.8,80.00,,,,0,,5
9/28/2024 0:00:00,"MBO","OWLS2024",,,,,,0,,
9/29/2024 0:00:00,"MBO","FMMP2024",11.5,80.00,,,,0,,5
9/29/2024 0:00:00,"MBO","OWLS2024",,,,,,0,,
9/30/2024 0:00:00,"MBO","FMMP2024",14,80.00,,,,0,,5
9/30/2024 0:00:00,"MBO","OWLS2024",,,,,,0,,
10/1/2024 0:00:00,"MBO","FMMP2024",8.5,80.00,,,,0,,4.5
10/1/2024 0:00:00,"MBO","OWLS2024",,,,,,0,,
10/2/2024 0:00:00,"MBO","FMMP2024",5.2,80.00,,,,0,,4
10/2/2024 0:00:00,"MBO","OWLS2024",,,,,,0,,
10/3/2024 0:00:00,"MBO","FMMP2024",6,80.00,,,,0,,4.5
10/3/2024 0:00:00,"MBO","OWLS2024",,,,,,0,,
10/4/2024 0:00:00,"MBO","FMMP2024",11,80.00,,,,0,,5
10/4/2024 0:00:00,"MBO","OWLS2024",,,,,,0,,
10/5/2024 0:00:00,"MBO","FMMP2024",9,80.00,,,,0,,5
10/5/2024 0:00:00,"MBO","OWLS2024",,,,,,0,,
10/6/2024 0:00:00,"MBO","FMMP2024",7.8,80.00,,,,0,,4.5
10/6/2024 0:00:00,"MBO","OWLS2024",,,,,,0,,
10/7/2024 0:00:00,"MBO","FMMP2024",10.5,70.00,,,,0,,4.5
10/7/2024 0:00:00,"MBO","OWLS2024",,,,,,0,,
10/8/2024 0:00:00,"MBO","FMMP2024",15,80.00,,,,0,,5
10/8/2024 0:00:00,"MBO","OWLS2024",,,,,,0,,
10/9/2024 0:00:00,"MBO","FMMP2024",15,80.00,,,,0,,5
10/9/2024 0:00:00,"MBO","OWLS2024",,,,,,0,,
10/10/2024 0:00:00,"MBO","FMMP2024",12.2,80.00,,,,0,,5
10/10/2024 0:00:00,"MBO","OWLS2024",,,,,,0,,
10/11/2024 0:00:00,"MBO","FMMP2024",11.2,80.00,,,,0,,5
10/11/2024 0:00:00,"MBO","OWLS2024",,,,,,0,,
10/12/2024 0:00:00,"MBO","FMMP2024",7,18.00,,,,0,,3
10/12/2024 0:00:00,"MBO","OWLS2024",,,,,,0,,
10/13/2024 0:00:00,"MBO","FMMP2024",8.5,80.00,,,,0,,4.5
10/13/2024 0:00:00,"MBO","OWLS2024",,,,,,0,,
10/14/2024 0:00:00,"MBO","FMMP2024",6,24.00,,,,0,,3
10/14/2024 0:00:00,"MBO","OWLS2024",,,,,,0,,
10/15/2024 0:00:00,"MBO","FMMP2024",9.5,80.00,,,,0,,5
10/16/2024 0:00:00,"MBO","FMMP2024",13.2,80.00,,,,0,,5
10/16/2024 0:00:00,"MBO","OWLS2024",,,,,,0,,
10/17/2024 0:00:00,"MBO","FMMP2024",13.8,80.00,,,,0,,5
10/17/2024 0:00:00,"MBO","OWLS2024",,,,,,0,,
10/18/2024 0:00:00,"MBO","FMMP2024",15.8,80.00,,,,0,,5
10/18/2024 0:00:00,"MBO","OWLS2024",,,,,,0,,
10/19/2024 0:00:00,"MBO","FMMP2024",11.5,80.00,,,,0,,5
10/19/2024 0:00:00,"MBO","OWLS2024",,,,,,0,,
10/20/2024 0:00:00,"MBO","FMMP2024",20,80.00,,,,0,,5
10/21/2024 0:00:00,"MBO","FMMP2024",9,80.00,,,,0,,5
10/21/2024 0:00:00,"MBO","OWLS2024",,,,,,0,,
10/22/2024 0:00:00,"MBO","FMMP2024",11,80.00,,,,0,,5
10/22/2024 0:00:00,"MBO","OWLS2024",,,,,,0,,
10/23/2024 0:00:00,"MBO","FMMP2024",17.5,64.85,,,,0,,4.5
10/23/2024 0:00:00,"MBO","OWLS2024",,,,,,0,,
10/24/2024 0:00:00,"MBO","FMMP2024",14.8,80.00,,,,0,,5
10/24/2024 0:00:00,"MBO","OWLS2024",,,,,,0,,
10/25/2024 0:00:00,"MBO","FMMP2024",7.2,80.00,,,,0,,4.5
10/25/2024 0:00:00,"MBO","OWLS2024",,,,,,0,,
10/26/2024 0:00:00,"MBO","FMMP2024",8.5,58.50,,,,0,,4
10/26/2024 0:00:00,"MBO","OWLS2024",,,,,,0,,
10/27/2024 0:00:00,"MBO","FMMP2024",12,80.00,,,,0,,5
10/27/2024 0:00:00,"MBO","OWLS2024",,,,,,0,,
10/28/2024 0:00:00,"MBO","FMMP2024",,,,,,0,,1
10/28/2024 0:00:00,"MBO","OWLS2024",,,,,,0,,
10/29/2024 0:00:00,"MBO","FMMP2024",10.5,80.00,,,,0,,5
10/29/2024 0:00:00,"MBO","OWLS2024",,,,,,0,,
10/30/2024 0:00:00,"MBO","FMMP2024",10,80.00,,,,0,,5
10/31/2024 0:00:00,"MBO","FMMP2024",16.5,80.00,,,,0,,5
11/1/2024 0:00:00,"MBO","FMMP2024",7.5,80.00,,,,0,,4.5
11/1/2024 0:00:00,"MBO","OWLS2024",,,,,,0,,
11/2/2024 0:00:00,"MBO","FMMP2024",15.8,80.00,,,,0,,5
11/2/2024 0:00:00,"MBO","OWLS2024",,,,,,0,,
11/3/2024 0:00:00,"MBO","FMMP2024",11.5,80.00,,,,0,,5
11/3/2024 0:00:00,"MBO","OWLS2024",,,,,,0,,
11/4/2024 0:00:00,"MBO","FMMP2024",8.8,80.00,,,,0,,4.5
11/5/2024 0:00:00,"MBO","FMMP2024",13.5,80.00,,,,0,,5
11/6/2024 0:00:00,"MBO","FMMP2024",10.5,51.20,,,,0,,4.5
11/7/2024 0:00:00,"MBO","WINTER2024-25",,,,,,0,,
11/12/2024 0:00:00,"MBO","WINTER2024-25",,,,,,0,,
11/13/2024 0:00:00,"MBO","WINTER2024-25",,,,,,0,,
11/15/2024 0:00:00,"MBO","WINTER2024-25",,,,,,0,,
12/18/2024 0:00:00,"MBO","WINTER2024-25",,,,,,0,,
2/2/2025 0:00:00,"MBO","WINTER2024-25",,,,,,0,,
2/26/2025 0:00:00,"MBO","WINTER2024-25",,,,,,0,,
3/29/2025 0:00:00,"MBO","SMMP2025",,,,,,0,,1
3/30/2025 0:00:00,"MBO","SMMP2025",,,,,,0,,1
3/31/2025 0:00:00,"MBO","SMMP2025",,,,,,0,,1
4/1/2025 0:00:00,"MBO","SMMP2025",,,,,,0,,1
4/2/2025 0:00:00,"CHBL","BANDINGDEMOS",,,,,,0,,
4/2/2025 0:00:00,"MBO","SMMP2025",,,,,,0,,1
4/3/2025 0:00:00,"MBO","SMMP2025",,,,,,0,,1
4/4/2025 0:00:00,"MBO","SMMP2025",,,,,,0,,1
4/5/2025 0:00:00,"MBO","SMMP2025",,,,,,0,,1
4/6/2025 0:00:00,"MBO","SMMP2025",,,,,,0,,1
4/7/2025 0:00:00,"MBO","SMMP2025",,,,,,0,,1
4/8/2025 0:00:00,"MBO","SMMP2025",,,,,,0,,1
4/9/2025 0:00:00,"MBO","SMMP2025",,,,,,0,,1
4/10/2025 0:00:00,"MBO","SMMP2025",,,,,,0,,1
4/11/2025 0:00:00,"MBO","SMMP2025",,,,,,0,,1
4/12/2025 0:00:00,"MBO","SMMP2025",,,,,,0,,1
4/13/2025 0:00:00,"MBO","SMMP2025",,,,,,0,,1
4/14/2025 0:00:00,"MBO","SMMP2025",,,,,,0,,1
4/15/2025 0:00:00,"MBO","SMMP2025",,,,,,0,,1
4/16/2025 0:00:00,"MBO","SMMP2025",,,,,,0,,1
4/17/2025 0:00:00,"MBO","SMMP2025",,,,,,0,,1
4/18/2025 0:00:00,"MBO","SMMP2025",17.5,80.00,,,,0,,5
4/19/2025 0:00:00,"MBO","SMMP2025",,,,,,0,,1
4/20/2025 0:00:00,"MBO","SMMP2025",14,80.00,,,,0,,5
4/21/2025 0:00:00,"MBO","SMMP2025",19.8,80.00,,,,0,,5
4/22/2025 0:00:00,"MBO","SMMP2025",11.5,80.00,,,,0,,5
4/23/2025 0:00:00,"MBO","SMMP2025",16,80.00,,,,0,,5
4/24/2025 0:00:00,"MBO","SMMP2025",16,80.00,,,,0,,5
4/25/2025 0:00:00,"MBO","SMMP2025",13.5,80.00,,,,0,,5
4/26/2025 0:00:00,"MBO","SMMP2025",6,32.00,,,,0,,3.5
4/27/2025 0:00:00,"MBO","SMMP2025",8,3.00,,,,0,,3
4/28/2025 0:00:00,"MBO","SMMP2025",17.8,80.00,,,,0,,5
4/29/2025 0:00:00,"MBO","SMMP2025",24.8,80.00,,,,0,,5
4/30/2025 0:00:00,"MBO","SMMP2025",22,80.00,,,,0,,5
5/1/2025 0:00:00,"MBO","SMMP2025",15.8,80.00,,,,0,,5
5/2/2025 0:00:00,"MBO","SMMP2025",7.8,0.30,,,,0,,2.5
5/3/2025 0:00:00,"MBO","SMMP2025",14.5,80.00,,,,0,,5
5/4/2025 0:00:00,"MBO","SMMP2025",12,80.00,,,,0,,5
5/5/2025 0:00:00,"MBO","SMMP2025",17,73.00,,,,0,,4.5
5/6/2025 0:00:00,"MBO","SMMP2025",0,,,,,0,,1
5/7/2025 0:00:00,"MBO","SMMP2025",25.5,80.00,,,,0,,5
5/8/2025 0:00:00,"MBO","SMMP2025",15.8,23.00,,,,0,,3.5
5/9/2025 0:00:00,"MBO","SMMP2025",11.5,52.80,,,,0,,4.5
5/10/2025 0:00:00,"MBO","SMMP2025",3.5,3.00,,,,0,,2.5
5/11/2025 0:00:00,"MBO","SMMP2025",20.5,80.00,,,,0,,5
5/12/2025 0:00:00,"MBO","SMMP2025",14,80.00,,,,0,,5
5/13/2025 0:00:00,"MBO","SMMP2025",12.5,80.00,,,,0,,5
5/14/2025 0:00:00,"MBO","SMMP2025",25,80.00,,,,0,,5
5/15/2025 0:00:00,"MBO","SMMP2025",15.5,80.00,,,,0,,5
5/16/2025 0:00:00,"MBO","SMMP2025",10.2,80.00,,,,0,,5
5/17/2025 0:00:00,"MBO","SMMP2025",9.8,80.00,,,,0,,5
5/18/2025 0:00:00,"MBO","SMMP2025",8,80.00,,,,0,,4.5
5/19/2025 0:00:00,"MBO","SMMP2025",18.5,80.00,,,,0,,5
5/20/2025 0:00:00,"CIBE","NEST2025",,,,,,0,,
5/20/2025 0:00:00,"MBO","SMMP2025",12.2,80.00,,,,0,,5
5/21/2025 0:00:00,"MBO","SMMP2025",17.2,66.40,,,,0,,4.5
5/22/2025 0:00:00,"MBO","SMMP2025",12.2,50.40,,,,0,,4.5
5/23/2025 0:00:00,"MBO","SMMP2025",10.8,80.00,,,,0,,5
5/24/2025 0:00:00,"MBO","SMMP2025",3.8,70.40,,,,0,,3.5
5/25/2025 0:00:00,"MBO","SMMP2025",12,,,,,0,,3
5/26/2025 0:00:00,"MBO","SMMP2025",18.8,80.00,,,,0,,5
5/27/2025 0:00:00,"CIBE","NEST2025",,,,,,0,,
5/27/2025 0:00:00,"MBO","SMMP2025",16.2,80.00,,,,0,,5
5/28/2025 0:00:00,"MBO","SMMP2025",22.8,80.00,,,,0,,5
5/29/2025 0:00:00,"MBO","SMMP2025",18.2,80.00,,,,0,,5
5/30/2025 0:00:00,"MBO","SMMP2025",11.5,80.00,,,,0,,5
5/31/2025 0:00:00,"MBO","SMMP2025",13.5,80.00,,,,0,,5
6/1/2025 0:00:00,"MBO","SMMP2025",6,,,,,0,,2.5
6/2/2025 0:00:00,"MBO","SMMP2025",,,,,,0,,1
6/3/2025 0:00:00,"MBO","SMMP2025",,,,,,0,,1
6/4/2025 0:00:00,"MBO","SMMP2025",,,,,,0,,1
6/5/2025 0:00:00,"MBO","SMMP2025",,,,,,0,,1
6/6/2025 0:00:00,"SBL","SEAT2025",,,,,,0,,
6/7/2025 0:00:00,"MBO","MAPS2025",,,,,,0,,
6/7/2025 0:00:00,"SBL","SEAT2025",,,,,,0,,
6/8/2025 0:00:00,"PCC","Nest2025",,,,,,0,,
6/8/2025 0:00:00,"SBL","SEAT2025",,,,,,0,,
6/9/2025 0:00:00,"SBL","SEAT2025",,,,,,0,,
6/10/2025 0:00:00,"SBL","SEAT2025",,,,,,0,,
6/10/2025 0:00:00,"TECH","NEST2025",,,,,,0,,
6/11/2025 0:00:00,"SBL","SEAT2025",,,,,,0,,
6/11/2025 0:00:00,"VISE","NEST2025",,,,,,0,,
6/12/2025 0:00:00,"AK54","AMKE2025",,,,,,0,,
6/13/2025 0:00:00,"AK901","NEST2025",,,,,,0,,
6/13/2025 0:00:00,"CIBE","NEST2025",,,,,,0,,
6/14/2025 0:00:00,"MAC","NEST2025",,,,,,0,,
6/14/2025 0:00:00,"TECH","NEST2025",,,,,,0,,
6/15/2025 0:00:00,"PCC","Nest2025",,,,,,0,,
6/16/2025 0:00:00,"CIBE","NEST2025",,,,,,0,,
6/17/2025 0:00:00,"CHBL","NEST2025",,,,,,0,,
6/17/2025 0:00:00,"MAC","NEST2025",,,,,,0,,
6/17/2025 0:00:00,"MBO","MAPS2025",,,,,,0,,
6/17/2025 0:00:00,"MBO","NEST2025",,,,,,0,,
6/21/2025 0:00:00,"PCC","Nest2025",,,,,,0,,
6/22/2025 0:00:00,"AK19","AMKE2025",,,,,,0,,
6/22/2025 0:00:00,"AK47","AMKE2025",,,,,,0,,
6/22/2025 0:00:00,"AK56","AMKE2025",,,,,,0,,
6/22/2025 0:00:00,"AK61","AMKE2025",,,,,,0,,
6/22/2025 0:00:00,"AK66","AMKE2025",,,,,,0,,
6/22/2025 0:00:00,"AK85","AMKE2025",,,,,,0,,
6/22/2025 0:00:00,"CIBE","NEST2025",,,,,,0,,
6/22/2025 0:00:00,"TECH","NEST2025",,,,,,0,,
6/23/2025 0:00:00,"AK105","AMKE2025",,,,,,0,,
6/24/2025 0:00:00,"KANA","NEST2025",,,,,,0,,
6/24/2025 0:00:00,"KANA1","NEST2025",,,,,,0,,
6/26/2025 0:00:00,"MBO","MAPS2025",,,,,,0,,
6/27/2025 0:00:00,"AK901","AMKE2025",,,,,,0,,
6/27/2025 0:00:00,"AK904","AMKE2025",,,,,,0,,
6/29/2025 0:00:00,"AK06","AMKE2025",,,,,,0,,
6/29/2025 0:00:00,"AK111","AMKE2025",,,,,,0,,
6/29/2025 0:00:00,"AK21","AMKE2025",,,,,,0,,
6/29/2025 0:00:00,"AK23","AMKE2025",,,,,,0,,
6/29/2025 0:00:00,"AK73","AMKE2025",,,,,,0,,
6/29/2025 0:00:00,"AK78","AMKE2025",,,,,,0,,
6/29/2025 0:00:00,"MBO","AMKE2025",,,,,,0,,
6/29/2025 0:00:00,"PCC","Nest2025",,,,,,0,,
6/30/2025 0:00:00,"AK01","AMKE2025",,,,,,0,,
6/30/2025 0:00:00,"AK09","AMKE2025",,,,,,0,,
6/30/2025 0:00:00,"AK60","AMKE2025",,,,,,0,,
6/30/2025 0:00:00,"AK65","AMKE2025",,,,,,0,,
6/30/2025 0:00:00,"AK67","AMKE2025",,,,,,0,,
6/30/2025 0:00:00,"AK84","AMKE2025",,,,,,0,,
6/30/2025 0:00:00,"MBO","AMKE2025",,,,,,0,,
7/2/2025 0:00:00,"AK107","AMKE2025",,,,,,0,,
7/2/2025 0:00:00,"MAC","NEST2025",,,,,,0,,
7/2/2025 0:00:00,"MBO","MAPS2025",,,,,,0,,
7/2/2025 0:00:00,"MBO","NEST2025",,,,,,0,,
7/2/2025 0:00:00,"PCC","Nest2025",,,,,,0,,
7/2/2025 0:00:00,"VISE","NEST2025",,,,,,0,,
7/3/2025 0:00:00,"AK106","AMKE2025",,,,,,0,,
7/6/2025 0:00:00,"AK57","AMKE2025",,,,,,0,,
7/7/2025 0:00:00,"PCC","Nest2025",,,,,,0,,
7/8/2025 0:00:00,"AK110","NEST2025",,,,,,0,,
7/8/2025 0:00:00,"CIBE","NEST2025",,,,,,0,,
7/11/2025 0:00:00,"PCC","Nest2025",,,,,,0,,
7/12/2025 0:00:00,"PCC","Nest2025",,,,,,0,,
7/15/2025 0:00:00,"PCC","Nest2025",,,,,,0,,
7/16/2025 0:00:00,"PCC","Nest2025",,,,,,0,,
7/19/2025 0:00:00,"MBO","MAPS2025",,,,,,0,,
7/21/2025 0:00:00,"PCC","Nest2025",,,,,,0,,
7/24/2025 0:00:00,"MBO","MAPS2025",,,,,,0,,
7/31/2025 0:00:00,"MBO","MAPS2025",,,,,,0,,
8/1/2025 0:00:00,"MBO","FMMP2025",13,80.00,,,,0,,5
8/2/2025 0:00:00,"MBO","FMMP2025",10.5,80.00,,,,0,,5
8/2/2025 0:00:00,"PCC","Nest2025",,,,,,0,,
8/3/2025 0:00:00,"MBO","FMMP2025",7,60.00,,,,0,,4
8/4/2025 0:00:00,"MBO","FMMP2025",10.2,80.00,,,,0,,5
8/5/2025 0:00:00,"MBO","FMMP2025",6.2,80.00,,,,0,,4.5
8/6/2025 0:00:00,"MBO","FMMP2025",12.8,80.00,,,,0,,5
8/7/2025 0:00:00,"MBO","FMMP2025",9.6,80.00,,,,0,,5
8/8/2025 0:00:00,"MBO","FMMP2025",8,80.00,,,,0,,4.5
8/9/2025 0:00:00,"MBO","FMMP2025",3.5,80.00,,,,0,,4
8/10/2025 0:00:00,"MBO","FMMP2025",13.5,80.00,,,,0,,5
8/11/2025 0:00:00,"MBO","FMMP2025",7.5,0.00,,,,0,,2.5
8/12/2025 0:00:00,"MBO","FMMP2025",10.5,74.40,,,,0,,4.5
8/13/2025 0:00:00,"MBO","FMMP2025",14.8,52.00,,,,0,,4.5
8/14/2025 0:00:00,"MBO","FMMP2025",17.5,80.00,,,,0,,5
8/15/2025 0:00:00,"MBO","FMMP2025",9.5,80.00,,,,0,,5
8/16/2025 0:00:00,"MBO","FMMP2025",15,80.00,,,,0,,5
8/17/2025 0:00:00,"MBO","FMMP2025",7.5,55.20,,,,0,,4
8/18/2025 0:00:00,"MBO","FMMP2025",12.5,80.00,,,,0,,5
8/19/2025 0:00:00,"MBO","FMMP2025",12,80.00,,,,0,,5
8/19/2025 0:00:00,"NICH","NICHOIR",,,,,,0,,
8/20/2025 0:00:00,"MBO","FMMP2025",15.5,80.00,,,,0,,5
8/21/2025 0:00:00,"MBO","FMMP2025",11.8,80.00,,,,0,,5
8/22/2025 0:00:00,"MBO","FMMP2025",12.5,80.00,,,,0,,5
8/23/2025 0:00:00,"MBO","FMMP2025",8,80.00,,,,0,,4.5
8/24/2025 0:00:00,"MBO","FMMP2025",7.2,61.60,,,,0,,4
8/25/2025 0:00:00,"MBO","FMMP2025",19,80.00,,,,0,,5
8/26/2025 0:00:00,"MBO","FMMP2025",11.2,78.50,,,,0,,5
8/27/2025 0:00:00,"MBO","FMMP2025",10.5,80.00,,,,0,,5
8/28/2025 0:00:00,"MBO","FMMP2025",6,72.00,,,,0,,4
8/29/2025 0:00:00,"MBO","FMMP2025",8,46.40,,,,0,,3.5
8/30/2025 0:00:00,"MBO","FMMP2025",3.5,36.00,,,,0,,3
8/31/2025 0:00:00,"MBO","FMMP2025",1.5,80.00,,,,0,,3.5
9/1/2025 0:00:00,"MBO","FMMP2025",15,80.00,,,,0,,5
9/2/2025 0:00:00,"MBO","FMMP2025",13.2,80.00,,,,0,,5
9/3/2025 0:00:00,"MBO","FMMP2025",16.8,80.00,,,,0,,5
9/4/2025 0:00:00,"MBO","FMMP2025",11.2,80.00,,,,0,,5
9/5/2025 0:00:00,"MBO","FMMP2025",14.2,80.00,,,,0,,5
9/6/2025 0:00:00,"MBO","FMMP2025",9,80.00,,,,0,,5
9/7/2025 0:00:00,"MBO","FMMP2025",11,80.00,,,,0,,5
9/8/2025 0:00:00,"MBO","FMMP2025",11.5,80.00,,,,0,,5
9/9/2025 0:00:00,"MBO","FMMP2025",8,80.00,,,,0,,4.5
9/10/2025 0:00:00,"MBO","FMMP2025",14.5,80.00,,,,0,,5
9/11/2025 0:00:00,"MBO","FMMP2025",12.2,80.00,,,,0,,5
9/12/2025 0:00:00,"MBO","FMMP2025",10.2,80.00,,,,0,,5
9/13/2025 0:00:00,"MBO","FMMP2025",13,80.00,,,,0,,5
9/14/2025 0:00:00,"MBO","FMMP2025",11.5,80.00,,,,0,,5
9/15/2025 0:00:00,"MBO","FMMP2025",15,80.00,,,,0,,5
9/16/2025 0:00:00,"MBO","FMMP2025",17,80.00,,,,0,,5
9/17/2025 0:00:00,"MBO","FMMP2025",15.5,80.00,,,,0,,5
9/18/2025 0:00:00,"MBO","FMMP2025",15.8,80.00,,,,0,,5
9/19/2025 0:00:00,"MBO","FMMP2025",20.2,80.00,,,,0,,5
9/20/2025 0:00:00,"MBO","FMMP2025",12.5,80.00,,,,0,,5
9/21/2025 0:00:00,"MBO","FMMP2025",21.8,80.00,,,,0,,5
9/22/2025 0:00:00,"MBO","FMMP2025",12.5,80.00,,,,0,,5
9/23/2025 0:00:00,"MBO","FMMP2025",0,,,,,0,,1
9/24/2025 0:00:00,"MBO","FMMP2025",14,80.00,,,,0,,5
9/25/2025 0:00:00,"MBO","FMMP2025",4.5,18.00,,,,0,,2.5
9/26/2025 0:00:00,"MBO","FMMP2025",10.5,80.00,,,,0,,5
9/26/2025 0:00:00,"MBO","OWLS2025",,,,,,0,,
9/27/2025 0:00:00,"MBO","FMMP2025",11,80.00,,,,0,,5
9/27/2025 0:00:00,"MBO","OWLS2025",,,,,,0,,
9/28/2025 0:00:00,"MBO","FMMP2025",10.2,80.00,,,,0,,5
9/28/2025 0:00:00,"MBO","OWLS2025",,,,,,0,,
9/29/2025 0:00:00,"MBO","FMMP2025",13.5,80.00,,,,0,,5
9/29/2025 0:00:00,"MBO","OWLS2025",,,,,,0,,
9/30/2025 0:00:00,"MBO","FMMP2025",13.2,80.00,,,,0,,5
9/30/2025 0:00:00,"MBO","OWLS2025",,,,,,0,,
10/1/2025 0:00:00,"MBO","FMMP2025",14.8,80.00,,,,0,,5
10/1/2025 0:00:00,"MBO","OWLS2025",,,,,,0,,
10/2/2025 0:00:00,"MBO","FMMP2025",15.8,80.00,,,,0,,5
10/2/2025 0:00:00,"MBO","OWLS2025",,,,,,0,,
10/3/2025 0:00:00,"MBO","FMMP2025",11,80.00,,,,0,,5
10/3/2025 0:00:00,"MBO","OWLS2025",,,,,,0,,
10/4/2025 0:00:00,"MBO","FMMP2025",12.5,80.00,,,,0,,5
10/4/2025 0:00:00,"MBO","OWLS2025",,,,,,0,,
10/5/2025 0:00:00,"MBO","FMMP2025",17.5,80.00,,,,0,,5
10/5/2025 0:00:00,"MBO","OWLS2025",,0.00,,,,0,,
10/6/2025 0:00:00,"MBO","FMMP2025",15.2,80.00,,,,0,,5
10/6/2025 0:00:00,"MBO","OWLS2025",,,,,,0,,
10/7/2025 0:00:00,"MBO","FMMP2025",12,68.00,,,,0,,4.5
10/8/2025 0:00:00,"MBO","FMMP2025",12,80.00,,,,0,,5
10/8/2025 0:00:00,"MBO","OWLS2025",,,,,,0,,
10/9/2025 0:00:00,"MBO","FMMP2025",14.8,80.00,,,,0,,5
10/9/2025 0:00:00,"MBO","OWLS2025",,,,,,0,,
10/10/2025 0:00:00,"MBO","FMMP2025",13.5,69.00,,,,0,,4.5
10/10/2025 0:00:00,"MBO","OWLS2025",,,,,,0,,
10/11/2025 0:00:00,"MBO","FMMP2025",11.5,80.00,,,,0,,5
10/11/2025 0:00:00,"MBO","OWLS2025",,,,,,0,,
10/12/2025 0:00:00,"MBO","FMMP2025",21,80.00,,,,0,,5
10/12/2025 0:00:00,"MBO","OWLS2025",,,,,,0,,
10/13/2025 0:00:00,"MBO","FMMP2025",16.8,80.00,,,,0,,5
10/13/2025 0:00:00,"MBO","OWLS2025",,,,,,0,,
10/14/2025 0:00:00,"MBO","FMMP2025",28,80.00,,,,0,,5
10/14/2025 0:00:00,"MBO","OWLS2025",,,,,,0,,
10/15/2025 0:00:00,"MBO","FMMP2025",12.5,80.00,,,,0,,5
10/15/2025 0:00:00,"MBO","OWLS2025",,,,,,0,,
10/16/2025 0:00:00,"MBO","FMMP2025",17.8,80.00,,,,0,,5
10/16/2025 0:00:00,"MBO","OWLS2025",,,,,,0,,
10/17/2025 0:00:00,"MBO","FMMP2025",18.8,80.00,,,,0,,5
10/17/2025 0:00:00,"MBO","OWLS2025",,,,,,0,,
10/18/2025 0:00:00,"MBO","FMMP2025",11.8,80.00,,,,0,,5
10/18/2025 0:00:00,"MBO","OWLS2025",,,,,,0,,
10/19/2025 0:00:00,"MBO","FMMP2025",13.2,80.00,,,,0,,5
10/20/2025 0:00:00,"MBO","FMMP2025",,,,,,0,,1
10/21/2025 0:00:00,"MBO","FMMP2025",7.5,59.00,,,,0,,4
10/21/2025 0:00:00,"MBO","OWLS2025",,,,,,0,,
10/22/2025 0:00:00,"MBO","FMMP2025",28.5,80.00,,,,0,,5
10/22/2025 0:00:00,"MBO","OWLS2025",,,,,,0,,
10/23/2025 0:00:00,"MBO","FMMP2025",5.8,60.00,,,,0,,3.5
10/23/2025 0:00:00,"MBO","OWLS2025",,,,,,0,,
10/24/2025 0:00:00,"MBO","FMMP2025",8.8,80.00,,,,0,,4.5
10/24/2025 0:00:00,"MBO","OWLS2025",,,,,,0,,
10/25/2025 0:00:00,"MBO","FMMP2025",9,80.00,,,,0,,5
10/25/2025 0:00:00,"MBO","OWLS2025",,,,,,0,,
10/26/2025 0:00:00,"MBO","FMMP2025",8.5,80.00,,,,0,,4.5
10/26/2025 0:00:00,"MBO","OWLS2025",,,,,,0,,
10/27/2025 0:00:00,"MBO","FMMP2025",13.2,80.00,,,,0,,5
10/27/2025 0:00:00,"MBO","OWLS2025",,,,,,0,,
10/28/2025 0:00:00,"MBO","FMMP2025",12.2,80.00,,,,0,,5
10/28/2025 0:00:00,"MBO","OWLS2025",,,,,,0,,
10/29/2025 0:00:00,"MBO","FMMP2025",17.2,80.00,,,,0,,5
10/29/2025 0:00:00,"MBO","OWLS2025",,0.00,,,,0,,
10/30/2025 0:00:00,"MBO","FMMP2025",3,20.00,,,,0,,2.5
10/31/2025 0:00:00,"MBO","FMMP2025",0,,,,,0,,1
11/1/2025 0:00:00,"MBO","FMMP2025",0,,,,,0,,1
11/1/2025 0:00:00,"MBO","OWLS2025",,,,,,0,,
11/2/2025 0:00:00,"MBO","FMMP2025",14.5,80.00,,,,0,,5
11/2/2025 0:00:00,"MBO","OWLS2025",,0.00,,,,0,,
11/3/2025 0:00:00,"MBO","FMMP2025",11.5,80.00,,,,0,,5
11/4/2025 0:00:00,"MBO","FMMP2025",24.2,61.20,,,,0,,4.5
11/4/2025 0:00:00,"MBO","OWLS2025",,,,,,0,,
11/5/2025 0:00:00,"MBO","FMMP2025",14.2,80.00,,,,0,,5
11/6/2025 0:00:00,"MBO","FMMP2025",16.5,80.00,,,,0,,5
11/6/2025 0:00:00,"MBO","OWLS2025",,,,,,0,,
11/20/2025 0:00:00,"MBO","WINTER2025-26",,,,,,0,,
1/24/2026 0:00:00,"MTCH","SNBU2025-26",,,,,,0,,
2/8/2026 0:00:00,"MTCH","SNBU2025-26",,,,,,0,,
